Make,Model,Price,Year,Kilometer,Fuel Type,Transmission,Location,Color,Seller Type,Engine,Max Power,Max Torque,Drivetrain,Length,Width,Height,Seating Capacity,Fuel Tank Capacity,Class
Honda,Amaze 1.2 VX i-VTEC,505000,2017,87150,Petrol,Manual,Pune,Grey,Corporate,1198 cc,87 bhp @ 6000 rpm,109 Nm @ 4500 rpm,FWD,3990,1680,1505,5,35,First
Maruti Suzuki,Swift DZire VDI,450000,2014,75000,Diesel,Manual,Ludhiana,White,Individual,1248 cc,74 bhp @ 4000 rpm,190 Nm @ 2000 rpm,FWD,3995,1695,1555,5,42,Second
Hyundai,i10 Magna 1.2 Kappa2,220000,2011,67000,Petrol,Manual,Lucknow,Maroon,Individual,1197 cc,79 bhp @ 6000 rpm,112.7619 Nm @ 4000 rpm,FWD,3585,1595,1550,5,35,First
Toyota,Glanza G,799000,2019,37500,Petrol,Manual,Mangalore,Red,Individual,1197 cc,82 bhp @ 6000 rpm,113 Nm @ 4200 rpm,FWD,3995,1745,1510,5,37,First
Toyota,Innova 2.4 VX 7 STR [2016-2020],1950000,2018,69000,Diesel,Manual,Mumbai,Grey,Individual,2393 cc,148 bhp @ 3400 rpm,343 Nm @ 1400 rpm,RWD,4735,1830,1795,7,55,First
Maruti Suzuki,Ciaz ZXi,675000,2017,73315,Petrol,Manual,Pune,Grey,Individual,1373 cc,91 bhp @ 6000 rpm,130 Nm @ 4000 rpm,FWD,4490,1730,1485,5,43,First
Mercedes-Benz,CLA 200 Petrol Sport,1898999,2015,47000,Petrol,Automatic,Mumbai,White,Individual,1991 cc,181 bhp @ 5500 rpm,300 Nm @ 1200 rpm,FWD,4630,1777,1432,5,,Second
BMW,X1 xDrive20d M Sport,2650000,2017,75000,Diesel,Automatic,Coimbatore,White,Individual,1995 cc,188 bhp @ 4000 rpm,400 Nm @ 1750 rpm,AWD,4439,1821,1612,5,51,Second
Skoda,Octavia 1.8 TSI Style Plus AT [2017],1390000,2017,56000,Petrol,Automatic,Mumbai,White,Individual,1798 cc,177 bhp @ 5100 rpm,250 Nm @ 1250 rpm,FWD,4670,1814,1476,5,50,First
Nissan,Terrano XL (D),575000,2015,85000,Diesel,Manual,Mumbai,White,Individual,1461 cc,84 bhp @ 3750 rpm,200 Nm @ 1900 rpm,FWD,4331,1822,1671,5,50,First
Hyundai,Elite i20 Sportz 1.2,591000,2017,20281,Petrol,Manual,Mumbai,Red,Individual,1197 cc,82 bhp @ 6000 rpm,115 Nm @ 4000 rpm,FWD,3985,1734,1505,5,45,First
Renault,Kwid 1.0 RXT [2016-2019],459999,2018,22541,Petrol,Manual,Bangalore,Grey,Individual,999 cc,67 bhp @ 5500 rpm,91 Nm @ 4250 rpm,FWD,3679,1579,1478,5,28,First
Maruti Suzuki,Ciaz Alpha Hybrid 1.5 AT [2018-2020],1075000,2019,30672,Petrol,Automatic,Bangalore,Blue,Individual,1462 cc,103 bhp @ 6000 rpm,138 Nm @ 4400 rpm,FWD,4490,1730,1485,5,43,First
Tata,Harrier XZ [2019-2020],1695000,2019,20856,Diesel,Manual,Bangalore,Orange,Individual,1956 cc,138 bhp @ 3750 rpm,350 Nm @ 1750 rpm,FWD,4598,1894,1706,5,50,First
Volkswagen,Polo GT TSI,944999,2017,41417,Petrol,Automatic,Bangalore,Grey,Individual,1197 cc,103 bhp @ 5000 rpm,175 Nm @ 1500 rpm,FWD,3971,1682,1469,5,45,First
Maruti Suzuki,Celerio ZXi AMT [2019-2020],569000,2016,11471,Petrol,Automatic,Bangalore,Red,Individual,998 cc,67 bhp @ 6000 rpm,90 Nm @ 3500 rpm,FWD,3695,1600,1560,5,35,First
Maruti Suzuki,Alto 800 LXi (O),449000,2019,3583,Petrol,Manual,Bangalore,Grey,Individual,796 cc,47 bhp @ 6000 rpm,69 Nm @ 3500 rpm,FWD,3445,1515,1475,5,35,First
Maruti Suzuki,Baleno Alpha Automatic,894999,2018,21365,Petrol,Automatic,Bangalore,Grey,Individual,1197 cc,82 bhp @ 6000 rpm,113 Nm @ 4200 rpm,FWD,3995,1745,1510,5,37,First
Maruti Suzuki,Wagon R ZXi 1.2 AMT,699000,2020,30777,Petrol,Automatic,Bangalore,White,Individual,1197 cc,82 bhp @ 6000 rpm,113 Nm @ 4200 rpm,FWD,3655,1620,1675,5,32,First
Hyundai,Creta 1.6 E Petrol,740000,2016,60125,Petrol,Manual,Delhi,Silver,Individual,1591 cc,122 bhp @ 6400 rpm,154 Nm @ 4850 rpm,FWD,4270,1780,1630,5,60,First
Maruti Suzuki,S-Presso VXi AMT,470000,2020,2169,Petrol,Automatic,Mumbai,Grey,Individual,998 cc,67 bhp @ 5500 rpm,90 Nm @ 3500 rpm,FWD,3565,1520,1564,5,27,First
Volkswagen,Vento Comfortline Petrol AT,765000,2015,60240,Petrol,Automatic,Bangalore,Brown,Individual,1197 cc,103 bhp @ 5000 rpm,153 Nm @ 3800 rpm,FWD,4384,1699,1466,5,55,First
Hyundai,Santro Sportz AMT [2018-2020],589000,2018,13772,Petrol,Automatic,Bangalore,White,Individual,1086 cc,68 bhp @ 5500 rpm,99 Nm @ 4500 rpm,FWD,3610,1645,1560,5,35,First
Hyundai,Venue SX 1.0 (O) Petrol [2019-2020],999000,2019,27464,Petrol,Manual,Bangalore,Blue,Individual,998 cc,118 bhp @ 6000 rpm,172 Nm @ 1500 rpm,FWD,3995,1770,1605,5,45,First
Maruti Suzuki,Alto LXi CNG,370000,2019,47377,CNG,Manual,Delhi,Grey,Individual,998 cc,58 bhp @ 6000 rpm,78 Nm @ 3500 rpm,FWD,3545,1490,1475,4,60,First
Maruti Suzuki,Ritz Zxi BS-IV,325000,2013,23086,Petrol,Manual,Mumbai,Grey,Individual,1197 cc,85 bhp @ 6000 rpm,113 Nm @ 4500 rpm,FWD,3775,1680,1620,5,43,First
Hyundai,Creta 1.6 SX Plus Petrol,1175000,2019,36313,Petrol,Manual,Mumbai,Grey,Individual,1591 cc,122 bhp @ 6400 rpm,154 Nm @ 4850 rpm,FWD,4270,1780,1630,5,60,First
Honda,Brio V MT,351000,2014,39276,Petrol,Manual,Mumbai,Red,Individual,1198 cc,87 bhp @ 6000 rpm,109 Nm @ 4500 rpm,FWD,3610,1680,1500,5,35,First
Hyundai,Elite i20 Asta 1.2,551000,2015,47752,Petrol,Manual,Mumbai,White,Individual,1197 cc,82 bhp @ 6000 rpm,115 Nm @ 4000 rpm,FWD,3985,1734,1505,5,45,First
Honda,WR-V VX MT Petrol,819999,2018,27963,Petrol,Manual,Delhi,White,Individual,1199 cc,89 bhp @ 6000 rpm,110 Nm @ 4800 rpm,FWD,3999,1734,1601,5,40,First
Hyundai,Venue SX 1.0 Turbo iMT,990000,2020,24013,Petrol,Manual,Mumbai,Blue,Individual,998 cc,118 bhp @ 6000 rpm,172 Nm @ 1500 rpm,FWD,3995,1770,1605,5,45,First
Hyundai,Creta 1.6 SX Plus AT,925000,2016,66000,Diesel,Automatic,Raipur,Black,Individual,1582 cc,126 bhp @ 4000 rpm,265 Nm @ 1900 rpm,FWD,4270,1780,1630,5,60,First
Ford,Ecosport Titanium+ 1.0L EcoBoost,535000,2015,28000,Petrol,Manual,Mumbai,Silver,Individual,999 cc,124 bhp @ 6000 rpm,170 Nm @ 1400 rpm,FWD,3999,1765,1708,5,52,First
Honda,CR-V 2.4 AT,860000,2013,67000,Petrol,Automatic,Mumbai,Brown,Individual,,,,,,,,,,First
Hyundai,Santro GL (CNG),145000,2009,72000,CNG,Manual,Kanpur,Silver,Individual,1086 cc,62 bhp @ 5500 rpm,96 Nm @ 3000 rpm,FWD,3565,1525,1590,5,35,Second
Tata,Tiago Revotron XE [2016-2019],409000,2018,27069,Petrol,Manual,Mumbai,White,Individual,1199 cc,84 bhp @ 6000 rpm,114 Nm @ 3500 rpm,FWD,3746,1647,1535,5,35,First
Tata,Tigor Revotorq XT,490000,2018,43000,Diesel,Manual,Patna,White,Individual,1047 cc,69 bhp @ 4000 rpm,140 Nm @ 1800 rpm,FWD,3992,1677,1537,5,35,First
Toyota,Innova 2.4 G 8 STR [2016-2017],1900000,2019,71000,Diesel,Manual,Mumbai,Bronze,Individual,2393 cc,148 bhp @ 3400 rpm,343 Nm @ 1400 rpm,RWD,4735,1830,1795,8,55,First
Mercedes-Benz,GLC 220 d Progressive,3850000,2017,45600,Diesel,Automatic,Mumbai,Black,Individual,2143 cc,168 bhp @ 3000 rpm,400 Nm @ 1400 rpm,AWD,4656,1890,1639,5,66,Second
Hyundai,Creta SX 1.6 CRDi (O),1125000,2018,60000,Diesel,Manual,Patna,White,Individual,1582 cc,126 bhp @ 4000 rpm,260 Nm @ 1500 rpm,FWD,4270,1780,1665,5,55,First
Mercedes-Benz,M-Class ML 250 CDI,2300000,2014,105101,Diesel,Automatic,Vadodara,White,Individual,2143 cc,203 bhp @ 4200 rpm,500 Nm @ 1600 rpm,AWD,4804,2141,1796,5,70,First
Toyota,Corolla Altis VL AT Petrol,1095000,2016,45000,Petrol,Automatic,Mumbai,Black,Individual,1798 cc,138 bhp @ 6400 rpm,173 Nm @ 4000 rpm,FWD,4620,1775,1475,5,55,First
Audi,A4 2.0 TDI (177bhp) Premium Plus,1575000,2013,66000,Diesel,Automatic,Hyderabad,White,Individual,1968 cc,177 bhp @ 4200 rpm,380 Nm @ 1750 rpm,FWD,4701,1826,1427,5,63,First
Mercedes-Benz,SLK-Class SLK 200 K,2400000,2010,34105,Petrol,Automatic,Mumbai,Grey,Individual,1796 cc,165@5500,240@3000,RWD,4082,1777,1297,2,70,First
Hyundai,Elite i20 Asta 1.2,525000,2015,68397,Petrol,Manual,Patna,Gold,Individual,1197 cc,82 bhp @ 6000 rpm,115 Nm @ 4000 rpm,FWD,3985,1734,1505,5,45,First
Mahindra,Thar CRDe 4x4 AC,625000,2015,65000,Diesel,Manual,Yamunanagar,White,Individual,2498 cc,105 bhp @ 3800 rpm,247 Nm @ 1800 rpm,AWD,3920,1726,1930,6,60,Second
Maruti Suzuki,Baleno Delta 1.2,605000,2019,27469,Petrol,Manual,Delhi,Silver,Individual,1197 cc,83 bhp @ 6000 rpm,115 Nm @ 4000 rpm,FWD,3995,1745,1500,5,37,First
Maruti Suzuki,Celerio VXi AMT,412000,2016,41058,Petrol,Automatic,Delhi,Silver,Individual,998 cc,67 bhp @ 6000 rpm,90 Nm @ 3500 rpm,FWD,3600,1600,1560,5,35,First
Maruti Suzuki,Ciaz VDi SHVS,625000,2016,51330,Diesel,Manual,Mumbai,Brown,Individual,1248 cc,89 bhp @ 4000 rpm,200 Nm @ 1750 rpm,FWD,4490,1730,1485,5,43,First
Maruti Suzuki,Ciaz VXi,511000,2015,45969,Petrol,Manual,Mumbai,Silver,Individual,1373 cc,91 bhp @ 6000 rpm,130 Nm @ 4000 rpm,FWD,4490,1730,1485,5,43,First
Hyundai,Creta SX Plus 1.6 AT CRDI,1150000,2017,66602,Diesel,Automatic,Mumbai,Grey,Individual,1582 cc,126 bhp @ 4000 rpm,265 Nm @ 1900 rpm,FWD,4270,1780,1630,5,60,First
Hyundai,Creta SX Plus 1.6  Petrol,885000,2016,57983,Petrol,Manual,Mumbai,White,Individual,1591 cc,122 bhp @ 6400 rpm,154 Nm @ 4850 rpm,FWD,4270,1780,1630,5,60,First
Renault,Kwid 1.0 RXT AMT Opt,470000,2019,11183,Petrol,Automatic,Mumbai,Silver,Individual,999 cc,67 bhp @ 5500 rpm,91 Nm @ 4250 rpm,FWD,3679,1579,1478,5,28,First
MG,Hector Sharp 2.0 Diesel [2019-2020],1611000,2019,46301,Diesel,Manual,Mumbai,White,Individual,1956 cc,169 bhp @ 3750 rpm,350 Nm @ 1750 rpm,FWD,4655,1835,1760,5,60,First
Tata,Tiago Revotron XZA [2017-2019],475000,2017,34867,Petrol,Automatic,Mumbai,Silver,Individual,1199 cc,84 bhp @ 6000 rpm,114 Nm @ 3500 rpm,FWD,3746,1647,1535,5,35,Second
Toyota,Innova 2.5 GX BS IV 7 STR,865000,2015,43634,Diesel,Manual,Delhi,Silver,Individual,2494 cc,101 bhp @ 3600 rpm,200 Nm @ 1200 rpm,RWD,4585,1765,1760,7,55,First
BMW,X3 xDrive 20d Luxury Line [2018-2020],3800000,2018,9512,Diesel,Automatic,Mumbai,Blue,Corporate,1995 cc,190 bhp @ 4000 rpm,400 Nm @ 1750 rpm,AWD,4657,1881,1678,5,67,First
Jeep,Compass Limited Plus 2.0 Diesel 4x4 AT,2475000,2020,11293,Diesel,Automatic,Mumbai,White,Individual,1956 cc,171 bhp @ 3750 rpm,350 Nm @ 1750 rpm,AWD,4395,1818,1640,5,60,First
Mahindra,Scorpio SLE BS-IV,400000,2014,78000,Diesel,Manual,Gurgaon,White,Individual,2179 cc,120 bhp @ 4000 rpm,290 Nm @ 1800 rpm,RWD,4430,1817,1975,8,60,Second
Honda,Brio S MT,440000,2016,50374,Petrol,Manual,Vadodara,White,Individual,1198 cc,87 bhp @ 6000 rpm,109 Nm @ 4500 rpm,FWD,3610,1680,1500,5,35,First
BMW,3-Series 320i Luxury Line,2800000,2017,15900,Petrol,Automatic,Delhi,White,Individual,1998 cc,181 bhp @ 5000 rpm,270 Nm @ 1350 rpm,RWD,4633,1811,1429,5,57,First
Honda,City V Petrol [2017-2019],645000,2017,64000,Petrol,Manual,Mumbai,White,Individual,1497 cc,117 bhp @ 6600 rpm,145 Nm @ 4600 rpm,FWD,4440,1695,1495,5,40,First
Volkswagen,Polo Highline1.2L (D),365000,2013,78000,Diesel,Manual,Jaipur,Silver,Individual,1199 cc,74 bhp @ 4200 rpm,180 Nm @ 2000 rpm,FWD,3970,1682,1453,5,45,First
Maruti Suzuki,Vitara Brezza ZXi Plus,1044999,2021,24000,Petrol,Manual,Mumbai,Silver,Individual,1462 cc,103 bhp @ 6000 rpm,138 Nm @ 4400 rpm,FWD,3995,1790,1640,5,48,First
Maruti Suzuki,Eeco 7 STR [2019-2020],515000,2019,40310,Petrol,Manual,Pune,Grey,Individual,1196 cc,73 bhp @ 6000 rpm,101 Nm @ 3000 rpm,RWD,3675,1475,1800,7,40,Second
Hyundai,Grand i10 Asta AT 1.2 Kappa VTVT [2013-2016],455000,2015,69700,Petrol,Automatic,Mumbai,Blue,Individual,1197 cc,79 bhp @ 6000 rpm,112 Nm @ 4000 rpm,FWD,3765,1660,1520,5,43,First
BMW,X3 xDrive20d,1800000,2012,74073,Diesel,Automatic,Hyderabad,Black,Individual,1995 cc,184 bhp @ 4000 rpm,380 Nm @ 1750 rpm,AWD,4648,1881,1661,5,67,First
Toyota,Fortuner 2.8 4x2 AT [2016-2020],3499000,2019,73000,Diesel,Automatic,Mumbai,White,Individual,2755 cc,174 bhp @ 3400 rpm,450 Nm @ 1600 rpm,RWD,4795,1855,1835,7,80,First
Honda,Civic 1.8S MT,190000,2006,130000,Petrol,Manual,Deoghar,Maroon,Individual,1799 cc,130 bhp @ 6300 rpm,171.62 Nm @ 4300 rpm,FWD,4545,1750,1450,5,50,Third
Audi,A4 2.0 TDI (143 bhp),1250000,2012,50000,Diesel,Automatic,Mumbai,White,Individual,,,,,,,,,,First
Maruti Suzuki,Swift ZXi Plus AMT,775000,2021,24000,Petrol,Automatic,Agra,Grey,Individual,1197 cc,89 bhp @ 6000 rpm,113 Nm @ 4400 rpm,FWD,3845,1735,1530,5,37,First
Hyundai,Elite i20 Sportz 1.5 MT Diesel,825000,2021,43000,Diesel,Manual,Agra,White,Individual,1493 cc,99 bhp @ 4000 rpm,240 Nm @ 1500 rpm,FWD,3995,1775,1505,5,37,First
Audi,A3 35 TDI Technology + Sunroof,2250000,2016,40500,Diesel,Automatic,Goa,White,Individual,1968 cc,141 bhp @ 3500 rpm,320 Nm @ 1750 rpm,FWD,4456,1796,1416,5,50,First
Honda,City V CVT Petrol [2017-2019],865000,2017,49013,Petrol,Automatic,Mumbai,Grey,Individual,1497 cc,117 bhp @ 6600 rpm,145 Nm @ 4600 rpm,FWD,4440,1695,1495,5,40,First
Ford,Figo Duratorq Diesel Titanium 1.4,299000,2013,64983,Diesel,Manual,Mumbai,Red,Individual,1399 cc,68 bhp @ 4000 rpm,160 Nm @ 2000 rpm,FWD,3795,1680,1427,5,45,First
Honda,Jazz VX Petrol,570000,2017,92270,Petrol,Manual,Mumbai,Brown,Individual,1199 cc,89 bhp @ 6000 rpm,110 Nm @ 4800 rpm,FWD,3955,1694,1544,5,40,First
Volkswagen,Polo Highline1.2L (P),385000,2013,65000,Petrol,Manual,Mumbai,White,Individual,1198 cc,74 bhp @ 5400 rpm,110 Nm @ 3750 rpm,FWD,3970,1682,1453,5,45,First
Honda,Amaze 1.5 SX i-DTEC,350000,2014,110000,Diesel,Manual,Warangal,Black,Individual,1498 cc,99 bhp @ 3600 rpm,200 Nm @ 1750 rpm,FWD,3990,1680,1505,5,35,First
Toyota,Camry 2.5L AT,2345000,2017,47000,Petrol,Automatic,Delhi,Brown,Individual,2494 cc,179 bhp @ 6000 rpm,233 Nm @ 4100 rpm,FWD,4825,1825,1480,5,70,First
Mahindra,Thar LX 4-STR Hard Top Petrol AT,1650000,2022,10000,Petrol,Automatic,Jalandhar,Black,Individual,1997 cc,150 bhp @ 5000 rpm,320 Nm @ 1500 rpm,AWD,3985,1820,1844,4,57,First
Mercedes-Benz,C-Class 250 CDI Elegance,1100000,2011,51500,Diesel,Automatic,Hyderabad,Black,Individual,2143 cc,207@4200,500@1600,RWD,4596,1770,1447,5,66,Second
Audi,Q3 35 TDI quattro Premium Plus,2900000,2018,35000,Diesel,Automatic,Pune,White,Individual,1968 cc,184 bhp @ 3500 rpm,380 Nm @ 1750 rpm,AWD,4385,1831,1608,5,64,First
Maruti Suzuki,Baleno Sigma 1.2,545000,2017,61518,Petrol,Manual,Noida,Red,Individual,1197 cc,83 bhp @ 6000 rpm,115 Nm @ 4000 rpm,FWD,3995,1745,1500,5,37,First
BMW,X1 sDrive20d xLine,2990000,2018,34000,Diesel,Automatic,Delhi,White,Corporate,1995 cc,184 bhp @ 4000 rpm,350 Nm @ 1750 rpm,RWD,4454,2044,1545,5,63,First
Maruti Suzuki,Baleno Zeta 1.2,615000,2017,36058,Petrol,Manual,Mumbai,Silver,Individual,1197 cc,83 bhp @ 6000 rpm,115 Nm @ 4000 rpm,FWD,3995,1745,1500,5,37,First
Hyundai,Creta 1.6 SX Plus AT,890000,2016,88000,Diesel,Automatic,Ahmedabad,Silver,Individual,1582 cc,126 bhp @ 4000 rpm,265 Nm @ 1900 rpm,FWD,4270,1780,1630,5,60,First
Volkswagen,Vento Comfortline Petrol,430000,2015,98112,Petrol,Manual,Mumbai,Brown,Individual,1598 cc,103 bhp @ 5250 rpm,153 Nm @ 3800 rpm,FWD,4384,1699,1466,5,55,First
Mercedes-Benz,C-Class 220 BlueEfficiency,1650000,2013,58000,Diesel,Automatic,Bangalore,Silver,Individual,2143 cc,170 bhp @ 4200 rpm,400 Nm @ 2800 rpm,RWD,4596,1770,1447,5,66,First
Toyota,Camry Hybrid,1599000,2015,92355,Petrol,Automatic,Mumbai,Silver,Individual,2494 cc,202 bhp @ 5700 rpm,270 Nm @ 4500 rpm,FWD,4825,1825,1480,5,65,First
Maruti Suzuki,DZire VXi,691000,2019,16652,Petrol,Manual,Ahmedabad,White,Individual,1197 cc,89 bhp @ 6000 rpm,113 Nm @ 4400 rpm,FWD,3995,1735,1515,5,37,First
Nissan,Terrano XV D THP 110 PS,650000,2016,76584,Diesel,Manual,Mumbai,White,Individual,1461 cc,108 bhp @ 3900 rpm,248 Nm @ 2250 rpm,FWD,4331,1822,1671,5,50,First
Maruti Suzuki,Wagon R LXI CNG,415000,2015,42500,CNG,Manual,Mumbai,Brown,Individual,998 cc,58 bhp @ 6200 rpm,77 Nm @ 3500 rpm,FWD,3599,1495,1700,5,35,First
Maruti Suzuki,Vitara Brezza LDi (O) [2016-2018],669000,2016,70000,Diesel,Manual,Mohali,Grey,Individual,1248 cc,89 bhp @ 4000 rpm,200 Nm @ 1750 rpm,FWD,3995,1790,1640,5,48,First
BMW,X5 xDrive30d Pure Experience (5 Seater),2950000,2015,84700,Diesel,Automatic,Navi Mumbai,Black,Individual,2993 cc,258 bhp @ 4000 rpm,560 Nm @ 1500 rpm,AWD,4886,1938,1762,5,,Second
Mercedes-Benz,GLC 220 d Sport,3900000,2018,83400,Diesel,Automatic,Hyderabad,White,Individual,,,,,,,,,,Second
Porsche,Cayenne Coupe Platinum Edition,16200000,2022,2766,Petrol,Automatic,Mumbai,Blue,Individual,2995 cc,335 bhp @ 5300 rpm,450 Nm @ 1340 rpm,AWD,4931,1983,1676,4,75,First
Mercedes-Benz,C-Class Cabriolet C 300,5100000,2017,56000,Petrol,Automatic,Ghaziabad,White,Individual,1991 cc,241 bhp @ 5500 rpm,370 Nm @ 1300 rpm,RWD,4686,1810,1409,4,59,Second
Hyundai,Elite i20 Magna 1.2,525000,2015,68766,Petrol,Manual,Mumbai,Silver,Individual,1197 cc,82 bhp @ 6000 rpm,115 Nm @ 4000 rpm,FWD,3985,1734,1505,5,45,First
Hyundai,Verna 1.6 VTVT SX,750000,2018,16339,Petrol,Manual,Kolkata,Black,Individual,1591 cc,121 bhp @ 6300 rpm,158 Nm @ 4200 rpm,FWD,4375,1700,1475,5,43,First
Honda,Amaze 1.2 SX i-VTEC,445000,2016,63882,Petrol,Manual,Mumbai,Bronze,Individual,1198 cc,87 bhp @ 6000 rpm,109 Nm @ 4500 rpm,FWD,3990,1680,1505,5,35,First
Toyota,Corolla Altis 1.8 G,493000,2012,28732,Petrol,Manual,Zirakpur,Silver,Individual,1798 cc,138 bhp @ 6400 rpm,173 Nm @ 4000 rpm,FWD,4540,1760,1480,5,55,First
Hyundai,Elite i20 Sportz 1.2 (O),611000,2017,51349,Petrol,Manual,Nagpur,Red,Individual,1197 cc,82 bhp @ 6000 rpm,115 Nm @ 4000 rpm,FWD,3985,1734,1505,5,45,First
Hyundai,Grand i10 Asta AT 1.2 Kappa VTVT [2013-2016],475000,2014,61866,Petrol,Automatic,Thane,White,Individual,1197 cc,79 bhp @ 6000 rpm,112 Nm @ 4000 rpm,FWD,3765,1660,1520,5,43,First
Hyundai,Creta SX Plus 1.6  Petrol,925000,2017,29401,Petrol,Manual,Mumbai,Grey,Individual,1591 cc,122 bhp @ 6400 rpm,154 Nm @ 4850 rpm,FWD,4270,1780,1630,5,60,First
Audi,A6 2.0 TDI Premium,1325000,2012,98580,Diesel,Automatic,Goa,White,Individual,1968 cc,177 bhp @ 3750 rpm,380 Nm @ 1750 rpm,FWD,4915,1874,1455,5,65,First
BMW,X1 sDrive20d xLine,3900000,2021,8000,Diesel,Automatic,Delhi,Black,Individual,1995 cc,184 bhp @ 4000 rpm,350 Nm @ 1750 rpm,RWD,4454,2044,1545,5,63,First
Mahindra,XUV300 W8 (O) 1.5 Diesel,1299000,2020,31348,Diesel,Manual,Bangalore,White,Individual,1497 cc,115 bhp @ 3750 rpm,300 Nm @ 1500 rpm,FWD,3995,1821,1627,5,42,First
Maruti Suzuki,Swift ZDi Plus,580000,2018,28851,Diesel,Manual,Kolkata,Blue,Corporate,1248 cc,74 bhp @ 4000 rpm,190 Nm @ 2000 rpm,FWD,3840,1735,1530,5,37,First
Honda,Brio S MT,229000,2013,38175,Petrol,Manual,Kolkata,Blue,Individual,,,,,,,,,,First
Mahindra,Thar LX 4-STR Hard Top Petrol MT,1575000,2021,8519,Petrol,Manual,Mumbai,Blue,Individual,1997 cc,150 bhp @ 5000 rpm,300 Nm @ 1250 rpm,AWD,3985,1820,1844,4,57,First
Honda,City 1.5 S MT,375000,2011,78000,Petrol,Manual,Pune,Bronze,Individual,1497 cc,118@6600,146@4600,FWD,4420,1695,1480,5,42,First
Mercedes-Benz,E-Class E 250 CDI Avantgarde,2250000,2015,48000,Diesel,Automatic,Mumbai,White,Individual,2143 cc,204 bhp @ 4200 rpm,500 Nm @ 1600 rpm,RWD,4879,1854,1474,5,80,First
Toyota,Fortuner 3.0 4x2 AT,1400000,2014,143000,Diesel,Automatic,Faridabad,White,Individual,2982 cc,169 bhp @ 3600 rpm,360 Nm @ 1400 rpm,RWD,4705,1840,1850,7,80,Second
Tata,Zest XM 75 PS Diesel,425000,2017,39000,Diesel,Manual,Ranchi,Silver,Commercial Registration,1248 cc,74 bhp @ 4000 rpm,190 Nm @ 1750 rpm,FWD,3995,1706,1570,5,44,First
Skoda,Rapid Ambition 1.6 MPI AT Plus,425000,2014,24000,Petrol,Automatic,Mumbai,Beige,Individual,1598 cc,104 bhp @ 5250 rpm,153 Nm @ 3800 rpm,FWD,4386,1699,1466,5,55,Second
Maruti Suzuki,Alto 800 Lxi,250000,2015,62000,Petrol,Manual,Kanpur,Maroon,Individual,796 cc,47 bhp @ 6000 rpm,69 Nm @ 3500 rpm,FWD,3395,1490,1475,5,35,Second
Maruti Suzuki,Ertiga VDi,425000,2012,78000,Diesel,Manual,Jalandhar,White,Individual,1248 cc,89 bhp @ 4000 rpm,200 Nm @ 1750 rpm,FWD,4265,1695,1685,7,45,Second
Hyundai,Santro GL LPG,120000,2009,48500,LPG,Manual,Lucknow,Grey,Individual,1086 cc,63@5500,89@3000,,3565,1525,1590,5,35,Fourth
Ford,Figo Duratorq Diesel ZXI 1.4,235000,2014,82000,Diesel,Manual,Ludhiana,White,Individual,1399 cc,68 bhp @ 4000 rpm,160 Nm @ 2000 rpm,FWD,3795,1680,1427,5,45,Second
Audi,A3 35 TDI Technology + Sunroof,3050000,2020,40910,Diesel,Automatic,Bangalore,White,Individual,1968 cc,141 bhp @ 3500 rpm,320 Nm @ 1750 rpm,FWD,4456,1796,1416,5,50,First
Tata,Harrier XZ Plus,2145000,2020,10290,Diesel,Manual,Bangalore,Red,Individual,1956 cc,168 bhp @ 3750 rpm,350 Nm @ 1750 rpm,FWD,4598,1894,1706,5,50,First
Hyundai,Elite i20 Asta (O) 1.0 Turbo DCT,1245000,2021,10530,Petrol,Automatic,Bangalore,Red,Individual,998 cc,118 bhp @ 6000 rpm,172 Nm @ 1500 rpm,FWD,3995,1775,1505,5,37,First
Hyundai,Elite i20 Asta 1.2,549000,2015,61900,Petrol,Manual,Gurgaon,Silver,Individual,1197 cc,82 bhp @ 6000 rpm,115 Nm @ 4000 rpm,FWD,3985,1734,1505,5,45,First
Volkswagen,Polo Highline1.2L (D),484999,2013,78000,Diesel,Manual,Bangalore,White,Individual,1199 cc,74 bhp @ 4200 rpm,180 Nm @ 2000 rpm,FWD,3970,1682,1453,5,45,Second
Maruti Suzuki,Swift DZire VXI,415000,2014,57402,Petrol,Manual,Delhi,Grey,Individual,1197 cc,85 bhp @ 6000 rpm,114 Nm @ 4000 rpm,FWD,3995,1695,1555,5,42,First
Hyundai,Santro GL (CNG),200000,2013,57000,CNG,Manual,Kanpur,White,Individual,1086 cc,62 bhp @ 5500 rpm,96 Nm @ 3000 rpm,FWD,3565,1525,1590,5,35,First
Hyundai,Grand i10 Sportz 1.2 Kappa VTVT [2013-2016],375000,2015,87500,Petrol,Manual,Gurgaon,Grey,Individual,1197 cc,81 bhp @ 6000 rpm,114 Nm @ 4000 rpm,FWD,3765,1660,1520,5,43,First
Tata,Nexon EV XZ Plus,1375000,2021,16000,Electric,Automatic,Mumbai,White,Individual,,,,FWD,3993,1811,1606,5,,First
Hyundai,Creta SX (O) 1.4 Turbo 7 DCT Dual Tone [2022-2022],1875000,2022,18000,Petrol,Automatic,Delhi,Black,Individual,1353 cc,138 bhp @ 6000 rpm,242 Nm @ 1500 rpm,FWD,4300,1790,1635,5,50,First
Audi,Q2 Premium Plus I 40 TFSI quattro,2950000,2020,10700,Petrol,Automatic,Ahmedabad,White,Individual,1984 cc,188 bhp @ 4200 rpm,320 Nm @ 1500 rpm,AWD,4318,1805,1548,5,55,First
Audi,Q7 45 TDI Premium Plus,4900000,2018,78000,Diesel,Automatic,Chandigarh,Black,Individual,2967 cc,245 bhp @ 2910 rpm,600 Nm @ 1500 rpm,AWD,5052,1968,1740,7,75,First
Hyundai,Elite i20 Asta (O) 1.0 Turbo DCT,1050000,2020,16282,Petrol,Automatic,Pune,White,Individual,998 cc,118 bhp @ 6000 rpm,172 Nm @ 1500 rpm,FWD,3995,1775,1505,5,37,First
Hyundai,Verna Fluidic 1.6 CRDi SX,470000,2013,66000,Diesel,Manual,Amritsar,Grey,Individual,1582 cc,126 bhp @ 4000 rpm,260 Nm @ 1900 rpm,FWD,4370,1700,1475,5,43,Third
Maruti Suzuki,Wagon R VXI,345000,2017,72019,Petrol,Manual,Ranchi,Silver,Individual,998 cc,67 bhp @ 6200 rpm,90 Nm @ 3500 rpm,FWD,3599,1495,1700,5,35,Second
BMW,5-Series 520d Sedan,1490000,2013,195000,Diesel,Automatic,Hyderabad,White,Individual,1995 cc,184 bhp @ 4000 rpm,380 Nm @ 1750 rpm,RWD,4899,2094,1464,5,,First
Mahindra,Scorpio 2.6 Turbo 7 Str,550000,2007,92170,Diesel,Manual,Ranchi,White,Individual,2609 cc,116@3800,277@1700,RWD,4495,1817,1975,7,60,Second
Hyundai,Grand i10 Magna 1.2 Kappa VTVT [2013-2016],484999,2018,55221,Petrol,Manual,Mumbai,White,Individual,1197 cc,81 bhp @ 6000 rpm,114 Nm @ 4000 rpm,FWD,3765,1660,1520,5,43,First
Toyota,Fortuner 2.8 4x2 AT [2016-2020],3350000,2018,25000,Diesel,Automatic,Noida,White,Individual,2755 cc,174 bhp @ 3400 rpm,450 Nm @ 1600 rpm,RWD,4795,1855,1835,7,80,First
Maruti Suzuki,Ritz VXI BS-IV,210000,2011,58888,Petrol,Manual,Delhi,Maroon,Individual,,,,,,,,,,Second
Renault,Duster RXS 1.5 Petrol MT,890000,2020,23500,Petrol,Manual,Chennai,White,Individual,1498 cc,105 bhp @ 5600 rpm,142 Nm @ 4000 rpm,FWD,4360,1822,1695,5,50,First
Maruti Suzuki,Swift DZire VXI,325000,2012,68000,Petrol,Manual,Kanpur,White,Individual,1197 cc,85 bhp @ 6000 rpm,114 Nm @ 4000 rpm,FWD,3995,1695,1555,5,42,Second
Hyundai,Creta SX 1.6 AT Petrol,1390000,2019,29096,Petrol,Automatic,Mumbai,White,Individual,1591 cc,122 bhp @ 6400 rpm,151 Nm @ 4850 rpm,FWD,4270,1780,1665,5,55,First
Hyundai,Grand i10 Magna 1.2 Kappa VTVT [2013-2016],459999,2016,61223,Petrol,Manual,Kanpur,White,Individual,1197 cc,81 bhp @ 6000 rpm,114 Nm @ 4000 rpm,FWD,3765,1660,1520,5,43,First
Jeep,Compass Limited (O) 2.0 Diesel [2017-2020],1075000,2017,86000,Diesel,Manual,Ludhiana,White,Individual,1956 cc,171 bhp @ 3750 rpm,350 Nm @ 1750 rpm,FWD,4395,1818,1640,5,60,First
Hyundai,Verna EX 1.6 CRDi [2017-2018],484999,2013,87000,Diesel,Manual,Ludhiana,White,Individual,1582 cc,126 bhp @ 4000 rpm,260 Nm @ 1500 rpm,FWD,4440,1729,1475,5,45,First
Hyundai,i20 Magna 1.2,385000,2013,79287,Petrol,Manual,Kanpur,White,Individual,1197 cc,83 bhp @ 6000 rpm,113.796 Nm @ 4000 rpm,FWD,3995,1710,1505,5,45,First
Mercedes-Benz,GLC 220 d Sport,4400000,2018,47009,Diesel,Automatic,Pune,Blue,Individual,,,,,,,,,,Second
Audi,A6 35 TDI Matrix,3900000,2018,48945,Diesel,Automatic,Goa,Black,Corporate,1968 cc,190 bhp @ 3800 rpm,400 Nm @ 1750 rpm,FWD,4933,1874,1455,5,75,First
Mahindra,Marazzo M2 8 STR,1050000,2019,17000,Diesel,Manual,Lucknow,Green,Individual,1497 cc,121 bhp @ 3500 rpm,300 Nm @ 1750 rpm,FWD,4585,1866,1774,8,45,First
Kia,Seltos HTX Plus 1.5 Diesel [2020-2021],1575000,2019,55000,Diesel,Manual,Lucknow,Silver,Individual,1493 cc,113 bhp @ 4000 rpm,250 Nm @ 1500 rpm,FWD,4315,1800,1645,5,50,First
Maruti Suzuki,Baleno Alpha 1.2,655000,2016,38779,Petrol,Manual,Mumbai,Blue,Individual,1197 cc,83 bhp @ 6000 rpm,115 Nm @ 4000 rpm,FWD,3995,1745,1500,5,37,First
Mercedes-Benz,E-Class E 220d Expression [2019-2019],4500000,2019,72000,Diesel,Automatic,Pune,White,Individual,1950 cc,192 bhp @ 3800 rpm,400 Nm @ 1600 rpm,RWD,5063,1860,1494,5,80,First
Maruti Suzuki,Ertiga ZDI + SHVS,865000,2016,67000,Diesel,Manual,Navi Mumbai,White,Individual,1248 cc,89 bhp @ 4000 rpm,200 Nm @ 1750 rpm,FWD,4296,1695,1685,7,45,First
Hyundai,Verna Fluidic 1.6 VTVT SX,699000,2017,67000,Petrol,Manual,Navi Mumbai,White,Individual,1591 cc,121 bhp @ 6300 rpm,158 Nm @ 4200 rpm,FWD,4370,1700,1475,5,43,First
Hyundai,Verna Fluidic 1.6 CRDi SX,425000,2012,70000,Diesel,Manual,Jalandhar,White,Individual,1582 cc,126 bhp @ 4000 rpm,260 Nm @ 1900 rpm,FWD,4370,1700,1475,5,43,Second
Land Rover,Discovery Sport S,6500000,2020,6000,Diesel,Automatic,Hyderabad,White,Individual,1999 cc,177 bhp @ 4000 rpm,430 Nm @ 1750 rpm,AWD,4600,2069,1724,7,70,First
Toyota,Fortuner 2.8 4x2 AT [2016-2020],2900000,2017,46000,Diesel,Automatic,Delhi,White,Individual,2755 cc,174 bhp @ 3400 rpm,450 Nm @ 1600 rpm,RWD,4795,1855,1835,7,80,First
Mercedes-Benz,GLE 250 d,4550000,2017,34000,Diesel,Automatic,Navi Mumbai,Silver,Individual,2143 cc,201 bhp @ 3800 rpm,500 Nm @ 1600 rpm,AWD,4819,2141,1796,5,93,First
Hyundai,Xcent S 1.2 (O),490000,2015,23103,Petrol,Manual,Udupi,White,Individual,1197 cc,81 bhp @ 6000 rpm,114 Nm @ 4000 rpm,FWD,3995,1660,1520,5,43,First
Mercedes-Benz,S-Class Maybach S 500,11500000,2016,27000,Petrol,Automatic,Delhi,Blue,Individual,4663 cc,453 bhp @ 5250 rpm,700 Nm @ 1800 rpm,RWD,5453,1899,1498,4,70,First
Hyundai,Creta SX 1.6 AT Petrol,1475000,2019,9576,Petrol,Automatic,Bangalore,White,Individual,1591 cc,122 bhp @ 6400 rpm,151 Nm @ 4850 rpm,FWD,4270,1780,1665,5,55,First
MG,Hector Sharp 1.5 DCT Petrol [2019-2020],1729000,2020,27000,Petrol,Automatic,Panvel,Silver,Individual,1451 cc,141 bhp @ 5000 rpm,250 Nm @ 1600 rpm,,4655,1835,1760,5,60,First
MG,Astor Sharp 1.5 CVT,1764999,2021,1942,Petrol,Automatic,Bangalore,Red,Individual,1498 cc,108 bhp @ 6000 rpm,144 Nm @ 4400 rpm,FWD,4323,1809,1650,5,48,First
Honda,CR-V 2.4 AT,250000,2006,119300,Petrol,Automatic,Pune,Black,Individual,2354 cc,152@6000,215@3600,AWD,4630,1780,1710,5,58,Third
Maruti Suzuki,Alto 800 Lxi,245000,2016,55000,Petrol,Manual,Faridabad,White,Individual,796 cc,47 bhp @ 6000 rpm,69 Nm @ 3500 rpm,FWD,3395,1490,1475,5,35,First
Renault,Duster 85 PS RxL,490000,2015,98000,Diesel,Manual,Jamshedpur,White,Individual,1461 cc,84 bhp @ 3750 rpm,200 Nm @ 1900 rpm,FWD,4315,1822,1695,5,50,Second
Hyundai,Grand i10 Sportz (O) 1.2 Kappa VTVT [2017-2018],550000,2017,61400,Petrol,Manual,Aurangabad,Grey,Individual,1197 cc,81 bhp @ 6000 rpm,114 Nm @ 4000 rpm,FWD,3765,1660,1520,5,43,First
Honda,City V,675000,2016,87693,Petrol,Manual,Pune,Red,Individual,1497 cc,117 bhp @ 6600 rpm,145 Nm @ 4600 rpm,FWD,4440,1695,1495,5,40,First
Mercedes-Benz,C-Class C 200 Avantgarde,2225000,2015,31000,Petrol,Automatic,Mumbai,Blue,Individual,1991 cc,181 bhp @ 5500 rpm,300 Nm @ 1200 rpm,RWD,4686,1810,1442,5,66,First
Hyundai,Elite i20 Asta 1.4 (O) CRDi,560000,2016,75210,Diesel,Manual,Ahmedabad,White,Individual,1396 cc,89 bhp @ 4000 rpm,220 Nm @ 1500 rpm,FWD,3985,1734,1505,5,40,First
Skoda,Fabia Elegance 1.6 MPI,225000,2012,69000,Petrol,Manual,Mumbai,Silver,Individual,1598 cc,105 bhp @ 5250 rpm,153 Nm @ 3800 rpm,FWD,4000,1642,1522,5,45,First
Skoda,Rapid 1.5 TDI CR Ambition Plus AT,499000,2014,88000,Diesel,Automatic,Pune,Black,Individual,1498 cc,103 bhp @ 4400 rpm,250 Nm @ 1500 rpm,FWD,4386,1699,1466,5,55,Second
Kia,Sonet GTX Plus 1.0 DCT [2020-2021],1055000,2020,15000,Petrol,Automatic,Kolkata,Gold,Individual,998 cc,118 bhp @ 6000 rpm,172 Nm @ 1500 rpm,FWD,3995,1790,1647,5,45,First
Mahindra,XUV500 W11 AT,2048999,2020,45350,Diesel,Automatic,Bangalore,White,Individual,2179 cc,153 bhp @ 3750 rpm,360 Nm @ 1750 rpm,FWD,4585,1890,1785,7,70,First
BMW,3-Series 320d Luxury Line,2775000,2018,68189,Diesel,Automatic,Jaipur,Brown,Individual,1995 cc,188 bhp @ 4000 rpm,400 Nm @ 1750 rpm,RWD,4633,1811,1429,5,57,First
Mercedes-Benz,GLA 200 CDI Sport,1650000,2015,75000,Diesel,Automatic,Faridabad,White,Individual,2143 cc,134 bhp @ 3600 rpm,300 Nm @ 1600 rpm,FWD,4417,1804,1494,5,50,First
Maruti Suzuki,Wagon R VXi,350000,2013,45000,Petrol,Manual,Pune,White,Individual,998 cc,68@6200,90@3500,,3539,1495,1700,5,35,First
Audi,A6 35 TDI Premium,1450000,2014,33000,Diesel,Automatic,Faridabad,Red,Individual,1968 cc,177 bhp @ 3750 rpm,380 Nm @ 1750 rpm,FWD,4915,1874,1455,5,65,Second
Mahindra,Scorpio VLX 2WD BS-IV,600000,2014,83000,Diesel,Manual,Rudrapur,White,Individual,2179 cc,120 bhp @ 4000 rpm,290 Nm @ 1800 rpm,RWD,4430,1817,1975,8,60,Second
BMW,5-Series 520d Sedan,1250000,2012,78000,Diesel,Automatic,Mohali,Black,Individual,1995 cc,184 bhp @ 4000 rpm,380 Nm @ 1750 rpm,RWD,4899,2094,1464,5,,First
Toyota,Fortuner 3.0 4x4 MT,1675000,2014,211000,Diesel,Manual,Jaipur,White,Individual,2982 cc,169 bhp @ 3600 rpm,343 Nm @ 1400 rpm,AWD,4705,1840,1850,7,80,First
Hyundai,Elite i20 Magna 1.2,575000,2015,67000,Petrol,Manual,Hyderabad,White,Individual,1197 cc,82 bhp @ 6000 rpm,115 Nm @ 4000 rpm,FWD,3985,1734,1505,5,45,First
Ford,Ecosport Titanium+ 1.5L TDCi,699000,2017,75000,Diesel,Manual,Mumbai,Grey,Individual,1498 cc,99 bhp @ 3750 rpm,205 Nm @ 1750 rpm,FWD,3999,1765,1708,5,52,First
Audi,Q7 3.0 TDI quattro Premium Plus,2450000,2014,48600,Diesel,Automatic,Nashik,Blue,Individual,2967 cc,241 bhp @ 3800 rpm,550 Nm @ 1750 rpm,AWD,5089,1983,1737,6,100,Second
Mercedes-Benz,C-Class C 250 d,2775000,2016,48000,Diesel,Automatic,Delhi,Black,Individual,2143 cc,204 bhp @ 3800 rpm,500 Nm @ 1600 rpm,RWD,4686,1810,1442,5,66,First
Maruti Suzuki,S-Presso VXi,430000,2020,5790,Petrol,Manual,Hyderabad,Silver,Individual,998 cc,67 bhp @ 5500 rpm,90 Nm @ 3500 rpm,FWD,3565,1520,1564,5,27,First
Mahindra,Scorpio S5 2WD 7 STR,1165000,2018,32000,Diesel,Manual,Patna,White,Individual,2179 cc,120 bhp @ 4000 rpm,280 Nm @ 1800 rpm,RWD,4456,1820,1995,7,60,First
MG,Hector Sharp 2.0 Diesel Turbo MT,1780000,2020,65433,Diesel,Manual,Lucknow,Black,Individual,1956 cc,169 bhp @ 3750 rpm,350 Nm @ 1750 rpm,FWD,4655,1835,1760,5,60,First
Maruti Suzuki,Swift VDi BS-IV,295000,2011,87230,Diesel,Manual,Hyderabad,Silver,Individual,1248 cc,75@4000,190@2000,FWD,3760,1690,1530,5,43,First
Maruti Suzuki,Swift ZDi,495000,2017,38258,Diesel,Manual,Varanasi,White,Individual,1248 cc,74 bhp @ 4000 rpm,190 Nm @ 2000 rpm,FWD,3840,1735,1530,5,37,Second
Honda,City VX (O) MT,975000,2019,56881,Petrol,Manual,Lucknow,Silver,Individual,1497 cc,117 bhp @ 6600 rpm,145 Nm @ 4600 rpm,FWD,4440,1695,1495,5,40,First
Toyota,Innova 2.5 G4 7 STR,645000,2013,76000,Diesel,Manual,Kanpur,Grey,Individual,2494 cc,102@5600,200@1400,,4555,1770,1755,7,55,Second
Renault,Duster 110 PS RxL Diesel,425000,2014,72000,Diesel,Manual,Ludhiana,White,Individual,1461 cc,108 bhp @ 3900 rpm,248 Nm @ 2250 rpm,FWD,4315,1822,1695,5,50,Second
Mercedes-Benz,M-Class 350 CDI,3200000,2014,60514,Diesel,Automatic,Pune,Silver,Individual,2987 cc,234@3800,535@1600,AWD,4781,1911,1774,5,95,First
Volvo,V40 Cross Country D3,1250000,2013,71141,Diesel,Automatic,Navi Mumbai,Silver,Individual,1984 cc,150 bhp @ 3500 rpm,350 Nm @ 1500 rpm,FWD,4370,1783,1458,5,60,First
BMW,5-Series 530d M Sport [2013-2017],5600000,2018,40937,Diesel,Automatic,Chennai,White,Individual,2993 cc,258 bhp @ 4000 rpm,560 Nm @ 1500 rpm,RWD,4899,2094,1464,5,65,First
Maruti Suzuki,Swift DZire VDI,560000,2013,37000,Diesel,Manual,Salem,Gold,Individual,1248 cc,74 bhp @ 4000 rpm,190 Nm @ 2000 rpm,FWD,3995,1695,1555,5,42,First
Mahindra,Scorpio S5 2WD 7 STR,1221000,2019,46000,Diesel,Manual,Patna,White,Individual,2179 cc,120 bhp @ 4000 rpm,280 Nm @ 1800 rpm,RWD,4456,1820,1995,7,60,First
BMW,X5 xDrive 30d M Sport,2975000,2015,86999,Diesel,Automatic,Mohali,Yellow,Individual,2993 cc,258 bhp @ 4000 rpm,560 Nm @ 1500 rpm,AWD,4886,1938,1762,5,,First
Honda,City 1.5 S AT,295000,2009,70200,Petrol,Automatic,Mumbai,Grey,Individual,1497 cc,118@6600,146@4600,FWD,4420,1695,1480,5,42,Second
Mercedes-Benz,C-Class 200 CGI,1300000,2012,64800,Petrol,Automatic,Delhi,Silver,Individual,1796 cc,186 bhp @ 5600 rpm,285 Nm @ 4000 rpm,RWD,4596,1770,1447,5,66,First
Hyundai,Creta 1.6 SX Plus AT,950000,2016,73000,Diesel,Automatic,Dehradun,Silver,Individual,1582 cc,126 bhp @ 4000 rpm,265 Nm @ 1900 rpm,FWD,4270,1780,1630,5,60,First
Mercedes-Benz,E-Class E350 CDI Avantgarde,1350000,2012,72000,Diesel,Automatic,Vadodara,White,Individual,2987 cc,231@3800,540@1600,RWD,4868,1854,1471,5,80,Second
Mercedes-Benz,M-Class ML 350 CDI,2682000,2015,76345,Diesel,Automatic,Gurgaon,White,Individual,2997 cc,254 bhp @ 3600 rpm,619 Nm @ 1600 rpm,AWD,4804,2141,1796,5,70,First
Maruti Suzuki,Alto 800 Lxi,286000,2017,40564,Petrol,Manual,Jamshedpur,Silver,Individual,796 cc,47 bhp @ 6000 rpm,69 Nm @ 3500 rpm,FWD,3395,1490,1475,5,35,First
Hyundai,i20 Magna 1.4 CRDI,340000,2013,98500,Diesel,Manual,Chandigarh,Silver,Individual,1336 cc,89 bhp @ 4000 rpm,219.744 Nm @ 1500 rpm,FWD,3995,1710,1505,5,45,First
Skoda,Rapid Style AT,1125000,2020,46807,Petrol,Automatic,Bangalore,Red,Individual,999 cc,109 bhp @ 5000 rpm,175 Nm @ 1750 rpm,FWD,4413,1699,1466,5,55,First
Tata,Nexon XMA Petrol,580000,2018,81000,Petrol,Automatic,Valsad,Red,Individual,1198 cc,108 bhp @ 5000 rpm,170 Nm @ 1750 rpm,FWD,3994,1811,1607,5,44,First
Maruti Suzuki,Swift DZire VXI,495000,2015,13716,Petrol,Manual,Pune,Silver,Individual,1197 cc,85 bhp @ 6000 rpm,114 Nm @ 4000 rpm,FWD,3995,1695,1555,5,42,First
Maruti Suzuki,Swift DZire ZDI,550000,2014,89000,Diesel,Manual,Chennai,White,Individual,1248 cc,74 bhp @ 4000 rpm,190 Nm @ 2000 rpm,FWD,3995,1695,1555,5,42,First
Kia,Sonet GTX Plus 1.5 AT [2020-2021],1485000,2021,13000,Diesel,Automatic,Mumbai,Red,Individual,1493 cc,113 bhp @ 4000 rpm,250 Nm @ 1500 rpm,FWD,3995,1790,1647,5,45,First
Skoda,Rapid Monte Carlo 1.6 MPI MT,885000,2018,38000,Petrol,Manual,Bangalore,Red,Individual,1598 cc,104 bhp @ 5200 rpm,153 Nm @ 3750 rpm,FWD,4413,1699,1466,5,55,First
Audi,RS5 4.2 Coupe,3650000,2012,25500,Petrol,Automatic,Mumbai,Blue,Corporate,4163 cc,444 bhp @ 8250 rpm,430 Nm @ 4000 rpm,AWD,4649,1860,1366,5,64,Second
Hyundai,Grand i10 NIOS Magna AMT 1.2 Kappa VTVT,715000,2020,17000,Petrol,Automatic,Bangalore,Silver,Individual,1197 cc,82 bhp @ 6000 rpm,114 Nm @ 4000 rpm,FWD,3805,1680,1520,5,37,First
Mercedes-Benz,R-Class R350 4MATIC,2485000,2012,44724,Petrol,Automatic,Bangalore,White,Individual,3496 cc,272 bhp @ 6000 rpm,350 Nm @ 5000 rpm,AWD,5157,2183,1659,7,80,First
Toyota,Innova 2.4 G 7 STR [2016-2017],2250000,2020,24549,Diesel,Manual,Jaipur,Grey,Individual,2393 cc,148 bhp @ 3400 rpm,343 Nm @ 1400 rpm,RWD,4735,1830,1795,7,55,Second
Hyundai,Creta SX Plus 1.6 AT CRDI,1050000,2017,97000,Diesel,Automatic,Zirakpur,Silver,Corporate,1582 cc,126 bhp @ 4000 rpm,265 Nm @ 1900 rpm,FWD,4270,1780,1630,5,60,First
Toyota,Fortuner 2.8 4x2 AT [2016-2020],3600000,2018,7800,Diesel,Automatic,Mumbai,White,Individual,2755 cc,174 bhp @ 3400 rpm,450 Nm @ 1600 rpm,RWD,4795,1855,1835,7,80,First
Honda,City 1.5 S MT,295000,2010,78000,Petrol,Manual,Zirakpur,White,Corporate,1497 cc,118@6600,146@4600,FWD,4420,1695,1480,5,42,First
Renault,Kwid RXT Opt,375000,2019,55000,Petrol,Manual,Varanasi,Silver,Individual,799 cc,53 bhp @ 5678 rpm,72 Nm @ 4386 rpm,FWD,3679,1579,1478,5,28,First
Tata,Safari XZA Plus 6S Adventure New,2395000,2021,13594,Diesel,Automatic,Bangalore,Blue,Individual,1956 cc,168 bhp @ 3750 rpm,350 Nm @ 1750 rpm,FWD,4661,1894,1786,6,50,First
Audi,A6 2.0 TDI Premium,1775000,2014,75000,Diesel,Automatic,Ahmedabad,White,Individual,1968 cc,177 bhp @ 3750 rpm,380 Nm @ 1750 rpm,FWD,4915,1874,1455,5,65,First
Maruti Suzuki,Ritz Vdi BS-IV,275000,2011,65000,Diesel,Manual,Mumbai,Silver,Individual,1248 cc,75@4000,190@2000,,3715,1680,1620,5,43,First
Honda,Brio EX MT,325000,2014,43037,Petrol,Manual,Haldwani,Silver,Individual,1198 cc,87 bhp @ 6000 rpm,109 Nm @ 4500 rpm,FWD,3610,1680,1500,5,35,First
Maruti Suzuki,Swift ZDi,425000,2013,26000,Diesel,Manual,Delhi,White,Individual,1248 cc,74 bhp @ 4000 rpm,190 Nm @ 2000 rpm,FWD,3850,1695,1530,5,42,First
Mahindra,Scorpio S9 2WD 7 STR,1475000,2020,78000,Diesel,Manual,Yamunanagar,White,Individual,2179 cc,140 bhp @ 3750 rpm,320 Nm @ 1500 rpm,RWD,4456,1820,1995,7,60,First
Toyota,Innova 2.8 GX AT 7 STR [2016-2020],1580000,2018,115000,Diesel,Automatic,Delhi,Beige,Individual,2755 cc,172 bhp @ 3400 rpm,360 Nm @ 1200 rpm,RWD,4735,1830,1795,7,55,First
Honda,Amaze VX CVT 1.2 Petrol,869000,2021,8700,Petrol,Automatic,Mangalore,Brown,Individual,1199 cc,89 bhp @ 6000 rpm,110 Nm @ 4800 rpm,FWD,3995,1695,1501,5,35,First
Mercedes-Benz,GLE 250 d,5850000,2019,31000,Diesel,Automatic,Mumbai,Grey,Corporate,2143 cc,201 bhp @ 3800 rpm,500 Nm @ 1600 rpm,AWD,4819,2141,1796,5,93,First
Jeep,Compass Longitude Plus 2.0 Diesel 4x4 AT,1900000,2020,41736,Diesel,Automatic,Ahmedabad,Grey,Individual,1956 cc,171 bhp @ 3750 rpm,350 Nm @ 1750 rpm,AWD,4395,1818,1640,5,60,First
Maserati,Levante Diesel,9000000,2017,40000,Diesel,Automatic,Chennai,White,Individual,2979 cc,275 bhp @ 4000 rpm,600 Nm @ 2000 rpm,AWD,5005,1981,1693,5,80,Second
Toyota,Fortuner 2.8 4x2 AT [2016-2020],3550000,2020,55000,Diesel,Automatic,Delhi,Black,Corporate,2755 cc,174 bhp @ 3400 rpm,450 Nm @ 1600 rpm,RWD,4795,1855,1835,7,80,First
Porsche,Cayenne Turbo,3500000,2014,160000,Petrol,Automatic,Mumbai,Blue,Individual,4806 cc,500 bhp @ 6500 rpm,700 Nm @ 2250 rpm,AWD,4846,1939,1702,5,100,First
Toyota,Innova GX 2.4 AT 7 STR,2425000,2022,11000,Diesel,Automatic,Agra,Black,Individual,2393 cc,148 bhp @ 3400 rpm,360 Nm @ 1400 rpm,RWD,4735,1830,1795,7,55,First
BMW,X5 xDrive 30d,5811000,2018,24690,Diesel,Automatic,Mumbai,Blue,Individual,2993 cc,258 bhp @ 4000 rpm,560 Nm @ 1500 rpm,AWD,4886,1938,1762,7,,First
Toyota,Fortuner 3.0 MT,750000,2011,117000,Diesel,Manual,Agra,White,Individual,2982 cc,171@3600,343@1400,AWD,4695,1840,1850,7,80,Second
Audi,Q7 35 TDI Premium + Sunroof,2200000,2014,95000,Diesel,Automatic,Lucknow,White,Individual,2967 cc,241 bhp @ 3800 rpm,550 Nm @ 1750 rpm,AWD,5089,1983,1737,7,100,First
Maruti Suzuki,Wagon R LXi 1.0 CNG [2019-2020],520000,2019,76000,CNG,Manual,Kanpur,White,Individual,998 cc,58 bhp @ 5500 rpm,78 Nm @ 3500 rpm,FWD,3655,1620,1675,5,60,First
Maruti Suzuki,Alto VXi (O),390000,2018,18000,Petrol,Manual,Lucknow,Silver,Individual,998 cc,67 bhp @ 6000 rpm,90 Nm @ 3500 rpm,FWD,3545,1490,1475,5,35,First
Maruti Suzuki,Ciaz VXi (O),540000,2015,38000,Petrol,Manual,Mumbai,Gold,Individual,1373 cc,91 bhp @ 6000 rpm,130 Nm @ 4000 rpm,FWD,4490,1730,1485,5,43,First
Maruti Suzuki,Swift VDi AMT [2018-2019],699000,2018,43000,Diesel,Automatic,Mumbai,Red,Individual,1248 cc,74 bhp @ 4000 rpm,190 Nm @ 2000 rpm,FWD,3840,1735,1530,5,37,First
Hyundai,Verna Fluidic 1.6 CRDi SX,484999,2013,107000,Diesel,Manual,Chandigarh,White,Individual,1582 cc,126 bhp @ 4000 rpm,260 Nm @ 1900 rpm,FWD,4370,1700,1475,5,43,First
Mercedes-Benz,C-Class C 43 AMG,7500000,2021,13000,Petrol,Automatic,Delhi,Red,Individual,2996 cc,362 bhp @ 5500 rpm,520 Nm @ 2000 rpm,RWD,4702,1810,1434,4,66,First
Mercedes-Benz,E-Class E250 CDI BlueEfficiency,850000,2011,85000,Diesel,Automatic,Mohali,White,Individual,2143 cc,203 bhp @ 4200 rpm,500 Nm @ 1600 rpm,RWD,4868,1854,1471,5,90,Second
Tata,Nexon XZA Plus Petrol,1085000,2018,8922,Petrol,Automatic,Bangalore,Red,Individual,1198 cc,108 bhp @ 5000 rpm,170 Nm @ 1750 rpm,FWD,3994,1811,1607,5,44,First
Maruti Suzuki,Alto 800 Vxi,319000,2013,47800,Petrol,Manual,Dharwad,Red,Individual,796 cc,47 bhp @ 6000 rpm,69 Nm @ 3500 rpm,FWD,3395,1490,1475,5,35,First
Mahindra,XUV500 W8,549000,2012,143000,Diesel,Manual,Mohali,Silver,Individual,2179 cc,140 bhp @ 3750 rpm,330 Nm @ 2800 rpm,FWD,4585,1890,1785,7,70,First
Tata,Harrier XZ [2019-2020],1725000,2019,68758,Diesel,Manual,Hyderabad,White,Individual,1956 cc,138 bhp @ 3750 rpm,350 Nm @ 1750 rpm,FWD,4598,1894,1706,5,50,First
Honda,Mobilio S Diesel,475000,2015,72000,Diesel,Manual,Agra,White,Individual,1498 cc,99 bhp @ 3600 rpm,200 Nm @ 1750 rpm,FWD,4386,1683,1603,7,42,Second
Tata,Punch Creative iRA Pack MT,890000,2022,7500,Petrol,Manual,Mumbai,White,Individual,1199 cc,84 bhp @ 6000 rpm,113 Nm @ 3300 rpm,FWD,3827,1742,1615,5,37,First
Maruti Suzuki,Wagon R VXi,235000,2012,37000,Petrol,Manual,Mumbai,Brown,Individual,998 cc,68@6200,90@3500,,3539,1495,1700,5,35,Second
Hyundai,Grand i10 Magna 1.2 Kappa VTVT [2017-2020],445000,2016,22402,Petrol,Manual,Mumbai,Grey,Individual,1197 cc,81 bhp @ 6000 rpm,114 Nm @ 4000 rpm,FWD,3765,1660,1520,5,43,First
Honda,City V,1060000,2019,12382,Petrol,Manual,Pune,Maroon,Corporate,1497 cc,117 bhp @ 6600 rpm,145 Nm @ 4600 rpm,FWD,4440,1695,1495,5,40,First
Maruti Suzuki,Baleno Alpha 1.3,690000,2017,61000,Diesel,Manual,Surat,Orange,Individual,1248 cc,74 bhp @ 4000 rpm,190 Nm @ 2000 rpm,FWD,3995,1745,1500,5,37,First
Jaguar,F-Pace Prestige,4200000,2018,90868,Diesel,Automatic,Chennai,Blue,Individual,1999 cc,177 bhp @ 4000 rpm,430 Nm @ 1750 rpm,AWD,4731,2071,1651,5,82,First
BMW,X5 xDrive30d Pure Experience (5 Seater),2950000,2015,84700,Diesel,Automatic,Pune,Black,Individual,2993 cc,258 bhp @ 4000 rpm,560 Nm @ 1500 rpm,AWD,4886,1938,1762,5,,Second
Land Rover,Range Rover Sport SE 2.0 Petrol,12500000,2022,22010,Petrol,Automatic,Mohali,White,Individual,1997 cc,296 bhp @ 5500 rpm,400 Nm @ 1500 rpm,AWD,4879,2073,1803,5,104,First
Toyota,Fortuner 3.0 4x4 AT,1750000,2015,72000,Diesel,Automatic,Jaipur,Black,Individual,2982 cc,169 bhp @ 3600 rpm,343 Nm @ 1400 rpm,AWD,4705,1840,1850,7,80,Second
Renault,Kwid 1.0 RXT Edition,395000,2018,75500,Petrol,Manual,Raipur,Blue,Individual,999 cc,67 bhp @ 5500 rpm,91 Nm @ 4250 rpm,FWD,3679,1579,1478,5,28,First
BMW,X1 sDrive20d Expedition,2790000,2018,25000,Diesel,Automatic,Chennai,White,Individual,1995 cc,188 bhp @ 4000 rpm,400 Nm @ 1750 rpm,FWD,4439,1821,1612,5,51,First
Audi,Q3 35 TDI quattro Premium Plus,2475000,2018,38000,Diesel,Automatic,Delhi,Red,Individual,1968 cc,184 bhp @ 3500 rpm,380 Nm @ 1750 rpm,AWD,4385,1831,1608,5,64,First
Maruti Suzuki,Wagon R LXi Minor,145000,2009,39586,Petrol,Manual,Ranchi,Red,Individual,1061 cc,67@6200,84@3500,FWD,3520,1475,1690,5,35,First
Hyundai,Elite i20 Asta 1.2 AT,750000,2018,33647,Petrol,Automatic,Mumbai,Red,Individual,1197 cc,82 bhp @ 6000 rpm,115 Nm @ 4000 rpm,FWD,3985,1734,1505,5,40,First
BMW,3-Series 320d,800000,2012,75576,Diesel,Automatic,Mumbai,White,Individual,,,,,,,,,,Second
Mahindra,XUV500 W10,950000,2016,86000,Diesel,Manual,Lucknow,White,Individual,2179 cc,138 bhp @ 3750 rpm,330 Nm @ 1600 rpm,FWD,4585,1890,1785,7,70,First
Hyundai,Grand i10 Magna 1.2 Kappa VTVT [2013-2016],569000,2018,57847,Petrol,Manual,Bangalore,Grey,Individual,1197 cc,81 bhp @ 6000 rpm,114 Nm @ 4000 rpm,FWD,3765,1660,1520,5,43,First
Maruti Suzuki,Swift DZire VXI,470000,2016,74000,Petrol,Manual,Ranchi,White,Individual,1197 cc,83 bhp @ 6000 rpm,115 Nm @ 4000 rpm,FWD,3995,1695,1555,5,42,First
Porsche,Cayenne Diesel,5350000,2015,58000,Diesel,Automatic,Chandigarh,White,Individual,2967 cc,245 bhp @ 4400 rpm,550 Nm @ 2750 rpm,AWD,4846,2155,1705,5,85,First
Nissan,Terrano XL D Plus,450000,2014,85000,Diesel,Manual,Hyderabad,Silver,Individual,1461 cc,84 bhp @ 3750 rpm,200 Nm @ 1900 rpm,FWD,4331,1822,1671,5,50,Second
Renault,Kwid 1.0 RXT [2016-2019],299000,2016,26000,Petrol,Manual,Mumbai,Brown,Individual,999 cc,67 bhp @ 5500 rpm,91 Nm @ 4250 rpm,FWD,3679,1579,1478,5,28,First
Hyundai,Creta SX (O) 1.4 Turbo 7 DCT Dual Tone [2022-2022],1875000,2020,18000,Petrol,Automatic,Mumbai,Black,Individual,1353 cc,138 bhp @ 6000 rpm,242 Nm @ 1500 rpm,FWD,4300,1790,1635,5,50,First
Mahindra,Thar LX 4-STR Hard Top Diesel AT,1825000,2022,11000,Diesel,Automatic,Mumbai,Black,Individual,2184 cc,130 bhp @ 3750 rpm,300 Nm @ 1600 rpm,AWD,3985,1820,1844,4,57,First
Land Rover,Discovery Sport HSE 7-Seater,4459000,2018,57300,Diesel,Automatic,Indore,White,Individual,2179 cc,148 bhp @ 4000 rpm,400 Nm @ 1750 rpm,AWD,4600,2069,1724,7,65,First
BMW,5-Series 525d Sedan,1195000,2010,74000,Diesel,Automatic,Mumbai,Silver,Individual,2497 cc,177@4000,400@2000,,4841,1846,1468,5,70,Second
Toyota,Glanza G CVT,790000,2019,25000,Petrol,Automatic,Delhi,Red,Individual,1197 cc,82 bhp @ 6000 rpm,113 Nm @ 4200 rpm,FWD,3995,1745,1510,5,37,First
Hyundai,Creta 1.6 SX Plus AT Petrol,1095000,2017,39000,Petrol,Automatic,Hyderabad,Red,Individual,1591 cc,122 bhp @ 6400 rpm,154 Nm @ 4850 rpm,FWD,4270,1780,1630,5,60,Second
Toyota,Innova 2.4 G 7 STR [2016-2017],1950000,2020,45000,Diesel,Manual,Ludhiana,Grey,Individual,2393 cc,148 bhp @ 3400 rpm,343 Nm @ 1400 rpm,RWD,4735,1830,1795,7,55,First
Volkswagen,Polo GT TSI,525000,2015,80852,Petrol,Automatic,Faridabad,Grey,Individual,1198 cc,103 bhp @ 5000 rpm,175 Nm @ 1500 rpm,FWD,3970,1682,1453,5,45,Second
Isuzu,MU-X 4x2,2100000,2018,75592,Diesel,Automatic,Hyderabad,White,Individual,2999 cc,174 bhp @ 3600 rpm,380 Nm @ 1800 rpm,RWD,4825,1860,1840,7,65,First
Maruti Suzuki,Alto VXi,270000,2014,54420,Petrol,Manual,Jamshedpur,Silver,Individual,998 cc,67 bhp @ 6200 rpm,90 Nm @ 3500 rpm,FWD,3620,1475,1460,5,35,First
Toyota,Corolla Altis G AT Petrol,894999,2015,39780,Petrol,Automatic,Mumbai,White,Individual,1798 cc,138 bhp @ 6400 rpm,173 Nm @ 4000 rpm,FWD,4620,1775,1475,5,55,First
Hyundai,i10 Sportz 1.2 AT Kappa2,335000,2013,78301,Petrol,Automatic,Pune,Grey,Individual,1197 cc,79 bhp @ 6000 rpm,112.7619 Nm @ 4000 rpm,FWD,3585,1595,1550,5,35,Second
Tata,Hexa XE 4x2 7 STR,1000000,2018,38000,Diesel,Manual,Mumbai,White,Individual,2179 cc,148 bhp @ 4000 rpm,320 Nm @ 1700 rpm,RWD,4788,1903,1791,7,60,First
Hyundai,i10 Sportz 1.2,220000,2009,126535,Petrol,Manual,Hyderabad,Gold,Individual,1197 cc,80@5200,111@4000,FWD,3565,1595,1550,5,35,First
Hyundai,Creta 1.6 SX Plus AT Petrol,960000,2016,37079,Petrol,Automatic,Thane,Red,Individual,1591 cc,122 bhp @ 6400 rpm,154 Nm @ 4850 rpm,FWD,4270,1780,1630,5,60,First
Mercedes-Benz,GLS 350 d,7200000,2018,87200,Diesel,Automatic,Bangalore,White,Individual,2987 cc,255 bhp @ 3400 rpm,620 Nm @ 1600 rpm,AWD,5130,1934,1850,7,100,First
Audi,Q3 2.0 TDI quattro Premium Plus,1300000,2014,51000,Diesel,Automatic,Raipur,Gold,Individual,1968 cc,174 bhp @ 4200 rpm,380 Nm @ 1750 rpm,AWD,4385,1831,1608,5,64,Second
Volkswagen,Polo Comfortline 1.2L (P),375000,2013,39000,Petrol,Manual,Delhi,Red,Individual,1198 cc,74 bhp @ 5400 rpm,110 Nm @ 3750 rpm,FWD,3970,1682,1453,5,45,First
Maruti Suzuki,Ritz VXI BS-IV,300000,2011,90000,Petrol,Manual,Pune,White,Individual,,,,,,,,,,Second
Jaguar,XE Prestige Diesel,3299000,2017,29999,Diesel,Automatic,Bangalore,Blue,Individual,1999 cc,177 bhp @ 4000 rpm,430 Nm @ 1750 rpm,RWD,4795,1967,1416,5,56,First
Tata,Safari 4x2 EX TCIC,565000,2014,100472,Diesel,Manual,Ranchi,White,Individual,1948 cc,90@4300,190@3000,,4810,1918,1925,7,65,First
Audi,Q3 35 TDI Premium + Sunroof,1798999,2016,84700,Diesel,Automatic,Karnal,White,Individual,1968 cc,174 bhp @ 4200 rpm,380 Nm @ 1750 rpm,AWD,4385,1831,1608,5,64,First
Maruti Suzuki,Alto LXi BS-III,189000,2008,19759,Petrol,Manual,Chennai,Blue,Individual,796 cc,47@6200,62@3000,,3495,1475,1460,5,35,First
Jaguar,XF 3.0 V6 Premium Luxury,1875000,2014,66000,Diesel,Automatic,Mumbai,Green,Individual,,,,,,,,,,First
Hyundai,Verna Fluidic 1.6 VTVT SX Opt,545000,2014,56000,Petrol,Manual,Noida,Red,Individual,1591 cc,121 bhp @ 6300 rpm,158 Nm @ 4200 rpm,FWD,4370,1700,1475,5,43,First
Hyundai,Venue SX 1.0 Turbo iMT,1085000,2022,3383,Petrol,Manual,Mumbai,Blue,Individual,998 cc,118 bhp @ 6000 rpm,172 Nm @ 1500 rpm,FWD,3995,1770,1605,5,45,First
Maruti Suzuki,Vitara Brezza VDi,725000,2018,42000,Diesel,Manual,Lucknow,White,Individual,1248 cc,89 bhp @ 4000 rpm,200 Nm @ 1750 rpm,FWD,3995,1790,1640,5,48,First
BMW,X3 xDrive20d,1090000,2012,65000,Diesel,Automatic,Delhi,Silver,Individual,1995 cc,184 bhp @ 4000 rpm,380 Nm @ 1750 rpm,AWD,4648,1881,1661,5,67,Second
Honda,WR-V VX MT Petrol,900000,2019,17000,Petrol,Manual,Ahmedabad,White,Individual,1199 cc,89 bhp @ 6000 rpm,110 Nm @ 4800 rpm,FWD,3999,1734,1601,5,40,First
BMW,5-Series 520d Luxury Line [2017-2019],3400000,2016,38000,Diesel,Automatic,Coimbatore,White,Individual,1995 cc,188 bhp @ 4000 rpm,400 Nm @ 1750 rpm,RWD,4936,1868,1479,5,65,Second
Honda,Amaze 1.5 S i-DTEC,295000,2014,62500,Diesel,Manual,Varanasi,Bronze,Individual,1498 cc,99 bhp @ 3600 rpm,200 Nm @ 1750 rpm,FWD,3990,1680,1505,5,35,First
Tata,Harrier XZA Plus Dual Tone,2251000,2021,30229,Diesel,Automatic,Mumbai,White,Individual,1956 cc,168 bhp @ 3750 rpm,350 Nm @ 1750 rpm,FWD,4598,1894,1706,5,50,First
Porsche,911 Carrera 4,9300000,2019,9000,Petrol,Automatic,Pune,Blue,Corporate,3436 cc,325 bhp @ 7400 rpm,390 Nm @ 5600 rpm,AWD,4491,1852,1304,4,68,First
Maruti Suzuki,Wagon R LXI CNG (O),430000,2016,26600,CNG,Manual,Pune,Brown,Individual,998 cc,58 bhp @ 6200 rpm,77 Nm @ 3500 rpm,FWD,3599,1495,1700,5,35,First
Maruti Suzuki,Ciaz Delta 1.3 Hybrid,600000,2017,86000,Diesel,Manual,Yamunanagar,Brown,Individual,1248 cc,89 bhp @ 4000 rpm,200 Nm @ 1750 rpm,FWD,4490,1730,1485,5,43,Second
Hyundai,Tucson GL 2WD AT Petrol,1595000,2017,86000,Petrol,Automatic,Bangalore,Blue,Individual,1999 cc,153 bhp @ 6200 rpm,192 Nm @ 4000 rpm,FWD,4475,1850,1660,5,62,First
Volkswagen,Polo 1.2 TDI,290000,2014,125000,Diesel,Manual,Jamshedpur,Silver,Individual,,,,,,,,,,First
Hyundai,i20 Sportz 1.2,375000,2013,29135,Petrol,Manual,Panchkula,White,Individual,1197 cc,83 bhp @ 6000 rpm,113 Nm @ 4000 rpm,FWD,3995,1710,1505,5,45,First
Volvo,V40 D3 Kinetic,1200000,2015,50965,Diesel,Automatic,Kolkata,White,Corporate,1984 cc,150 bhp @ 3500 rpm,350 Nm @ 1500 rpm,FWD,4370,1783,1458,5,60,First
Toyota,Fortuner 3.0 4x2 AT,1525000,2014,72000,Diesel,Automatic,Delhi,White,Individual,2982 cc,169 bhp @ 3600 rpm,360 Nm @ 1400 rpm,RWD,4705,1840,1850,7,80,First
Mercedes-Benz,C-Class C 200 Avantgarde,2675000,2016,28000,Petrol,Automatic,Gurgaon,Silver,Individual,1991 cc,181 bhp @ 5500 rpm,300 Nm @ 1200 rpm,RWD,4686,1810,1442,5,66,First
Honda,Jazz V AT Petrol,545000,2015,42000,Petrol,Automatic,Delhi,White,Individual,1199 cc,89 bhp @ 6000 rpm,110 Nm @ 4800 rpm,FWD,3955,1694,1544,5,40,First
Mercedes-Benz,S-Class S 350D [2018-2020],7900000,2017,11850,Diesel,Automatic,Vadodara,White,Individual,2925 cc,282 bhp @ 3600 rpm,600 Nm @ 1600 rpm,RWD,5246,1899,1494,5,70,First
Honda,Jazz S,195000,2010,32000,Petrol,Manual,Gurgaon,Silver,Individual,1198 cc,89 bhp @ 6200 rpm,110 Nm @ 4800 rpm,FWD,3900,1695,1535,5,42,First
BMW,3-Series 320d Luxury Edition,4550000,2021,24000,Diesel,Automatic,Delhi,White,Individual,1995 cc,188 bhp @ 4000 rpm,400 Nm @ 1750 rpm,RWD,4709,1827,1435,5,59,First
Land Rover,Evoque HSE Dynamic,2499000,2015,50623,Diesel,Automatic,Kolkata,Gold,Individual,2179 cc,188 bhp @ 3500 rpm,420 Nm @ 1750 rpm,AWD,4465,1900,1635,5,57,Second
Mahindra,Xylo D2 BS-IV,210000,2012,85000,Diesel,Manual,Kanpur,White,Individual,2489 cc,95@3600,220@1400,,4520,1850,1895,7,55,Fourth
Hyundai,Venue SX 1.5 CRDi,1097000,2022,1700,Diesel,Manual,Mumbai,White,Individual,1493 cc,99 bhp @ 4000 rpm,240 Nm @ 1500 rpm,FWD,3995,1770,1605,5,45,First
Volkswagen,Polo GT TSI,1095000,2020,43260,Petrol,Automatic,Bangalore,Red,Individual,1197 cc,103 bhp @ 5000 rpm,175 Nm @ 1500 rpm,FWD,3971,1682,1469,5,45,First
Maruti Suzuki,Wagon R LXI CNG,325000,2015,67738,CNG,Manual,Delhi,White,Individual,998 cc,58 bhp @ 6200 rpm,77 Nm @ 3500 rpm,FWD,3599,1495,1700,5,35,Second
Mahindra,Scorpio S11 4WD 7 STR,1375000,2019,69000,Diesel,Manual,Lucknow,Black,Individual,2179 cc,140 bhp @ 3750 rpm,320 Nm @ 1500 rpm,AWD,4456,1820,1995,7,60,First
Audi,A4 2.0 TDI (143 bhp),975000,2012,93417,Diesel,Automatic,Lucknow,White,Individual,,,,,,,,,,First
Maruti Suzuki,Swift VXi,745000,2021,14722,Petrol,Manual,Bangalore,White,Individual,1197 cc,89 bhp @ 6000 rpm,113 Nm @ 4400 rpm,FWD,3845,1735,1530,5,37,First
Toyota,Innova 2.4 VX 7 STR [2016-2020],2175000,2017,29000,Diesel,Manual,Mysore,Bronze,Individual,2393 cc,148 bhp @ 3400 rpm,343 Nm @ 1400 rpm,RWD,4735,1830,1795,7,55,First
Jeep,Compass Limited (O) 1.4 Petrol AT [2017-2020],1250000,2017,60200,Petrol,Automatic,Thane,White,Corporate,1368 cc,160 bhp @ 5500 rpm,250 Nm @ 2500 rpm,FWD,4395,1818,1640,5,60,First
Maruti Suzuki,Swift VDi,500000,2017,140000,Diesel,Manual,Warangal,Grey,Individual,1248 cc,74 bhp @ 4000 rpm,190 Nm @ 2000 rpm,FWD,3850,1695,1530,5,42,First
Honda,WR-V S MT Petrol,625000,2017,23798,Petrol,Manual,Ahmedabad,Brown,Individual,1199 cc,89 bhp @ 6000 rpm,110 Nm @ 4800 rpm,FWD,3999,1734,1601,5,40,First
Honda,City 1.5 S MT,250000,2011,55000,Petrol,Manual,Kolkata,Silver,Individual,1497 cc,118@6600,146@4600,FWD,4420,1695,1480,5,42,First
Volkswagen,Vento TSI,650000,2017,51000,Petrol,Automatic,Rohtak,White,Individual,1197 cc,103 bhp @ 5000 rpm,175 Nm @ 1500 rpm,FWD,4384,1699,1466,5,55,First
Honda,Brio S MT,310000,2014,49000,Petrol,Manual,Delhi,Brown,Individual,1198 cc,87 bhp @ 6000 rpm,109 Nm @ 4500 rpm,FWD,3610,1680,1500,5,35,Second
Renault,Duster RXL Petrol,600000,2017,48000,Petrol,Manual,Mumbai,Black,Individual,1498 cc,105 bhp @ 5600 rpm,142 Nm @ 4000 rpm,FWD,4315,1822,1695,5,50,First
BMW,5-Series 520d Sedan,1400000,2013,121000,Diesel,Automatic,Kanpur,Blue,Individual,1995 cc,184 bhp @ 4000 rpm,380 Nm @ 1750 rpm,RWD,4899,2094,1464,5,,First
Ford,Fiesta Style Diesel [2011-2014],295000,2013,74000,Diesel,Manual,Hyderabad,Maroon,Individual,1498 cc,89 bhp @ 3750 rpm,204 Nm @ 2000 rpm,FWD,4291,1722,1496,5,43,First
Mahindra,XUV500 W8,484999,2012,102000,Diesel,Manual,Mumbai,Grey,Individual,2179 cc,140 bhp @ 3750 rpm,330 Nm @ 2800 rpm,FWD,4585,1890,1785,7,70,Second
BMW,5-Series 530i Sport Line,4250000,2018,32000,Petrol,Automatic,Mumbai,Blue,Individual,1998 cc,248 bhp @ 5200 rpm,350 Nm @ 1450 rpm,RWD,4936,1868,1479,5,57,First
Tata,Nexon EV XZ Plus,1550000,2020,48400,Electric,Automatic,Bangalore,White,Individual,,,,FWD,3993,1811,1606,5,,First
Tata,Safari 2.2 EX 4x2,375000,2013,97000,Diesel,Manual,Ambala Cantt,Black,Individual,2179 cc,138 bhp @ 4000 rpm,320 Nm @ 1700 rpm,RWD,4655,1965,1922,7,55,First
Kia,Seltos GTX Plus AT 1.4 [2019-2020],1625000,2021,16000,Petrol,Automatic,Kolkata,Red,Individual,1353 cc,138 bhp @ 6000 rpm,242 Nm @ 1500 rpm,FWD,4315,1800,1645,5,50,First
Porsche,Cayenne Platinum Edition Diesel,5350000,2016,55700,Diesel,Automatic,Navi Mumbai,Silver,Corporate,2967 cc,241 bhp @ 3800 rpm,550 Nm @ 1750 rpm,AWD,4855,1939,1705,5,85,First
BMW,X5 xDrive30d xLine,4250000,2017,80000,Diesel,Automatic,Thane,White,Individual,2993 cc,262 bhp @ 4000 rpm,620 Nm @ 1500 rpm,AWD,4922,2004,1745,5,80,First
Ford,Ecosport Trend 1.5 TDCi,480000,2014,115000,Diesel,Manual,Pune,White,Individual,1498 cc,89 bhp @ 3750 rpm,204 Nm @ 2000 rpm,FWD,3999,1765,1708,5,52,First
Hyundai,Grand i10 NIOS Magna 1.2 Kappa VTVT,590000,2020,74000,Petrol,Manual,Ahmedabad,White,Individual,1197 cc,82 bhp @ 6000 rpm,114 Nm @ 4000 rpm,FWD,3805,1680,1520,5,37,First
Hyundai,Elite i20 Sportz 1.4,561000,2015,61000,Diesel,Manual,Ahmedabad,Silver,Individual,1396 cc,89 bhp @ 4000 rpm,220 Nm @ 1500 rpm,FWD,3985,1734,1505,5,45,First
Toyota,Corolla Altis 1.8 G,725000,2014,104814,Petrol,Manual,Mumbai,Grey,Individual,1798 cc,138 bhp @ 6400 rpm,173 Nm @ 4000 rpm,FWD,4540,1760,1480,5,55,First
Hyundai,Elantra 1.8 SX MT,645000,2013,17000,Petrol,Manual,Pune,White,Individual,1797 cc,147 bhp @ 6500 rpm,177 Nm @ 4700 rpm,FWD,4530,1775,1470,5,56,First
Audi,Q3 35 TDI Premium + Sunroof,1695000,2015,60000,Diesel,Automatic,Delhi,White,Individual,1968 cc,174 bhp @ 4200 rpm,380 Nm @ 1750 rpm,AWD,4385,1831,1608,5,64,Second
Maruti Suzuki,Swift Lxi (O) [2014-2017],450000,2016,45000,Petrol,Manual,Delhi,White,Individual,1197 cc,83 bhp @ 6000 rpm,115 Nm @ 4000 rpm,FWD,3850,1695,1530,5,42,First
Mahindra,XUV500 W10,1375000,2016,75811,Diesel,Manual,Bangalore,Black,Individual,2179 cc,138 bhp @ 3750 rpm,330 Nm @ 1600 rpm,FWD,4585,1890,1785,7,70,First
Mahindra,Thar AX 4-STR Convertible Petrol MT,1700000,2021,3813,Petrol,Manual,Chennai,Red,Individual,1997 cc,150 bhp @ 5000 rpm,300 Nm @ 1250 rpm,AWD,3985,1820,1855,4,57,First
Maruti Suzuki,Swift VXi [2014-2017],525000,2016,64928,Petrol,Manual,Mumbai,Red,Individual,1197 cc,83 bhp @ 6000 rpm,115 Nm @ 4000 rpm,FWD,3850,1695,1530,5,42,First
Maruti Suzuki,DZire VDi,590000,2018,68500,Diesel,Manual,Varanasi,Grey,Individual,1248 cc,74 bhp @ 4000 rpm,190 Nm @ 2000 rpm,FWD,3995,1735,1515,5,37,First
Toyota,Fortuner 3.0 4x2 AT,1495000,2014,85000,Diesel,Automatic,Delhi,White,Individual,2982 cc,169 bhp @ 3600 rpm,360 Nm @ 1400 rpm,RWD,4705,1840,1850,7,80,First
BMW,5-Series 520d M Sport,3300000,2017,41296,Diesel,Automatic,Mumbai,Blue,Individual,1995 cc,190 bhp @ 4000 rpm,400 Nm @ 1750 rpm,RWD,4899,2094,1464,5,65,First
Honda,Amaze 1.5 SX i-DTEC,385000,2013,72567,Diesel,Manual,Samastipur,White,Individual,1498 cc,99 bhp @ 3600 rpm,200 Nm @ 1750 rpm,FWD,3990,1680,1505,5,35,First
Maruti Suzuki,Wagon R VXI+,535000,2020,4295,Petrol,Manual,Samastipur,Silver,Individual,998 cc,67 bhp @ 6200 rpm,90 Nm @ 3500 rpm,FWD,3636,1475,1670,5,35,First
Maruti Suzuki,Vitara Brezza ZDi Plus,875000,2018,82000,Diesel,Manual,Ahmedabad,White,Individual,1248 cc,89 bhp @ 4000 rpm,200 Nm @ 1750 rpm,FWD,3995,1790,1640,5,48,First
Maruti Suzuki,Swift DZire LXi,295000,2010,33000,Petrol,Manual,Mumbai,Grey,Individual,1298 cc,87@6000,113@4500,FWD,4160,1690,1530,5,43,First
Fiat,Linea Emotion 1.4,235000,2011,54000,Petrol,Manual,Nashik,Black,Individual,1368 cc,90@6000,115@4500,,4560,1730,1487,5,45,First
Hyundai,Creta SX 1.6 CRDi (O),969999,2018,68000,Diesel,Manual,Kanpur,Black,Individual,1582 cc,126 bhp @ 4000 rpm,260 Nm @ 1500 rpm,FWD,4270,1780,1665,5,55,First
Hyundai,Tucson GLS 2WD AT Petrol,1789999,2018,46000,Petrol,Automatic,Delhi,Black,Individual,1999 cc,153 bhp @ 6200 rpm,192 Nm @ 4000 rpm,FWD,4475,1850,1660,5,62,First
Toyota,Innova 2.7 VX 7 STR [2016-2020],1964999,2020,26000,Petrol,Manual,Delhi,Silver,Individual,2694 cc,164 bhp @ 5200 rpm,245 Nm @ 4000 rpm,RWD,4735,1830,1795,7,65,First
Audi,TT 2.0 TFSI Quattro,4000000,2014,39394,Petrol,Automatic,Jaipur,White,Individual,1984 cc,208 bhp @ 4300 rpm,350 Nm @ 1600 rpm,AWD,4198,1842,1353,2,60,Second
Tata,Tiago Revotron XTA [2017-2019],484999,2018,35000,Petrol,Automatic,Patna,Blue,Individual,1199 cc,84 bhp @ 6000 rpm,114 Nm @ 3500 rpm,FWD,3746,1647,1535,5,35,First
Maruti Suzuki,Swift VXi [2014-2017],580000,2019,17881,Petrol,Manual,Ranchi,Grey,Individual,1197 cc,83 bhp @ 6000 rpm,115 Nm @ 4000 rpm,FWD,3850,1695,1530,5,42,First
Honda,City E [2013-2016],450000,2014,48409,Petrol,Manual,Ranchi,White,Individual,1497 cc,117 bhp @ 6600 rpm,145 Nm @ 4600 rpm,FWD,4440,1695,1495,5,40,Second
Maruti Suzuki,Alto 800 Vxi (Airbag),355000,2020,40000,Petrol,Manual,Deoghar,White,Individual,796 cc,47 bhp @ 6000 rpm,69 Nm @ 3500 rpm,FWD,3395,1490,1475,5,35,First
Audi,Q3 35 TDI Premium + Sunroof,2375000,2017,61643,Diesel,Automatic,Dehradun,Blue,Individual,1968 cc,174 bhp @ 4200 rpm,380 Nm @ 1750 rpm,AWD,4385,1831,1608,5,64,First
Mercedes-Benz,C-Class Cabriolet C 300,6500000,2020,21000,Petrol,Automatic,Gurgaon,White,Individual,1991 cc,241 bhp @ 5500 rpm,370 Nm @ 1300 rpm,RWD,4686,1810,1409,4,59,Second
Tata,Nexon XZ Plus Dark Edition,1050000,2022,1500,Petrol,Manual,Kolkata,Black,Individual,1199 cc,118 bhp @ 5500 rpm,170 Nm @ 1750 rpm,FWD,3993,1811,1606,5,44,First
Ford,Ecosport Ambiente 1.5L TDCi,445000,2014,38985,Diesel,Manual,Noida,Silver,Individual,1498 cc,99 bhp @ 3750 rpm,205 Nm @ 1750 rpm,FWD,3998,1765,1647,5,52,First
Honda,Jazz SV Petrol,495000,2015,52000,Petrol,Manual,Noida,Brown,Individual,1199 cc,89 bhp @ 6000 rpm,110 Nm @ 4800 rpm,FWD,3955,1694,1544,5,40,First
Hyundai,i10 Sportz 1.2 Kappa2,275000,2011,42000,Petrol,Manual,Pune,Grey,Individual,1197 cc,79 bhp @ 6000 rpm,112.7619 Nm @ 4000 rpm,FWD,3585,1595,1550,5,35,First
Honda,Amaze 1.2 VX AT i-VTEC,465000,2014,29442,Petrol,Automatic,Mumbai,Silver,Individual,1198 cc,87 bhp @ 6000 rpm,109 Nm @ 4500 rpm,FWD,3990,1680,1505,5,35,First
Jeep,Compass Limited (O) 2.0 Diesel [2017-2020],1050000,2017,71800,Diesel,Manual,Lucknow,Black,Individual,1956 cc,171 bhp @ 3750 rpm,350 Nm @ 1750 rpm,FWD,4395,1818,1640,5,60,First
Mercedes-Benz,C-Class C 200 Progressive [2018-2020],4900000,2022,5000,Petrol,Automatic,Delhi,White,Individual,1497 cc,181 bhp @ 5800 rpm,280 Nm @ 1600 rpm,RWD,4686,1810,1442,5,66,First
Hyundai,Grand i10 NIOS Sportz 1.2 Kappa VTVT CNG,695000,2020,18000,CNG,Manual,Ghaziabad,Green,Individual,1197 cc,68 bhp @ 6000 rpm,95 Nm @ 4000 rpm,FWD,3805,1680,1520,5,60,First
Toyota,Fortuner 2.8 4x2 AT [2016-2020],3210000,2018,37000,Diesel,Automatic,Delhi,White,Individual,2755 cc,174 bhp @ 3400 rpm,450 Nm @ 1600 rpm,RWD,4795,1855,1835,7,80,First
Honda,City 1.5 S MT,269000,2009,85000,Petrol,Manual,Mohali,White,Individual,1497 cc,118@6600,146@4600,FWD,4420,1695,1480,5,42,Second
Hyundai,Xcent E Plus CRDi,445000,2018,65555,Diesel,Manual,Varanasi,White,Individual,1186 cc,74 bhp @ 4000 rpm,190 Nm @ 1750 rpm,FWD,3995,1660,1520,5,43,Second
Land Rover,Evoque SE R-Dynamic,5950000,2021,35000,Diesel,Automatic,Delhi,Beige,Individual,1999 cc,177 bhp @ 4000 rpm,430 Nm @ 1750 rpm,AWD,4371,1996,1649,5,66.5,First
BMW,X3 xDrive 20d Luxury Line [2018-2020],3800000,2018,87000,Diesel,Automatic,Raipur,Blue,Individual,1995 cc,190 bhp @ 4000 rpm,400 Nm @ 1750 rpm,AWD,4657,1881,1678,5,67,First
Hyundai,Creta 1.6 SX Plus AT Petrol,1000000,2018,42000,Petrol,Automatic,Kolkata,White,Individual,1591 cc,122 bhp @ 6400 rpm,154 Nm @ 4850 rpm,FWD,4270,1780,1630,5,60,First
Mahindra,Scorpio S11 4WD 7 STR,1490000,2018,68000,Diesel,Manual,Ludhiana,White,Individual,2179 cc,140 bhp @ 3750 rpm,320 Nm @ 1500 rpm,AWD,4456,1820,1995,7,60,Second
MG,Astor Sharp EX 1.5 MT,1550000,2022,600,Petrol,Manual,Kolkata,Orange,Individual,1498 cc,108 bhp @ 6000 rpm,144 Nm @ 4400 rpm,FWD,4323,1809,1650,5,48,First
Tata,Grande GX,199000,2011,192326,Diesel,Manual,Ranchi,White,Individual,2179 cc,120@4000,250@1500,,4421,1780,1940,7,65,Third
Toyota,Etios Liva VD Dual Tone,484999,2017,86006,Diesel,Manual,Gurgaon,White,Individual,1364 cc,67 bhp @ 3800 rpm,170 Nm @ 1800 rpm,FWD,3884,1695,1510,5,45,First
Honda,City SV Diesel,425000,2014,75000,Diesel,Manual,Kanpur,White,Individual,1498 cc,99 bhp @ 3600 rpm,200 Nm @ 1750 rpm,FWD,4440,1695,1495,5,40,First
Mahindra,Scorpio S10,1150000,2014,99000,Diesel,Manual,Ludhiana,Silver,Individual,2179 cc,120 bhp @ 4000 rpm,280 Nm @ 1800 rpm,RWD,4456,1820,1995,8,60,First
Skoda,Superb L&K TSI AT,3195000,2021,21651,Petrol,Automatic,Mumbai,Blue,Individual,1798 cc,177 bhp @ 5100 rpm,250 Nm @ 1250 rpm,FWD,4861,1864,1483,5,66,First
Hyundai,i20 Active 1.4 SX,725000,2016,84000,Diesel,Manual,Aurangabad,White,Individual,1396 cc,89 bhp @ 4000 rpm,220 Nm @ 1500 rpm,FWD,3995,1760,1555,5,45,First
Mercedes-Benz,M-Class ML 350 CDI,2450000,2014,65000,Diesel,Automatic,Chandigarh,White,Individual,2997 cc,254 bhp @ 3600 rpm,619 Nm @ 1600 rpm,AWD,4804,2141,1796,5,70,Second
Maruti Suzuki,Ciaz Zeta 1.4 AT,741000,2017,31000,Petrol,Automatic,Mumbai,Blue,Individual,1373 cc,91 bhp @ 6000 rpm,130 Nm @ 4000 rpm,FWD,4490,1730,1485,5,43,First
Mercedes-Benz,E-Class E 220d Exclusive [2019-2019],7350000,2022,17000,Diesel,Automatic,Surat,Grey,Individual,1950 cc,192 bhp @ 3800 rpm,400 Nm @ 1600 rpm,RWD,5063,1860,1494,5,80,First
Mahindra,Thar AX 6-STR Soft Top Diesel MT,1550000,2020,28000,Diesel,Manual,Delhi,Black,Individual,2184 cc,130 bhp @ 3750 rpm,300 Nm @ 1600 rpm,AWD,3985,1820,1920,6,57,First
Honda,City S Diesel,645000,2015,64000,Diesel,Manual,Raipur,White,Individual,1498 cc,99 bhp @ 3600 rpm,200 Nm @ 1750 rpm,FWD,4440,1695,1495,5,40,First
Honda,City SV Diesel,550000,2014,85000,Diesel,Manual,Jaipur,Silver,Individual,1498 cc,99 bhp @ 3600 rpm,200 Nm @ 1750 rpm,FWD,4440,1695,1495,5,40,First
Maruti Suzuki,Baleno Alpha 1.2 AT,595000,2017,35000,Petrol,Automatic,Mumbai,Blue,Individual,1197 cc,83 bhp @ 6000 rpm,115 Nm @ 4000 rpm,FWD,3995,1745,1500,5,37,Third
Volvo,V40 Cross Country D3,1595000,2015,44000,Diesel,Automatic,Mumbai,Blue,Individual,1984 cc,150 bhp @ 3500 rpm,350 Nm @ 1500 rpm,FWD,4370,1783,1458,5,60,First
Maruti Suzuki,Celerio X Zxi AMT [2017-2019],500000,2017,32000,Petrol,Automatic,Chennai,Orange,Individual,998 cc,67 bhp @ 6000 rpm,90 Nm @ 3500 rpm,FWD,3715,1635,1565,5,35,Second
Maruti Suzuki,Wagon R LXI ABS,345000,2016,49857,Petrol,Manual,Faridabad,White,Individual,998 cc,67 bhp @ 6200 rpm,90 Nm @ 3500 rpm,FWD,3599,1495,1700,5,35,First
Maruti Suzuki,Wagon R VXI+,299000,2013,46000,Petrol,Manual,Varanasi,White,Individual,998 cc,67 bhp @ 6200 rpm,90 Nm @ 3500 rpm,FWD,3636,1475,1670,5,35,First
Maruti Suzuki,Wagon R LXi Minor,160000,2008,50000,Petrol,Manual,Varanasi,Silver,Individual,1061 cc,67@6200,84@3500,FWD,3520,1475,1690,5,35,Second
Maruti Suzuki,Baleno Delta 1.2 AT,570000,2017,36000,Petrol,Automatic,Zirakpur,White,Individual,1197 cc,83 bhp @ 6000 rpm,115 Nm @ 4000 rpm,FWD,3995,1745,1500,5,37,First
Renault,Kiger RXT Turbo CVT,800000,2021,13000,Petrol,Automatic,Dehradun,White,Individual,999 cc,99 bhp @ 5000 rpm,152 Nm @ 2200 rpm,FWD,3991,1750,1605,5,40,First
Maruti Suzuki,Wagon R VXi 1.0 [2019-2019],440000,2018,40000,Petrol,Manual,Kanpur,White,Individual,,,,,3655,1620,1675,5,32,First
Mercedes-Benz,E-Class 200 K Classic,509999,2007,39000,Petrol,Automatic,Ludhiana,Silver,Individual,,,,,,,,,,Third
Hyundai,Eon 1.0 Kappa Magna + [2014-2016],315000,2013,45000,Petrol,Manual,Chennai,Grey,Individual,998 cc,68 bhp @ 6200 rpm,94 Nm @ 3500 rpm,FWD,3515,1500,1510,5,32,First
Maruti Suzuki,Alto LXi BS-III,227000,2011,87513,Petrol,Manual,Salem,Blue,Individual,796 cc,47@6200,62@3000,,3495,1475,1460,5,35,Second
Mercedes-Benz,S-Class 350 L,1850000,2011,26000,Petrol,Automatic,Delhi,Black,Individual,3498 cc,272 bhp @ 6300 rpm,345 Nm @ 4500 rpm,RWD,5226,2120,1479,5,90,First
Maruti Suzuki,S-Presso VXi CNG,610000,2022,3800,CNG,Manual,Delhi,White,Individual,998 cc,58 bhp @ 5500 rpm,78 Nm @ 3500 rpm,FWD,3565,1520,1564,4,55,First
Toyota,Innova 2.4 VX 8 STR [2016-2020],1995000,2018,35123,Diesel,Manual,Patna,White,Individual,2393 cc,148 bhp @ 3400 rpm,343 Nm @ 1400 rpm,RWD,4735,1830,1795,8,55,First
Kia,Seltos GTX Plus AT 1.5 Diesel [2019-2020],1875000,2021,21000,Diesel,Automatic,Delhi,Grey,Individual,1493 cc,114 bhp @ 4000 rpm,250 Nm @ 1500 rpm,FWD,4315,1800,1645,5,50,First
Hyundai,Creta SX (O) 1.5 Petrol CVT [2020-2022],1748999,2022,2670,Petrol,Automatic,Kolkata,White,Individual,1497 cc,113 bhp @ 6300 rpm,144 Nm @ 4500 rpm,FWD,4300,1790,1635,5,50,First
Skoda,Rapid Ambition 1.6 TDI CR MT,640000,2016,124000,Diesel,Manual,Coimbatore,Grey,Individual,1598 cc,105 bhp @ 4400 rpm,250 Nm @ 2500 rpm,FWD,4386,1699,1466,5,55,First
Hyundai,Elite i20 Asta 1.2 (O) [2016],779000,2016,9889,Petrol,Manual,Bangalore,Blue,Individual,1197 cc,82 bhp @ 6000 rpm,115 Nm @ 4000 rpm,FWD,3985,1734,1505,5,45,First
Honda,City ZX CVT Petrol,1450000,2021,13000,Petrol,Automatic,Delhi,Brown,Individual,1497 cc,118 bhp @ 6600 rpm,145 Nm @ 4600 rpm,FWD,4440,1695,1495,5,40,First
Tata,Nexon XZA Plus Petrol,890000,2018,35000,Petrol,Automatic,Chennai,Orange,Individual,1198 cc,108 bhp @ 5000 rpm,170 Nm @ 1750 rpm,FWD,3994,1811,1607,5,44,First
Maruti Suzuki,Baleno Zeta 1.2,625000,2017,51145,Petrol,Manual,Nagpur,Red,Individual,1197 cc,83 bhp @ 6000 rpm,115 Nm @ 4000 rpm,FWD,3995,1745,1500,5,37,First
Mercedes-Benz,GLS 350 d,8500000,2019,13000,Diesel,Automatic,Mumbai,White,Individual,2987 cc,255 bhp @ 3400 rpm,620 Nm @ 1600 rpm,AWD,5130,1934,1850,7,100,First
Audi,RS5 4.2 Coupe,2900000,2011,56000,Petrol,Automatic,Pune,Red,Individual,4163 cc,444 bhp @ 8250 rpm,430 Nm @ 4000 rpm,AWD,4649,1860,1366,5,64,Third
Toyota,Innova 2.5 G 8 STR BS-III,434999,2010,120000,Diesel,Manual,Ranchi,Silver,Individual,,,,,,,,,,First
Mercedes-Benz,GLC 220 d Progressive,4550000,2018,45000,Diesel,Automatic,Mumbai,Grey,Individual,2143 cc,168 bhp @ 3000 rpm,400 Nm @ 1400 rpm,AWD,4656,1890,1639,5,66,First
Skoda,Superb L&K TDI AT,2500000,2017,82900,Diesel,Automatic,Coimbatore,Brown,Individual,1968 cc,174 bhp @ 3600 rpm,350 Nm @ 1500 rpm,FWD,4861,1864,1483,5,66,First
Maruti Suzuki,Alto 800 Lxi CNG,249000,2014,56843,CNG,Manual,Navi Mumbai,White,Individual,796 cc,47 bhp @ 6000 rpm,69 Nm @ 3500 rpm,FWD,3395,1490,1475,5,35,Second
Ford,Figo Duratec Petrol Titanium 1.2,270000,2015,64000,Petrol,Manual,Pune,Grey,Individual,1196 cc,70 bhp @ 6250 rpm,102 Nm @ 4000 rpm,FWD,3795,1680,1427,5,45,First
Maruti Suzuki,DZire VXi AMT,825000,2019,9644,Petrol,Automatic,Pune,Blue,Individual,1197 cc,82 bhp @ 6000 rpm,113 Nm @ 4200 rpm,FWD,3995,1735,1515,5,37,First
Maruti Suzuki,Celerio ZXi (O) AMT [2019-2020],425000,2017,41624,Petrol,Automatic,Pune,White,Individual,998 cc,67 bhp @ 6000 rpm,90 Nm @ 3500 rpm,FWD,3695,1600,1560,5,35,Second
Hyundai,Grand i10 Sportz U2 1.2 CRDi,459999,2016,82844,Diesel,Manual,Hyderabad,Grey,Individual,1186 cc,74 bhp @ 4000 rpm,190 Nm @ 1750 rpm,FWD,3765,1660,1520,5,43,First
Mercedes-Benz,E-Class E250 Elegance,980000,2011,78000,Petrol,Automatic,Ludhiana,White,Individual,2497 cc,204@6100,245@5000,RWD,4868,1854,1471,5,80,Second
Renault,Duster RXL Petrol,789000,2017,60444,Petrol,Manual,Bangalore,Red,Individual,1498 cc,105 bhp @ 5600 rpm,142 Nm @ 4000 rpm,FWD,4315,1822,1695,5,50,First
BMW,3-Series 330i M Sport Edition,5100000,2022,6000,Petrol,Automatic,Raipur,White,Individual,1998 cc,248 bhp @ 5200 rpm,350 Nm @ 1450 rpm,RWD,4633,1811,1429,5,57,First
Mahindra,Scorpio S10,775000,2014,125000,Diesel,Manual,Lucknow,White,Individual,2179 cc,120 bhp @ 4000 rpm,280 Nm @ 1800 rpm,RWD,4456,1820,1995,8,60,First
Hyundai,Creta 1.6 SX Plus AT Petrol,1400000,2019,13000,Petrol,Automatic,Mumbai,White,Individual,1591 cc,122 bhp @ 6400 rpm,154 Nm @ 4850 rpm,FWD,4270,1780,1630,5,60,First
Maruti Suzuki,Ertiga VDi,770000,2015,112000,Diesel,Manual,Chennai,Gold,Individual,1248 cc,89 bhp @ 4000 rpm,200 Nm @ 1750 rpm,FWD,4265,1695,1685,7,45,First
Maruti Suzuki,Ritz Vdi BS-IV,445000,2012,54948,Diesel,Manual,Mangalore,Silver,Individual,1248 cc,75@4000,190@2000,,3715,1680,1620,5,43,First
Hyundai,Grand i10 Magna 1.2 Kappa VTVT [2017-2020],450000,2016,53300,Petrol,Manual,Pune,Maroon,Individual,1197 cc,81 bhp @ 6000 rpm,114 Nm @ 4000 rpm,FWD,3765,1660,1520,5,43,First
Honda,City SV,840000,2019,34000,Petrol,Manual,Delhi,White,Individual,1497 cc,117 bhp @ 6600 rpm,145 Nm @ 4600 rpm,FWD,4440,1695,1495,5,40,First
Mercedes-Benz,S-Class Maybach S 560,18500000,2021,21000,Petrol,Automatic,Gurgaon,Black,Individual,3982 cc,463 bhp @ 5250 rpm,700 Nm @ 2000 rpm,RWD,5462,1899,1498,4,70,First
Land Rover,Evoque HSE Dynamic,4000000,2017,25500,Diesel,Automatic,Pune,White,Individual,1999 cc,177 bhp @ 4000 rpm,430 Nm @ 1750 rpm,AWD,4360,2120,1635,5,57,Second
Mahindra,XUV500 W8 1.99 [2016-2017],690000,2015,157662,Diesel,Manual,Jaipur,Silver,Individual,1997 cc,138 bhp @ 3750 rpm,320 Nm @ 1600 rpm,FWD,4585,1890,1785,7,70,Second
Mercedes-Benz,CLA 200 D Urban Sport,2800000,2018,20000,Diesel,Automatic,Mumbai,Red,Individual,2143 cc,136 bhp @ 3200 rpm,300 Nm @ 1400 rpm,FWD,4630,1777,1432,5,56,First
Hyundai,Xcent SX 1.1 CRDi,525000,2018,78900,Diesel,Manual,Vadodara,Silver,Individual,1120 cc,71 bhp @ 4000 rpm,160 Nm @ 1500 rpm,FWD,3995,1660,1520,5,43,First
Maruti Suzuki,Wagon R LXi CNG,285000,2011,52000,CNG,Manual,Mumbai,Brown,Individual,998 cc,59@6200,77@3500,,3539,1475,1700,5,35,First
Mercedes-Benz,E-Class E 220d Exclusive [2019-2019],7780000,2022,11000,Diesel,Automatic,Delhi,Black,Individual,1950 cc,192 bhp @ 3800 rpm,400 Nm @ 1600 rpm,RWD,5063,1860,1494,5,80,First
Skoda,Kodiaq Style 2.0 TDI 4x4 AT,1989999,2018,103000,Diesel,Automatic,Delhi,White,Individual,,,,,4697,1882,1665,7,63,First
Tata,Hexa XTA 4x2 7 STR,1200000,2017,95785,Diesel,Automatic,Hyderabad,Blue,Individual,2179 cc,154 bhp @ 4000 rpm,400 Nm @ 1700 rpm,RWD,4788,1903,1791,7,60,First
Ford,Ecosport Titanium 1.5L TDCi,620000,2017,92000,Diesel,Manual,Agra,Brown,Individual,1498 cc,99 bhp @ 3750 rpm,205 Nm @ 1750 rpm,FWD,3998,1765,1647,5,52,First
Jaguar,F-Pace Prestige,5200000,2019,43000,Diesel,Automatic,Delhi,Black,Individual,1999 cc,177 bhp @ 4000 rpm,430 Nm @ 1750 rpm,AWD,4731,2071,1651,5,82,First
Mercedes-Benz,CLA 200 CDI Sport,1998999,2017,39328,Diesel,Automatic,Kolkata,Silver,Individual,2143 cc,134 bhp @ 3600 rpm,300 Nm @ 1600 rpm,FWD,4630,1777,1432,5,56,First
Toyota,Innova 2.4 ZX AT 7 STR,2725000,2020,18625,Diesel,Automatic,Mumbai,Bronze,Individual,2393 cc,148 bhp @ 3400 rpm,360 Nm @ 1400 rpm,RWD,4735,1830,1795,7,55,First
Maruti Suzuki,Swift VXi [2014-2017],590000,2019,26000,Petrol,Manual,Lucknow,Blue,Individual,1197 cc,83 bhp @ 6000 rpm,115 Nm @ 4000 rpm,FWD,3850,1695,1530,5,42,First
MINI,Countryman Cooper D,1489000,2014,81000,Diesel,Automatic,Panvel,Purple,Individual,1995 cc,112 bhp @,270 Nm @ 1750 rpm,FWD,4097,1789,1561,5,47,Second
Maruti Suzuki,DZire ZDi Plus AMT,685000,2018,92000,Diesel,Automatic,Ludhiana,White,Individual,1248 cc,74 bhp @ 4000 rpm,190 Nm @ 2000 rpm,FWD,3995,1735,1515,5,37,First
Mahindra,Scorpio S3 2WD 7 STR,1121000,2019,38000,Diesel,Manual,Patna,White,Individual,2523 cc,75 bhp @ 3200 rpm,200 Nm @ 1400 rpm,RWD,4456,1820,1930,7,60,First
Tata,Manza Aqua Safire BS-IV,114999,2012,93000,Petrol,Manual,Unnao,Silver,Individual,1368 cc,90@6000,116@4750,,4413,1703,1550,5,44,Second
Maruti Suzuki,Wagon R VXI,545000,2019,10340,Petrol,Manual,Delhi,White,Individual,998 cc,67 bhp @ 6200 rpm,90 Nm @ 3500 rpm,FWD,3599,1495,1700,5,35,First
Audi,Q3 2.0 TDI quattro Premium,1350000,2015,47706,Diesel,Automatic,Ranchi,Black,Individual,1968 cc,174 bhp @ 4200 rpm,380 Nm @ 1750 rpm,AWD,4385,1831,1608,5,64,First
Maruti Suzuki,XL6 Alpha MT Petrol,1299000,2021,13400,Petrol,Manual,Mysore,White,Individual,1462 cc,103 bhp @ 6000 rpm,138 Nm @ 4400 rpm,FWD,4445,1775,1700,6,45,First
Ford,Aspire Titanium1.5 TDCi,450000,2016,44613,Diesel,Manual,Ranchi,Silver,Individual,1498 cc,99 bhp @ 3750 rpm,215 Nm @ 1750 rpm,FWD,3995,1695,1525,5,40,First
Porsche,718 Cayman [2017-2020],9000000,2017,7000,Petrol,Automatic,Faridabad,Red,Individual,1988 cc,295 bhp @ 6500 rpm,380 Nm @ 1950 rpm,RWD,4379,1801,1295,2,54,First
Maruti Suzuki,Swift VXi [2014-2017],550000,2019,29000,Petrol,Manual,Kolkata,Grey,Individual,1197 cc,83 bhp @ 6000 rpm,115 Nm @ 4000 rpm,FWD,3850,1695,1530,5,42,First
BMW,3-Series 320d Luxury Line,4390000,2020,23000,Diesel,Automatic,Mumbai,White,Corporate,1995 cc,188 bhp @ 4000 rpm,400 Nm @ 1750 rpm,RWD,4633,1811,1429,5,57,First
Maruti Suzuki,Wagon R LXI CNG (O),445000,2015,67580,CNG,Manual,Pune,White,Individual,998 cc,58 bhp @ 6200 rpm,77 Nm @ 3500 rpm,FWD,3599,1495,1700,5,35,First
Hyundai,Verna 1.6 VTVT S,495000,2015,42000,Petrol,Manual,Kolkata,Red,Individual,1591 cc,121 bhp @ 6300 rpm,155 Nm @ 4200 rpm,FWD,4375,1700,1475,5,43,First
Hyundai,Eon 1.0 Kappa Magna AirBag,360000,2015,16205,Petrol,Manual,Pune,White,Individual,998 cc,68 bhp @ 6200 rpm,94 Nm @ 3500 rpm,FWD,3515,1550,1510,5,32,First
Maruti Suzuki,Grand Vitara 2015 2.0 AT,345000,2007,92000,Petrol,Automatic,Mohali,Black,Individual,1995 cc,120@5500,170@3500,AWD,4470,1810,1695,5,66,Third
Hyundai,Grand i10 Asta AT 1.2 Kappa VTVT [2013-2016],565000,2016,29000,Petrol,Automatic,Mumbai,Silver,Individual,1197 cc,79 bhp @ 6000 rpm,112 Nm @ 4000 rpm,FWD,3765,1660,1520,5,43,First
Mercedes-Benz,GLE 300d 4MATIC LWB,9390000,2022,14000,Diesel,Automatic,Delhi,White,Individual,1950 cc,241 bhp @ 4200 rpm,500 Nm @ 1600 rpm,AWD,4924,2157,1772,5,93,First
Mahindra,TUV300 T8 AMT mHAWK100,615000,2017,69000,Diesel,Automatic,Delhi,Black,Individual,1493 cc,100 bhp @ 3750 rpm,240 Nm @ 1600 rpm,RWD,3995,1835,1839,7,60,First
Honda,City V Diesel,525000,2015,114635,Diesel,Manual,Kolkata,Grey,Individual,1498 cc,99 bhp @ 3600 rpm,200 Nm @ 1750 rpm,FWD,4440,1695,1495,5,40,First
BMW,X1 sDrive20d xLine,2650000,2018,50000,Diesel,Automatic,Delhi,Blue,Individual,1995 cc,184 bhp @ 4000 rpm,350 Nm @ 1750 rpm,RWD,4454,2044,1545,5,63,Second
BMW,X1 sDrive20d xLine,3785000,2019,29221,Diesel,Automatic,Bangalore,Blue,Individual,1995 cc,184 bhp @ 4000 rpm,350 Nm @ 1750 rpm,RWD,4454,2044,1545,5,63,First
Mercedes-Benz,S-Class 300,1500000,2012,158000,Petrol,Automatic,Chennai,Brown,Individual,,,,,,,,,,First
Audi,A6 2.0 TDI Premium,1175000,2012,77000,Diesel,Automatic,Mumbai,Blue,Individual,1968 cc,177 bhp @ 3750 rpm,380 Nm @ 1750 rpm,FWD,4915,1874,1455,5,65,Second
BMW,3-Series 320d Sport Line,1450000,2013,70000,Diesel,Automatic,Mumbai,Blue,Individual,1995 cc,184 bhp @ 4000 rpm,380 Nm @ 1750 rpm,RWD,4624,2031,1429,5,60,Second
BMW,X5 xDrive 30d M Sport,4900000,2017,65341,Diesel,Automatic,Pune,White,Individual,2993 cc,258 bhp @ 4000 rpm,560 Nm @ 1500 rpm,AWD,4886,1938,1762,5,,Second
Honda,City VX CVT Petrol,1390000,2022,32000,Petrol,Automatic,Delhi,Brown,Individual,1498 cc,119 bhp @ 6600 rpm,145 Nm @ 4300 rpm,FWD,4549,1748,1489,5,40,First
Ferrari,488 GTB,35000000,2018,9500,Petrol,Automatic,Delhi,Black,Individual,3902 cc,660 bhp @ 8000 rpm,760 Nm @ 3000 rpm,RWD,4568,1952,1213,2,78,First
Volkswagen,Tiguan Highline TDI,2990000,2020,17904,Diesel,Automatic,Mumbai,White,Individual,1968 cc,141 bhp @ 4000 rpm,340 Nm @ 1750 rpm,AWD,4486,1839,1672,5,71,First
Land Rover,Evoque Pure SD4,2150000,2012,95000,Diesel,Automatic,Coimbatore,White,Individual,2179 cc,190 bhp @ 3500 rpm,420 Nm @ 1750 rpm,AWD,4355,2120,1635,5,57,First
Maruti Suzuki,Wagon R LXi CNG,315000,2013,72000,CNG,Manual,Mumbai,Brown,Individual,998 cc,59@6200,77@3500,,3539,1475,1700,5,35,First
Maruti Suzuki,Zen LXi BS-II,71001,2004,65082,Petrol,Manual,Kolkata,Yellow,Individual,,,,,,,,,,First
Honda,Brio S MT,295000,2012,66240,Petrol,Manual,Jaipur,Grey,Individual,,,,,,,,,,Third
Mercedes-Benz,GLE 43 4MATIC [2017-2019],8500000,2018,25275,Petrol,Automatic,Hyderabad,Black,Individual,2996 cc,362 bhp @ 5500 rpm,520 Nm @ 2000 rpm,AWD,4891,2003,1719,5,93,First
Maruti Suzuki,Wagon R LXI CNG,400000,2016,67850,CNG,Manual,Mumbai,Red,Individual,998 cc,58 bhp @ 6200 rpm,77 Nm @ 3500 rpm,FWD,3599,1495,1700,5,35,First
Tata,Nano Base,49000,2010,60000,Petrol,Manual,Gurgaon,White,Individual,624 cc,35@5250,48@3000,RWD,3099,1495,1652,4,15,First
Mahindra,Bolero SLX 2WD,379000,2012,88500,Diesel,Manual,Panchkula,White,Individual,,,,,,,,,,Second
Maruti Suzuki,Swift VDi,610000,2017,105000,Diesel,Manual,Pune,Silver,Corporate,1248 cc,74 bhp @ 4000 rpm,190 Nm @ 2000 rpm,FWD,3850,1695,1530,5,42,First
Hyundai,Creta SX 1.6 AT Petrol,1075000,2019,45000,Petrol,Automatic,Raipur,White,Individual,1591 cc,122 bhp @ 6400 rpm,151 Nm @ 4850 rpm,FWD,4270,1780,1665,5,55,First
Mercedes-Benz,E-Class E 220 d Avantgarde,7500000,2021,8000,Diesel,Automatic,Bangalore,White,Individual,1950 cc,192 bhp @ 3800 rpm,400 Nm @ 1600 rpm,RWD,5063,1860,1494,5,80,First
Toyota,Corolla Altis G AT Petrol,1321000,2018,38000,Petrol,Automatic,Mumbai,Gold,Corporate,1798 cc,138 bhp @ 6400 rpm,173 Nm @ 4000 rpm,FWD,4620,1775,1475,5,55,First
Maruti Suzuki,S-Cross Zeta 1.3,950000,2020,55055,Diesel,Manual,Ludhiana,White,Individual,1248 cc,89 bhp @ 4000 rpm,200 Nm @ 1750 rpm,FWD,4300,1785,1595,5,48,First
Maruti Suzuki,Baleno Zeta 1.2,825000,2021,22000,Petrol,Manual,Raipur,Blue,Individual,1197 cc,83 bhp @ 6000 rpm,115 Nm @ 4000 rpm,FWD,3995,1745,1500,5,37,First
Mitsubishi,Pajero 2.5 MT,1300000,2013,95000,Diesel,Manual,Bangalore,Blue,Individual,2477 cc,176 bhp @ 4000 rpm,400 Nm @ 2000 rpm,AWD,4695,1815,1840,7,70,Second
Maruti Suzuki,Swift ZXi,465000,2014,25704,Petrol,Manual,Mumbai,Red,Individual,1197 cc,85 bhp @ 6000 rpm,114 Nm @ 4000 rpm,FWD,3850,1695,1530,5,42,First
Maruti Suzuki,Swift DZire VDI,475000,2016,55353,Diesel,Manual,Kanpur,Grey,Individual,1248 cc,74 bhp @ 4000 rpm,190 Nm @ 2000 rpm,FWD,3995,1695,1555,5,42,Second
Audi,Q3 35 TDI Premium,1775000,2015,80000,Diesel,Automatic,Chennai,Silver,Individual,1968 cc,174 bhp @ 4200 rpm,380 Nm @ 1750 rpm,AWD,4385,1831,1608,5,64,First
Volkswagen,Vento Highline Plus 1.2 (P) AT 16 Alloy,825000,2018,62000,Petrol,Automatic,Faridabad,Brown,Corporate,1197 cc,103 bhp @ 5000 rpm,175 Nm @ 1500 rpm,FWD,4390,1699,1467,5,55,First
Ford,Endeavour Titanium 3.2 4x4 AT,3450000,2019,41526,Diesel,Automatic,Coimbatore,Silver,Individual,3198 cc,197 bhp @ 3000 rpm,470 Nm @ 1750 rpm,AWD,4892,1860,1837,7,80,First
Tata,Tiago Revotron XT [2016-2019],379000,2018,29434,Petrol,Manual,Kolkata,Silver,Individual,1047 cc,69 bhp @ 4000 rpm,140 Nm @ 1800 rpm,FWD,3746,1647,1535,5,35,Second
Datsun,Go D,240000,2017,42000,Petrol,Manual,Lucknow,White,Individual,1198 cc,67 bhp @ 5000 rpm,104 Nm @ 4000 rpm,FWD,3785,1635,1485,5,35,First
Kia,Seltos HTK Plus 1.5 [2019-2020],1525000,2021,14000,Petrol,Manual,Delhi,Black,Individual,1497 cc,114 bhp @ 6300 rpm,144 Nm @ 4500 rpm,FWD,4315,1800,1645,5,50,First
BMW,3-Series 320d Sport Line,1400000,2014,35000,Diesel,Automatic,Kolkata,Brown,Individual,1995 cc,184 bhp @ 4000 rpm,380 Nm @ 1750 rpm,RWD,4624,2031,1429,5,60,First
Mercedes-Benz,C-Class C 250 CDI BlueEFFICIENCY,1044999,2012,75000,Diesel,Automatic,Mumbai,White,Individual,,,,,,,,,,Second
Lamborghini,Huracan LP 610-4,24000000,2016,6000,Petrol,Automatic,Delhi,Blue,Individual,5204 cc,602 bhp @ 8250 rpm,560 Nm @ 6500 rpm,AWD,4459,1924,1165,2,,First
Mercedes-Benz,GLA 200 d Sport,2450000,2018,61000,Diesel,Automatic,Mumbai,Gold,Individual,2143 cc,134 bhp @ 3600 rpm,300 Nm @ 1600 rpm,FWD,4424,1804,1494,5,50,Second
Mercedes-Benz,GLA 200 CDI Sport,1789999,2015,45000,Diesel,Automatic,Lucknow,White,Individual,2143 cc,134 bhp @ 3600 rpm,300 Nm @ 1600 rpm,FWD,4417,1804,1494,5,50,First
Mercedes-Benz,C-Class C 220d Progressive [2018-2019],4275000,2019,31000,Diesel,Automatic,Delhi,Blue,Individual,1950 cc,192 bhp @ 3800 rpm,400 Nm @ 1600 rpm,RWD,4686,1810,1442,5,66,First
Hyundai,Elite i20 Sportz 1.2 MT,775000,2020,39000,Petrol,Manual,Mumbai,White,Individual,1197 cc,82 bhp @ 6000 rpm,115 Nm @ 4200 rpm,FWD,3995,1775,1505,5,37,First
Maruti Suzuki,Estilo VXi BS-IV,229999,2012,52000,Petrol,Manual,Pune,White,Individual,998 cc,67 bhp @ 6200 rpm,90 Nm @ 3500 rpm,FWD,3600,1495,1595,5,35,First
Maruti Suzuki,Wagon R LXi CNG,280000,2011,54000,CNG,Manual,Mumbai,Silver,Individual,998 cc,59@6200,77@3500,,3539,1475,1700,5,35,First
Hyundai,Eon Era +,300000,2018,51000,Petrol,Manual,Kanpur,White,Individual,814 cc,55 bhp @ 5500 rpm,75 Nm @ 4000 rpm,FWD,3495,1550,1500,5,32,First
Maruti Suzuki,Alto VXi (O) [2014-2019],160000,2011,72000,Petrol,Manual,Kanpur,Silver,Individual,998 cc,67 bhp @ 6000 rpm,90 Nm @ 3500 rpm,FWD,3545,1490,1475,5,35,First
Maruti Suzuki,Alto LXi BS-III,150000,2011,65000,Petrol,Manual,Lucknow,White,Individual,796 cc,47@6200,62@3000,,3495,1475,1460,5,35,First
Mercedes-Benz,GLE 300d 4MATIC LWB,8300000,2020,50000,Diesel,Automatic,Navi Mumbai,White,Individual,1950 cc,241 bhp @ 4200 rpm,500 Nm @ 1600 rpm,AWD,4924,2157,1772,5,93,First
Audi,Q3 35 TDI Premium + Sunroof,1685000,2016,80251,Diesel,Automatic,Delhi,Blue,Individual,1968 cc,174 bhp @ 4200 rpm,380 Nm @ 1750 rpm,AWD,4385,1831,1608,5,64,Second
Hyundai,i10 Sportz 1.2,270000,2010,86000,Petrol,Manual,Chennai,Grey,Individual,1197 cc,80@5200,111@4000,FWD,3565,1595,1550,5,35,Second
Maruti Suzuki,Alto 800 Lxi,210000,2014,42505,Petrol,Manual,Purnea,Red,Individual,796 cc,47 bhp @ 6000 rpm,69 Nm @ 3500 rpm,FWD,3395,1490,1475,5,35,First
Hyundai,Elite i20 Asta 1.2,625000,2017,42000,Petrol,Manual,Patna,Silver,Individual,1197 cc,82 bhp @ 6000 rpm,115 Nm @ 4000 rpm,FWD,3985,1734,1505,5,45,First
BMW,7-Series 730Ld M Sport,6900000,2017,42200,Diesel,Automatic,Mumbai,Black,Individual,2993 cc,262 bhp @ 4000 rpm,620 Nm @ 2000 rpm,RWD,5219,1902,1481,4,78,First
Kia,Seltos GTX Plus AT 1.4 [2019-2020],1490000,2019,57600,Petrol,Automatic,Chennai,White,Individual,1353 cc,138 bhp @ 6000 rpm,242 Nm @ 1500 rpm,FWD,4315,1800,1645,5,50,First
Mahindra,XUV500 W7 [2018-2020],1095000,2018,57000,Diesel,Manual,Lucknow,Black,Individual,2179 cc,153 bhp @ 3750 rpm,360 Nm @ 1750 rpm,FWD,4585,1890,1785,7,70,First
Ford,Endeavour 3.0L 4x4 AT,850000,2014,85000,Diesel,Automatic,Zirakpur,Black,Individual,2953 cc,154 bhp @ 3200 rpm,380 Nm @ 2500 rpm,AWD,5060,1788,1826,7,71,First
Hyundai,Tucson 2WD AT GLS Diesel,1600000,2016,128000,Diesel,Automatic,Pune,White,Corporate,1995 cc,182 bhp @ 4000 rpm,400 Nm @ 1750 rpm,FWD,4475,1850,1660,5,62,Second
Toyota,Etios V,265000,2011,66000,Petrol,Manual,Delhi,Black,Individual,1496 cc,80 bhp @ 5600 rpm,132 Nm @ 3000 rpm,FWD,4265,1695,1510,5,45,First
Volkswagen,Vento Comfortline Petrol,360000,2013,58000,Petrol,Manual,Chandigarh,Bronze,Individual,1598 cc,103 bhp @ 5250 rpm,153 Nm @ 3800 rpm,FWD,4384,1699,1466,5,55,First
Maruti Suzuki,Ritz Vdi BS-IV,350000,2012,89445,Diesel,Manual,Hyderabad,Grey,Individual,1248 cc,75@4000,190@2000,,3715,1680,1620,5,43,First
Toyota,Fortuner 3.0 4x2 MT,1485000,2015,64120,Diesel,Manual,Delhi,White,Individual,2982 cc,169 bhp @ 3600 rpm,343 Nm @ 1400 rpm,RWD,4705,1840,1850,7,80,Second
Maruti Suzuki,Ciaz Alpha 1.4 MT,800000,2017,82300,Petrol,Manual,Pune,White,Individual,1373 cc,91 bhp @ 6000 rpm,130 Nm @ 4000 rpm,FWD,4490,1730,1485,5,43,First
Maruti Suzuki,Vitara Brezza VDi,710000,2017,73000,Diesel,Manual,Lucknow,White,Individual,1248 cc,89 bhp @ 4000 rpm,200 Nm @ 1750 rpm,FWD,3995,1790,1640,5,48,First
Maruti Suzuki,S-Cross Alpha 1.6,710000,2018,72000,Diesel,Manual,Lucknow,Blue,Individual,1598 cc,118 bhp @ 3750 rpm,320 Nm @ 1750 rpm,FWD,4300,1765,1590,5,48,First
Volkswagen,Polo Highline1.0L (P),720000,2018,50197,Petrol,Manual,Pune,Grey,Individual,999 cc,75 bhp @ 6200 rpm,95 Nm @ 3000 rpm,FWD,3971,1682,1469,5,45,First
Honda,Amaze 1.2 S i-VTEC,395000,2014,44527,Petrol,Manual,Mumbai,Brown,Individual,1198 cc,87 bhp @ 6000 rpm,109 Nm @ 4500 rpm,FWD,3990,1680,1505,5,35,First
Audi,A4 35 TDI Technology,2799000,2017,72400,Diesel,Automatic,Bangalore,White,Individual,1968 cc,188 bhp @ 4200 rpm,400 Nm @ 1750 rpm,FWD,4726,1842,1427,5,54,First
Ford,Ecosport Trend 1.5 Ti-VCT,455000,2014,50000,Petrol,Manual,Delhi,White,Individual,1499 cc,109 bhp @ 6300 rpm,140 Nm @ 4400 rpm,FWD,3999,1765,1708,5,52,Second
Honda,City VX (O) MT,690000,2014,37000,Petrol,Manual,Delhi,White,Individual,1497 cc,117 bhp @ 6600 rpm,145 Nm @ 4600 rpm,FWD,4440,1695,1495,5,40,First
Mercedes-Benz,GLS 400d 4MATIC,13000000,2021,20000,Diesel,Automatic,Delhi,Blue,Individual,2925 cc,326 bhp @ 3600 rpm,700 Nm @ 1200 rpm,AWD,5207,2157,1823,7,90,First
Tata,Harrier XZA Plus Dark Edition,1995000,2020,8000,Diesel,Automatic,Bhubaneswar,Black,Individual,1956 cc,168 bhp @ 3750 rpm,350 Nm @ 1750 rpm,FWD,4598,1894,1706,5,50,First
BMW,5-Series 520d Luxury Line,1750000,2014,69000,Diesel,Automatic,Jalandhar,White,Individual,1995 cc,190 bhp @ 4000 rpm,400 Nm @ 1750 rpm,RWD,4899,2094,1464,5,65,Second
BMW,X1 sDrive20d xLine,2900000,2019,25000,Diesel,Automatic,Delhi,White,Individual,1995 cc,184 bhp @ 4000 rpm,350 Nm @ 1750 rpm,RWD,4454,2044,1545,5,63,First
BMW,X1 sDrive20d xLine,4500000,2022,17000,Diesel,Automatic,Mumbai,White,Individual,1995 cc,184 bhp @ 4000 rpm,350 Nm @ 1750 rpm,RWD,4454,2044,1545,5,63,First
Honda,City 1.5 S MT,450000,2013,61000,Petrol,Manual,Delhi,Maroon,Individual,1497 cc,116 bhp @ 6600 rpm,146 Nm @ 4800 rpm,FWD,4440,1695,1485,5,42,First
BMW,5-Series 520d Luxury Line [2017-2019],2149000,2015,69000,Diesel,Automatic,Delhi,Silver,Individual,1995 cc,188 bhp @ 4000 rpm,400 Nm @ 1750 rpm,RWD,4936,1868,1479,5,65,First
Mercedes-Benz,GL-Class 350 CDI,4200000,2015,77000,Diesel,Automatic,Chennai,Black,Individual,2987 cc,258 bhp @ 3600 rpm,619 Nm @ 1600 rpm,AWD,5120,1934,1850,7,100,Second
Tata,Nexon XT Diesel [2017-2019],860000,2018,82200,Diesel,Manual,Pune,Grey,Individual,1497 cc,108 bhp @ 3750 rpm,260 Nm @ 1500 rpm,FWD,3994,1811,1607,5,44,First
Honda,City V,875000,2018,28000,Petrol,Manual,Delhi,Silver,Individual,1497 cc,117 bhp @ 6600 rpm,145 Nm @ 4600 rpm,FWD,4440,1695,1495,5,40,First
Mahindra,Scorpio VLX 4WD BS-III,580000,2011,117000,Diesel,Manual,Salem,White,Individual,2179 cc,122@4000,290@1800,AWD,4430,1817,1975,7,60,Second
MG,Gloster Savvy 6 STR 2.0 Twin Turbo 4WD,3500000,2021,7900,Diesel,Automatic,Hyderabad,Black,Individual,1996 cc,215 bhp @ 4000 rpm,480 Nm @ 1500 rpm,AWD,4985,1926,1867,6,75,First
Maruti Suzuki,Swift DZire VXi,229999,2010,72000,Petrol,Manual,Kanpur,Silver,Individual,1298 cc,87@6000,113@4500,FWD,4160,1690,1530,5,43,First
Audi,Q3 2.0 TDI quattro Premium Plus,1513000,2015,79000,Diesel,Automatic,Ahmedabad,Blue,Individual,1968 cc,174 bhp @ 4200 rpm,380 Nm @ 1750 rpm,AWD,4385,1831,1608,5,64,Second
Maruti Suzuki,Alto VXi,234000,2013,72600,Petrol,Manual,Panchkula,White,Individual,998 cc,67 bhp @ 6200 rpm,90 Nm @ 3500 rpm,FWD,3620,1475,1460,5,35,First
Datsun,Redigo S 1.0 AMT [2018-2019],320000,2018,42313,Petrol,Automatic,Bangalore,Grey,Individual,999 cc,67 bhp @ 5500 rpm,91 Nm @ 4250 rpm,FWD,3429,1560,1541,5,28,Second
BMW,X3 xDrive 20d Luxury Line [2018-2020],5975000,2021,18000,Diesel,Automatic,Delhi,White,Individual,1995 cc,190 bhp @ 4000 rpm,400 Nm @ 1750 rpm,AWD,4657,1881,1678,5,67,First
Maruti Suzuki,Vitara Brezza ZDi Plus,1025000,2019,90000,Diesel,Manual,Hyderabad,White,Individual,1248 cc,89 bhp @ 4000 rpm,200 Nm @ 1750 rpm,FWD,3995,1790,1640,5,48,First
Maruti Suzuki,Alto LXi BS-III,169000,2010,18500,Petrol,Manual,Lucknow,Gold,Individual,796 cc,47@6200,62@3000,,3495,1475,1460,5,35,First
Maruti Suzuki,DZire VDi,630000,2017,36000,Diesel,Manual,Patna,Blue,Individual,1248 cc,74 bhp @ 4000 rpm,190 Nm @ 2000 rpm,FWD,3995,1735,1515,5,37,First
Hyundai,Venue SX Plus 1.0 Turbo DCT,1090000,2020,26200,Petrol,Automatic,Delhi,White,Individual,998 cc,118 bhp @ 6000 rpm,172 Nm @ 1500 rpm,FWD,3995,1770,1605,5,45,First
Maruti Suzuki,Swift LXi Special Edition,700000,2019,11000,Petrol,Manual,Chennai,Silver,Individual,1197 cc,82 bhp @ 6000 rpm,113 Nm @ 4200 rpm,FWD,3840,1735,1530,5,37,Second
Maruti Suzuki,Swift VXi,661000,2021,14366,Petrol,Manual,Ahmedabad,Others,Individual,1197 cc,89 bhp @ 6000 rpm,113 Nm @ 4400 rpm,FWD,3845,1735,1530,5,37,First
Tata,Grande GX,250999,2011,98000,Diesel,Manual,Mumbai,Silver,Individual,2179 cc,120@4000,250@1500,,4421,1780,1940,7,65,First
Mahindra,TUV300 T8,565000,2017,65000,Diesel,Manual,Delhi,Red,Individual,1493 cc,84 bhp @ 3750 rpm,230 Nm @ 1500 rpm,RWD,3995,1835,1839,7,60,Second
Toyota,Innova 2.5 G 7 STR BS-IV,750000,2014,126000,Diesel,Manual,Delhi,Silver,Individual,2494 cc,100 bhp @ 3600 rpm,200 Nm @ 1400 rpm,RWD,4585,1760,1760,7,55,First
Audi,Q3 35 TDI Premium + Sunroof,1850000,2015,71700,Diesel,Automatic,Navi Mumbai,White,Individual,1968 cc,174 bhp @ 4200 rpm,380 Nm @ 1750 rpm,AWD,4385,1831,1608,5,64,Second
Mahindra,XUV500 W6,850000,2016,114000,Diesel,Manual,Lucknow,White,Individual,2179 cc,138 bhp @ 3750 rpm,330 Nm @ 1600 rpm,FWD,4585,1890,1785,7,70,First
Hyundai,Elite i20 Asta 1.4 CRDI [2016-2017],535000,2016,58339,Diesel,Manual,Panchkula,Grey,Individual,1396 cc,89 bhp @ 4000 rpm,220 Nm @ 1500 rpm,FWD,3985,1734,1505,5,45,First
Volkswagen,Vento Highline Petrol AT,345000,2011,50667,Petrol,Automatic,Mumbai,White,Individual,,,,,,,,,,Second
Maruti Suzuki,DZire VDi AMT,770000,2019,72040,Diesel,Automatic,Pune,Silver,Individual,1248 cc,74 bhp @ 4000 rpm,190 Nm @ 2000 rpm,FWD,3995,1735,1515,5,37,First
BMW,3-Series 330i M Sport Edition,3650000,2019,6000,Petrol,Automatic,Delhi,White,Individual,1998 cc,248 bhp @ 5200 rpm,350 Nm @ 1450 rpm,RWD,4633,1811,1429,5,57,First
Kia,Sonet GTX Plus 1.0 iMT [2020-2021],1195000,2022,6200,Petrol,Manual,Kolkata,Red,Individual,998 cc,118 bhp @ 6000 rpm,172 Nm @ 1500 rpm,FWD,3995,1790,1647,5,45,First
Mercedes-Benz,S-Class 500L,1650000,2012,44000,Petrol,Automatic,Mumbai,Silver,Individual,5461 cc,368 bhp @ 6300 rpm,505 Nm @ 4400 rpm,RWD,5226,2120,1479,5,90,Third
Skoda,Superb L&K TSI AT,3199000,2021,6900,Petrol,Automatic,Kolkata,Brown,Individual,1798 cc,177 bhp @ 5100 rpm,250 Nm @ 1250 rpm,FWD,4861,1864,1483,5,66,First
Mercedes-Benz,E-Class E 200 Exclusive [2019-2019],7100000,2022,2500,Petrol,Automatic,Noida,Grey,Individual,1991 cc,194 bhp @ 5800 rpm,300 Nm @ 1600 rpm,RWD,5063,1860,1494,5,80,First
Volkswagen,Polo GT TSI,625000,2016,68000,Petrol,Automatic,Delhi,White,Individual,1197 cc,103 bhp @ 5000 rpm,175 Nm @ 1500 rpm,FWD,3971,1682,1469,5,45,First
Maruti Suzuki,Vitara Brezza VDi,745000,2018,36000,Diesel,Manual,Patna,White,Individual,1248 cc,89 bhp @ 4000 rpm,200 Nm @ 1750 rpm,FWD,3995,1790,1640,5,48,First
Hyundai,Santro Sportz,551000,2021,19000,Petrol,Manual,Ahmedabad,White,Individual,1086 cc,68 bhp @ 5500 rpm,99 Nm @ 4500 rpm,FWD,3610,1645,1560,5,35,First
Mercedes-Benz,E-Class E 220 d Avantgarde,5950000,2019,10000,Diesel,Automatic,Chennai,White,Individual,1950 cc,192 bhp @ 3800 rpm,400 Nm @ 1600 rpm,RWD,5063,1860,1494,5,80,First
Land Rover,Range Rover 3.0 V6 Diesel Vogue,22000000,2019,35000,Diesel,Automatic,Pune,Blue,Individual,2993 cc,244 bhp @ 4000 rpm,600 Nm @ 2000 rpm,AWD,4999,2220,1835,5,105,First
MINI,Cooper D 3 Door,3300000,2019,6400,Diesel,Automatic,Delhi,Red,Individual,1496 cc,114 bhp @ 4000 rpm,270 Nm @ 1750 rpm,FWD,3821,1727,1414,5,44,First
Ford,Endeavour Titanium Plus 3.2 4x4 AT,3250000,2019,34000,Diesel,Automatic,Chennai,White,Individual,3198 cc,197 bhp @ 3000 rpm,470 Nm @ 1750 rpm,AWD,4903,1869,1837,7,80,First
Renault,Duster 110 PS RXZ 4X2 AMT Diesel,690000,2016,35000,Diesel,Automatic,Delhi,Grey,Individual,1461 cc,108 bhp @ 3900 rpm,248 Nm @ 2250 rpm,FWD,4315,1822,1695,5,50,Second
Maruti Suzuki,Vitara Brezza VDi AGS,894999,2019,46000,Diesel,Automatic,Mumbai,White,Individual,1248 cc,89 bhp @ 4000 rpm,200 Nm @ 1750 rpm,FWD,3995,1790,1640,5,48,First
Skoda,Rapid Ambition 1.6 TDI CR MT,550000,2016,83000,Diesel,Manual,Chandigarh,White,Individual,1598 cc,105 bhp @ 4400 rpm,250 Nm @ 2500 rpm,FWD,4386,1699,1466,5,55,First
Ford,Ecosport Trend 1.5 TDCi,399000,2013,54000,Diesel,Manual,Mumbai,Orange,Individual,1498 cc,89 bhp @ 3750 rpm,204 Nm @ 2000 rpm,FWD,3999,1765,1708,5,52,Third
Kia,Seltos HTX 1.5 [2020-2021],1275000,2020,42000,Petrol,Manual,Ahmedabad,Black,Individual,1497 cc,113 bhp @ 6300 rpm,144 Nm @ 4500 rpm,FWD,4315,1800,1645,5,50,First
Maruti Suzuki,Eeco 5 STR WITH A/C+HTR [2019-2020],535000,2020,41441,Petrol,Manual,Bangalore,Silver,Individual,1196 cc,73 bhp @ 6000 rpm,101 Nm @ 3000 rpm,RWD,3675,1475,1800,5,40,First
Maruti Suzuki,Vitara Brezza VDi,825000,2018,48174,Diesel,Manual,Thane,White,Individual,1248 cc,89 bhp @ 4000 rpm,200 Nm @ 1750 rpm,FWD,3995,1790,1640,5,48,First
Ford,Ecosport Ambiente 1.5L TDCi,585000,2016,62591,Diesel,Manual,Mumbai,Silver,Individual,1498 cc,99 bhp @ 3750 rpm,205 Nm @ 1750 rpm,FWD,3998,1765,1647,5,52,First
Honda,Jazz V AT Petrol,675000,2017,48650,Petrol,Automatic,Mumbai,Brown,Individual,1199 cc,89 bhp @ 6000 rpm,110 Nm @ 4800 rpm,FWD,3955,1694,1544,5,40,First
Maruti Suzuki,S-Cross Alpha 1.3,795000,2017,52245,Diesel,Manual,Pune,Brown,Individual,1248 cc,89 bhp @ 4000 rpm,200 Nm @ 1750 rpm,FWD,4300,1785,1595,5,48,First
Mercedes-Benz,E-Class E 200 Exclusive [2019-2019],6500000,2021,7500,Petrol,Automatic,Delhi,Black,Individual,1991 cc,194 bhp @ 5800 rpm,300 Nm @ 1600 rpm,RWD,5063,1860,1494,5,80,First
Hyundai,Elite i20 Sportz 1.4 CRDI,611000,2017,65000,Diesel,Manual,Kheda,White,Individual,1396 cc,89 bhp @ 4000 rpm,220 Nm @ 1500 rpm,FWD,3985,1734,1505,5,45,First
Maruti Suzuki,Wagon R VXI,390000,2015,43297,Petrol,Manual,Kollam,Red,Individual,998 cc,67 bhp @ 6200 rpm,90 Nm @ 3500 rpm,FWD,3599,1495,1700,5,35,First
Maruti Suzuki,Swift VXi [2014-2017],650000,2019,44710,Petrol,Manual,Pune,White,Individual,1197 cc,83 bhp @ 6000 rpm,115 Nm @ 4000 rpm,FWD,3850,1695,1530,5,42,First
Renault,Fluence 1.5 E4,390000,2013,62000,Diesel,Manual,Lucknow,Silver,Individual,1461 cc,108 bhp @ 4000 rpm,240 Nm @ 1850 rpm,FWD,4618,1813,1488,5,67,First
Audi,A4 35 TDI Technology,2400000,2017,59267,Diesel,Automatic,Kolkata,Silver,Individual,1968 cc,188 bhp @ 4200 rpm,400 Nm @ 1750 rpm,FWD,4726,1842,1427,5,54,First
Maruti Suzuki,Swift VXi,385000,2011,69000,Petrol,Manual,Hyderabad,Silver,Individual,1197 cc,85 bhp @ 6000 rpm,114 Nm @ 4000 rpm,FWD,3850,1695,1530,5,42,First
Maruti Suzuki,Swift DZire VXI,450000,2017,75000,Petrol,Manual,Kanpur,White,Commercial Registration,1197 cc,83 bhp @ 6000 rpm,115 Nm @ 4000 rpm,FWD,3995,1695,1555,5,42,First
Hyundai,Grand i10 Sports Edition 1.2L Kappa VTVT,649000,2020,52236,Petrol,Manual,Udupi,Silver,Individual,1197 cc,81 bhp @ 6000 rpm,114 Nm @ 4000 rpm,FWD,3765,1660,1520,5,43,First
Skoda,Kodiaq L&K 2.0 TDI 4x4 AT,3499000,2020,47000,Diesel,Automatic,Mumbai,White,Individual,,,,,4697,1882,1665,7,63,First
Audi,A3 35 TDI Premium + Sunroof,2900000,2019,15530,Diesel,Automatic,Goa,White,Individual,1968 cc,141 bhp @ 3500 rpm,320 Nm @ 1750 rpm,FWD,4456,1796,1416,5,50,First
Maruti Suzuki,Swift DZire VDI,400000,2014,64000,Diesel,Manual,Agra,White,Individual,1248 cc,74 bhp @ 4000 rpm,190 Nm @ 2000 rpm,FWD,3995,1695,1555,5,42,First
Hyundai,Grand i10 NIOS Sportz AMT 1.2 Kappa VTVT,599000,2020,35000,Petrol,Automatic,Kolkata,Silver,Individual,1197 cc,82 bhp @ 6000 rpm,114 Nm @ 4000 rpm,FWD,3805,1680,1520,5,37,First
Toyota,Fortuner 2.8 4x2 MT [2016-2020],2980000,2019,92000,Diesel,Manual,Lucknow,Black,Individual,2755 cc,174 bhp @ 3400 rpm,420 Nm @ 1600 rpm,RWD,4795,1855,1835,7,80,First
Audi,A4 30 TFSI Technology Pack,3500000,2018,18000,Petrol,Automatic,Mumbai,White,Individual,1395 cc,148 bhp @ 5000 rpm,250 Nm @ 1500 rpm,FWD,4726,1842,1427,5,54,First
Honda,Jazz V Petrol,400000,2016,50000,Petrol,Manual,Kolkata,Red,Individual,1199 cc,89 bhp @ 6000 rpm,110 Nm @ 4800 rpm,FWD,3955,1694,1544,5,40,First
Mercedes-Benz,GLC 200 Progressive,6975000,2022,2000,Petrol,Automatic,Karnal,White,Individual,1991 cc,194 bhp @ 5500 rpm,320 Nm @ 1650 rpm,RWD,4658,1890,1644,5,66,First
Audi,A4 2.0 TDI Sline,745000,2013,72000,Diesel,Automatic,Gurgaon,Black,Individual,,,,,,,,,,First
Mercedes-Benz,GLE 250 d,5400000,2016,16000,Diesel,Automatic,Karnal,White,Individual,2143 cc,201 bhp @ 3800 rpm,500 Nm @ 1600 rpm,AWD,4819,2141,1796,5,93,First
Mercedes-Benz,GL-Class 350 CDI,3700000,2015,103890,Diesel,Automatic,Lucknow,Black,Individual,2987 cc,258 bhp @ 3600 rpm,619 Nm @ 1600 rpm,AWD,5120,1934,1850,7,100,Second
Maruti Suzuki,Celerio ZXi [2017-2019],445000,2018,71000,Petrol,Manual,Ludhiana,White,Individual,998 cc,67 bhp @ 6000 rpm,90 Nm @ 3500 rpm,FWD,3600,1600,1560,5,35,First
Mahindra,Thar LX 4-STR Hard Top Diesel MT,1475000,2021,12000,Diesel,Manual,Ludhiana,Red,Individual,2184 cc,130 bhp @ 3750 rpm,300 Nm @ 1600 rpm,AWD,3985,1820,1844,4,57,First
Toyota,Fortuner 2.8 4x2 AT [2016-2020],2800000,2016,93000,Diesel,Automatic,Mohali,White,Individual,2755 cc,174 bhp @ 3400 rpm,450 Nm @ 1600 rpm,RWD,4795,1855,1835,7,80,First
Hyundai,Eon Magna [2011-2012],190000,2013,63000,Petrol,Manual,Ludhiana,White,Individual,814 cc,56@5500,75@4000,,3495,1550,1500,5,32,Second
Maruti Suzuki,Swift VXi [2014-2017],600000,2020,10000,Petrol,Manual,Meerut,White,Individual,1197 cc,83 bhp @ 6000 rpm,115 Nm @ 4000 rpm,FWD,3850,1695,1530,5,42,First
Kia,Seltos GTX Plus AT 1.5 Diesel [2019-2020],1835000,2020,33828,Diesel,Automatic,Mumbai,White,Individual,1493 cc,114 bhp @ 4000 rpm,250 Nm @ 1500 rpm,FWD,4315,1800,1645,5,50,First
Maruti Suzuki,Wagon R LXi 1.0 CNG [2019-2020],550000,2019,48000,CNG,Manual,Mumbai,Silver,Individual,998 cc,58 bhp @ 5500 rpm,78 Nm @ 3500 rpm,FWD,3655,1620,1675,5,60,First
Maruti Suzuki,Vitara Brezza ZDi+ Dual Tone [2017-2018],715000,2017,71000,Diesel,Manual,Delhi,Red,Individual,1248 cc,89 bhp @ 4000 rpm,200 Nm @ 1750 rpm,FWD,3995,1790,1640,5,48,First
Mahindra,XUV700 AX 7 Diesel AT 7 STR,2540000,2022,18000,Diesel,Automatic,Delhi,White,Individual,2184 cc,182 bhp @ 3500 rpm,450 Nm @ 1750 rpm,FWD,4695,1890,1755,7,60,First
Maruti Suzuki,Wagon R LXi (O) 1.0 CNG [2019-2020],525000,2019,50000,CNG,Manual,Delhi,Grey,Individual,998 cc,58 bhp @ 5500 rpm,78 Nm @ 3500 rpm,FWD,3655,1620,1675,5,60,First
Hyundai,Grand i10 Sportz (O) 1.2 Kappa VTVT [2017-2018],425000,2015,48000,Petrol,Manual,Delhi,Silver,Individual,1197 cc,81 bhp @ 6000 rpm,114 Nm @ 4000 rpm,FWD,3765,1660,1520,5,43,First
Hyundai,Elite i20 Sportz 1.2 IVT,795000,2022,4000,Petrol,Automatic,Kanpur,White,Individual,1197 cc,87 bhp @ 6000 rpm,115 Nm @ 1500 rpm,FWD,3995,1775,1505,5,37,First
Honda,City 1.5 V MT,269000,2010,73000,Petrol,Manual,Delhi,Silver,Individual,1497 cc,118@6600,146@4600,FWD,4420,1695,1480,5,42,Second
Toyota,Fortuner 4x2 AT,1450000,2013,170669,Diesel,Automatic,Mumbai,White,Individual,2982 cc,171 @3600,343 @1400,,4705,1840,1850,7,80,First
Hyundai,Verna Fluidic 1.6 CRDi,565000,2014,68000,Diesel,Manual,Lucknow,White,Individual,1582 cc,128 bhp @ 4000 rpm,260 Nm @ 1900 rpm,FWD,4370,1700,1475,5,43,First
BMW,5-Series 520d Luxury Line,2550000,2015,70000,Diesel,Automatic,Coimbatore,Blue,Individual,1995 cc,190 bhp @ 4000 rpm,400 Nm @ 1750 rpm,RWD,4899,2094,1464,5,65,Second
Hyundai,i20 Active 1.2 S,529000,2015,57654,Petrol,Manual,Zirakpur,White,Individual,1197 cc,82 bhp @ 6000 rpm,115 Nm @ 4000 rpm,FWD,3995,1760,1555,5,45,First
Maruti Suzuki,Alto VXi (O),400000,2019,22000,Petrol,Manual,Ludhiana,White,Individual,998 cc,67 bhp @ 6000 rpm,90 Nm @ 3500 rpm,FWD,3545,1490,1475,5,35,First
Volkswagen,Vento Trendline Diesel,360000,2012,80000,Diesel,Manual,Chandigarh,White,Individual,,,,,,,,,,Second
Maruti Suzuki,XL6 Zeta MT Petrol,975000,2019,41792,Petrol,Manual,Pune,Blue,Individual,1462 cc,103 bhp @ 6000 rpm,138 Nm @ 4400 rpm,FWD,4445,1775,1700,6,45,First
BMW,X1 sDrive20d Expedition,2600000,2017,41000,Diesel,Automatic,Hyderabad,Blue,Individual,1995 cc,188 bhp @ 4000 rpm,400 Nm @ 1750 rpm,FWD,4439,1821,1612,5,51,First
Mercedes-Benz,GL-Class 350 CDI,2390000,2013,107021,Diesel,Automatic,Delhi,White,Individual,2987 cc,258 bhp @ 3600 rpm,619 Nm @ 1600 rpm,AWD,5120,1934,1850,7,100,Second
Kia,Seltos GTX Plus 1.4 [2020-2021],1550000,2019,17000,Petrol,Manual,Bangalore,White,Individual,1353 cc,138 bhp @ 6000 rpm,242 Nm @ 1500 rpm,FWD,4315,1800,1645,5,50,First
Maruti Suzuki,Alto VXi AMT,430000,2019,57993,Petrol,Automatic,Hyderabad,White,Individual,998 cc,67 bhp @ 6000 rpm,90 Nm @ 3500 rpm,FWD,3545,1490,1475,5,35,First
Tata,Tigor EV XZ Plus,1275000,2021,18000,Electric,Automatic,Hyderabad,Grey,Individual,,,,FWD,3993,1677,1532,5,,First
Maruti Suzuki,Baleno Delta 1.2,600000,2018,32000,Petrol,Manual,Mohali,Silver,Individual,1197 cc,83 bhp @ 6000 rpm,115 Nm @ 4000 rpm,FWD,3995,1745,1500,5,37,First
Toyota,Corolla Altis VL AT Petrol,1650000,2018,25914,Petrol,Automatic,Pune,Brown,Corporate,1798 cc,138 bhp @ 6400 rpm,173 Nm @ 4000 rpm,FWD,4620,1775,1475,5,55,First
Jaguar,XF 3.0 V6 Premium Luxury,3350000,2014,49235,Diesel,Automatic,Bangalore,Purple,Individual,,,,,,,,,,First
Audi,Q7 Technology 55 TFSI,9400000,2022,4500,Petrol,Automatic,Delhi,Black,Individual,2995 cc,335 bhp @ 5200 rpm,500 Nm @ 1370 rpm,AWD,5064,1970,1703,7,85,First
Maruti Suzuki,Alto VXi,250000,2014,114000,Petrol,Manual,Aurangabad,White,Individual,998 cc,67 bhp @ 6200 rpm,90 Nm @ 3500 rpm,FWD,3620,1475,1460,5,35,Second
Mahindra,XUV500 W10 AT,994999,2016,105000,Diesel,Automatic,Mumbai,Grey,Individual,2179 cc,138 bhp @ 3750 rpm,330 Nm @ 1600 rpm,FWD,4585,1890,1785,7,70,Second
Maruti Suzuki,Vitara Brezza LDi (O) [2016-2018],675000,2016,45000,Diesel,Manual,Jalandhar,Red,Individual,1248 cc,89 bhp @ 4000 rpm,200 Nm @ 1750 rpm,FWD,3995,1790,1640,5,48,First
Maruti Suzuki,Swift DZire VXI,455000,2014,30183,Petrol,Manual,Mumbai,Grey,Individual,1197 cc,85 bhp @ 6000 rpm,114 Nm @ 4000 rpm,FWD,3995,1695,1555,5,42,First
Volkswagen,Polo Comfortline 1.2L (D),375000,2012,78000,Diesel,Manual,Raipur,Grey,Individual,,,,,,,,,,Third
Maruti Suzuki,Wagon R VXI,345000,2016,73190,Petrol,Manual,Nagpur,Grey,Individual,998 cc,67 bhp @ 6200 rpm,90 Nm @ 3500 rpm,FWD,3599,1495,1700,5,35,Second
BMW,X1 sDrive20i xLine,4700000,2022,13120,Petrol,Automatic,Pune,White,Individual,1998 cc,189 bhp @ 5000 rpm,280 Nm @ 1350 rpm,FWD,4447,1821,1598,5,51,First
Hyundai,Elantra 1.8 SX MT,700000,2014,64000,Petrol,Manual,Dehradun,White,Individual,1797 cc,147 bhp @ 6500 rpm,177 Nm @ 4700 rpm,FWD,4530,1775,1470,5,56,First
Honda,City E Diesel,499000,2014,140000,Diesel,Manual,Hyderabad,White,Individual,1498 cc,99 bhp @ 3600 rpm,200 Nm @ 1750 rpm,FWD,4440,1695,1495,5,40,First
Maruti Suzuki,Ciaz VXi,590000,2015,39000,Petrol,Manual,Delhi,White,Individual,1373 cc,91 bhp @ 6000 rpm,130 Nm @ 4000 rpm,FWD,4490,1730,1485,5,43,First
Nissan,Micra XV CVT [2016-2017],490000,2014,56918,Petrol,Automatic,Coimbatore,Blue,Individual,1198 cc,76 bhp @ 6000 rpm,104 Nm @ 4400 rpm,FWD,3825,1665,1530,5,41,Second
Maruti Suzuki,DZire VDi AMT,695000,2018,55000,Diesel,Automatic,Delhi,Grey,Individual,1248 cc,74 bhp @ 4000 rpm,190 Nm @ 2000 rpm,FWD,3995,1735,1515,5,37,First
Hyundai,Venue SX 1.4 CRDi,1025000,2019,42000,Diesel,Manual,Mumbai,Silver,Individual,1396 cc,89 bhp @ 4000 rpm,220 Nm @ 1500 rpm,FWD,3995,1770,1605,5,45,First
Volkswagen,Tiguan AllSpace 2.0 TSI,3375000,2021,25000,Petrol,Automatic,Mumbai,Silver,Individual,1984 cc,188 bhp @ 4200 rpm,320 Nm @ 1500 rpm,AWD,4701,1839,1674,7,60,First
Toyota,Innova 2.4 VX 8 STR [2016-2020],2250000,2019,28000,Diesel,Manual,Pune,Maroon,Individual,2393 cc,148 bhp @ 3400 rpm,343 Nm @ 1400 rpm,RWD,4735,1830,1795,8,55,First
Mercedes-Benz,GLA 200 d Sport,2650000,2018,43000,Diesel,Automatic,Mumbai,Grey,Individual,2143 cc,134 bhp @ 3600 rpm,300 Nm @ 1600 rpm,FWD,4424,1804,1494,5,50,Second
Maruti Suzuki,Baleno Delta 1.2,715000,2021,16000,Petrol,Manual,Delhi,Grey,Individual,1197 cc,83 bhp @ 6000 rpm,115 Nm @ 4000 rpm,FWD,3995,1745,1500,5,37,First
Hyundai,Creta SX 1.6 AT CRDi,1200000,2019,27657,Diesel,Automatic,Kolkata,Grey,Individual,1582 cc,126 bhp @ 4000 rpm,260 Nm @ 1500 rpm,FWD,4270,1780,1665,5,55,Second
Hyundai,Eon 1.0 Kappa Magna + [2014-2016],275000,2012,30000,Petrol,Manual,Indore,White,Individual,998 cc,68 bhp @ 6200 rpm,94 Nm @ 3500 rpm,FWD,3515,1500,1510,5,32,First
Honda,City 1.5 V MT,445000,2012,111000,Petrol,Manual,Ernakulam,Red,Individual,1497 cc,116 bhp @ 6600 rpm,146 Nm @ 4800 rpm,FWD,4440,1695,1485,5,42,First
Mercedes-Benz,A-Class A 200d,1850000,2016,37600,Diesel,Automatic,Pune,Red,Individual,2143 cc,134 bhp @ 3600 rpm,300 Nm @ 1400 rpm,FWD,4299,1780,1433,4,50,First
Maruti Suzuki,Baleno Alpha 1.3,665000,2017,48000,Diesel,Manual,Delhi,Blue,Individual,1248 cc,74 bhp @ 4000 rpm,190 Nm @ 2000 rpm,FWD,3995,1745,1500,5,37,First
Hyundai,Creta EX 1.4 CRDi,1090000,2019,37000,Diesel,Manual,Hyderabad,Blue,Individual,1396 cc,89 bhp @ 4000 rpm,220 Nm @ 1500 rpm,FWD,4270,1780,1665,5,55,First
Mercedes-Benz,S-Class S 350 CDI,5500000,2015,54000,Diesel,Automatic,Faridabad,White,Individual,2987 cc,255 bhp @ 3600 rpm,620 Nm @ 1600 rpm,RWD,5246,1899,1494,5,70,First
Audi,A6 35 TDI Matrix,2400000,2017,81802,Diesel,Automatic,Nashik,Blue,Individual,1968 cc,190 bhp @ 3800 rpm,400 Nm @ 1750 rpm,FWD,4933,1874,1455,5,75,Second
Hyundai,Verna SX Plus 1.6 CRDi AT,1085000,2018,45915,Diesel,Automatic,Mumbai,Black,Individual,1582 cc,126 bhp @ 4000 rpm,260 Nm @ 1500 rpm,FWD,4440,1729,1475,5,45,First
Hyundai,Alcazar Signature (O) 6 STR 2.0 Petrol AT,2140000,2021,24000,Petrol,Automatic,Mumbai,Grey,Individual,1999 cc,157 bhp @ 6500 rpm,191 Nm @ 4500 rpm,FWD,4500,1790,1675,6,50,First
Honda,Amaze 1.2 V CVT Petrol [2018-2020],795000,2019,22224,Petrol,Automatic,Pune,Grey,Individual,1199 cc,89 bhp @ 6000 rpm,110 Nm @ 4800 rpm,FWD,3995,1695,1501,5,35,First
Maruti Suzuki,Ertiga VXI CNG,1080000,2021,38000,CNG,Manual,Delhi,White,Individual,1373 cc,94 bhp @ 6000 rpm,130 Nm @ 4000 rpm,FWD,4296,1695,1685,7,45,First
Honda,Amaze 1.2 S MT Petrol [2018-2020],628000,2018,53848,Petrol,Manual,Delhi,Maroon,Individual,1199 cc,89 bhp @ 6000 rpm,110 Nm @ 4800 rpm,FWD,3995,1695,1501,5,35,First
BMW,3-Series 320d Luxury Line,1550000,2013,104264,Diesel,Automatic,Hyderabad,Red,Individual,1995 cc,188 bhp @ 4000 rpm,400 Nm @ 1750 rpm,RWD,4633,1811,1429,5,57,Second
Mercedes-Benz,E-Class E 200,2400000,2016,61159,Petrol,Automatic,Mumbai,Black,Individual,1991 cc,184 bhp @ 5500 rpm,300 Nm @ 1200 rpm,RWD,4879,1854,1474,5,80,Second
Honda,City VX (O) MT,595000,2015,72000,Petrol,Manual,Meerut,Brown,Individual,1497 cc,117 bhp @ 6600 rpm,145 Nm @ 4600 rpm,FWD,4440,1695,1495,5,40,First
Land Rover,Evoque SE,3450000,2016,29000,Diesel,Automatic,Delhi,Blue,Individual,2179 cc,188 bhp @ 3500 rpm,420 Nm @ 1750 rpm,AWD,4465,1900,1635,5,57,First
Honda,WR-V VX MT Petrol,819999,2018,42000,Petrol,Manual,Chennai,Maroon,Individual,1199 cc,89 bhp @ 6000 rpm,110 Nm @ 4800 rpm,FWD,3999,1734,1601,5,40,First
Audi,Q5 2.0 TDI quattro Premium Plus,1490000,2012,40000,Diesel,Automatic,Raipur,Black,Individual,1968 cc,174 bhp @ 4200 rpm,380 Nm @ 1750 rpm,AWD,4629,1898,1653,5,75,First
Mahindra,XUV300 1.5 W6 [2019-2020],950000,2020,57400,Diesel,Manual,Agra,White,Individual,1497 cc,115 bhp @ 3750 rpm,300 Nm @ 1500 rpm,FWD,3995,1821,1627,5,42,First
Jaguar,XF Prestige Diesel CBU,3750000,2019,13500,Diesel,Automatic,Delhi,Silver,Individual,1999 cc,177 bhp @ 4000 rpm,430 Nm @ 1750 rpm,RWD,5067,2091,1457,5,66,Second
Mercedes-Benz,C-Class C200 Progressive,4950000,2021,12400,Petrol,Automatic,Pune,Blue,Individual,1991 cc,201 bhp @ 5800 rpm,300 Nm @ 1200 rpm,RWD,4686,1810,1442,5,66,First
Jeep,Compass Model S (O) Diesel 4x4 AT,2950000,2021,38000,Diesel,Automatic,Pune,White,Individual,1956 cc,168 bhp @ 3750 rpm,350 Nm @ 1750 rpm,AWD,4405,1818,1640,5,60,First
MG,Hector Sharp 1.5 DCT Petrol [2019-2020],1625000,2019,7000,Petrol,Automatic,Pune,Red,Individual,1451 cc,141 bhp @ 5000 rpm,250 Nm @ 1600 rpm,,4655,1835,1760,5,60,First
Toyota,Fortuner 3.0 4x4 MT,1290000,2012,121000,Diesel,Manual,Ludhiana,Gold,Individual,2982 cc,169 bhp @ 3600 rpm,343 Nm @ 1400 rpm,AWD,4705,1840,1850,7,80,Second
Toyota,Etios Liva GD,625000,2015,76000,Diesel,Manual,Pune,White,Individual,1364 cc,67 bhp @ 3800 rpm,170 Nm @ 1800 rpm,FWD,3775,1695,1510,5,45,First
Mahindra,XUV500 W10,1490000,2018,50000,Diesel,Manual,Chennai,Maroon,Individual,2179 cc,138 bhp @ 3750 rpm,330 Nm @ 1600 rpm,FWD,4585,1890,1785,7,70,First
Hyundai,i10 Asta 1.2 AT with Sunroof,325000,2013,46721,Petrol,Automatic,Thane,Silver,Individual,1197 cc,80@5200,111@4000,FWD,3565,1595,1550,5,35,Second
Mahindra,XUV500 W10 AT,1190000,2017,41470,Diesel,Automatic,Delhi,Black,Individual,2179 cc,138 bhp @ 3750 rpm,330 Nm @ 1600 rpm,FWD,4585,1890,1785,7,70,First
Mahindra,Scorpio VLX 2WD Airbag BS-IV,625000,2013,170000,Diesel,Manual,Salem,White,Individual,2179 cc,120 bhp @ 4000 rpm,290 Nm @ 1800 rpm,RWD,4430,1817,1975,8,60,Third
Land Rover,Range Rover Sport SDV6 HSE,5375000,2014,80000,Diesel,Automatic,Delhi,White,Individual,2993 cc,289 bhp @ 4000 rpm,600 Nm @ 2000 rpm,AWD,4879,2073,1780,5,77,Second
Honda,City ZX CVT Petrol [2017-2019],1138000,2018,6000,Petrol,Automatic,Mumbai,Silver,Corporate,1497 cc,117 bhp @ 6600 rpm,145 Nm @ 4600 rpm,FWD,4440,1695,1495,5,40,First
Audi,A4 1.8 TFSI Multitronic Premium Plus,4250000,2021,17000,Petrol,Automatic,Mumbai,White,Individual,1798 cc,170 bhp @ 3800 rpm,320 Nm @ 1400 rpm,FWD,4701,1826,1427,5,63,First
Honda,Brio S MT,365000,2014,31000,Petrol,Manual,Kharar,White,Individual,1198 cc,87 bhp @ 6000 rpm,109 Nm @ 4500 rpm,FWD,3610,1680,1500,5,35,First
Chevrolet,Cruze LTZ AT,475000,2014,73265,Diesel,Automatic,Delhi,White,Individual,1998 cc,164 bhp @ 3800 rpm,380 Nm @ 2000 rpm,FWD,4597,1788,1477,5,60,Second
Hyundai,Creta SX 1.6 CRDi,1225000,2019,47000,Diesel,Manual,Jalandhar,White,Individual,1582 cc,126 bhp @ 4000 rpm,260 Nm @ 1500 rpm,FWD,4270,1780,1665,5,55,First
Maruti Suzuki,Ertiga VDI SHVS,725000,2017,42000,Diesel,Manual,Delhi,White,Individual,1248 cc,89 bhp @ 4000 rpm,200 Nm @ 1750 rpm,FWD,4296,1695,1685,7,45,First
Mercedes-Benz,GLA 200 CDI Sport,2450000,2017,25000,Diesel,Automatic,Mumbai,White,Individual,2143 cc,134 bhp @ 3600 rpm,300 Nm @ 1600 rpm,FWD,4417,1804,1494,5,50,Second
Hyundai,Sonata 2.0 CRDi,225000,2009,140000,Diesel,Manual,Yamunanagar,Silver,Individual,1991 cc,142@4000,323@2000,FWD,4800,1832,1485,5,70,Third
Maruti Suzuki,DZire VXi AMT,695000,2018,68818,Petrol,Automatic,Mumbai,Silver,Individual,1197 cc,82 bhp @ 6000 rpm,113 Nm @ 4200 rpm,FWD,3995,1735,1515,5,37,First
Toyota,Innova 2.8 ZX AT 7 STR [2016-2020],2200000,2018,57000,Diesel,Automatic,Pune,Grey,Individual,2755 cc,172 bhp @ 3400 rpm,360 Nm @ 1200 rpm,RWD,4735,1830,1795,7,55,First
Honda,Amaze 1.5 VX CVT Diesel,950000,2020,39000,Diesel,Automatic,Ludhiana,White,Individual,1498 cc,79 bhp @ 3600 rpm,160 Nm @ 1750 rpm,FWD,3995,1695,1501,5,35,First
Toyota,Innova ZX 2.7 AT 7 STR,2598000,2022,12050,Petrol,Automatic,Delhi,Black,Individual,2694 cc,164 bhp @ 5200 rpm,245 Nm @ 4000 rpm,RWD,4735,1830,1795,7,65,First
Honda,Jazz VX Petrol,585000,2017,24100,Petrol,Manual,Mumbai,Silver,Individual,1199 cc,89 bhp @ 6000 rpm,110 Nm @ 4800 rpm,FWD,3955,1694,1544,5,40,First
Ford,Aspire Titanium 1.2 Ti-VCT,434999,2017,23000,Petrol,Manual,Delhi,White,Individual,1196 cc,87 bhp @ 6300 rpm,112 Nm @ 4000 rpm,FWD,3995,1695,1525,5,42,First
Maruti Suzuki,Swift VDi,295000,2009,185000,Diesel,Manual,Coimbatore,Grey,Individual,1248 cc,75@4000,190@2000,FWD,3760,1690,1530,5,43,First
Maruti Suzuki,Ciaz Delta 1.5 Diesel,910000,2019,76000,Diesel,Manual,Hyderabad,White,Individual,1498 cc,94 bhp @ 4000 rpm,225 Nm @ 1500 rpm,FWD,4490,1730,1485,5,43,First
Maruti Suzuki,Celerio VXi,565000,2020,47000,Petrol,Manual,Hyderabad,White,Individual,998 cc,67 bhp @ 6000 rpm,90 Nm @ 3500 rpm,FWD,3695,1600,1560,5,35,First
Toyota,Urban Cruiser Premium Grade AT,1050000,2021,1910,Petrol,Automatic,Varanasi,White,Individual,1462 cc,103 bhp @ 6000 rpm,138 Nm @ 4400 rpm,FWD,3995,1790,1640,5,48,First
Hyundai,Creta E Plus 1.4 CRDI,990000,2019,23000,Diesel,Manual,Ahmedabad,Orange,Individual,1396 cc,89 bhp @ 4000 rpm,224 Nm @ 1500 rpm,FWD,4270,1780,1630,5,60,First
Audi,A3 35 TDI Premium Plus,2590000,2020,36978,Diesel,Automatic,Chandigarh,Blue,Individual,1968 cc,141 bhp @ 3500 rpm,320 Nm @ 1750 rpm,FWD,4456,1796,1416,5,50,Second
Mahindra,XUV500 W8 AWD [2015-2017],1000000,2016,33000,Diesel,Manual,Rudrapur,White,Individual,2179 cc,138 bhp @ 3750 rpm,330 Nm @ 1600 rpm,AWD,4585,1890,1785,7,70,First
Hyundai,i10 1.1L iRDE ERA Special Edition,254999,2012,18954,Petrol,Manual,Patna,White,Individual,1086 cc,68 bhp @ 5500 rpm,99.081 Nm @ 4500 rpm,FWD,3585,1595,1550,5,35,First
Hyundai,Verna Fluidic 1.6 VTVT SX AT,598000,2015,58200,Petrol,Automatic,Navi Mumbai,Silver,Individual,1591 cc,121 bhp @ 6300 rpm,158 Nm @ 4200 rpm,FWD,4370,1700,1475,5,43,First
Mahindra,Bolero Power Plus ZLX [2016-2019],850000,2018,83000,Diesel,Manual,Jalandhar,White,Individual,1493 cc,70 bhp @ 3600 rpm,195 Nm @ 1400 rpm,RWD,3995,1745,1880,7,,First
Hyundai,Elite i20 Asta 1.4 (O) CRDi,560000,2016,80000,Diesel,Manual,Ambala Cantt,White,Individual,1396 cc,89 bhp @ 4000 rpm,220 Nm @ 1500 rpm,FWD,3985,1734,1505,5,40,Second
Audi,A4 2.0 TDI (177bhp) Premium,975000,2011,75000,Diesel,Automatic,Lucknow,Silver,Individual,1968 cc,177 bhp @ 4200 rpm,380 Nm @ 1750 rpm,FWD,4701,1826,1427,5,63,First
Audi,A3 35 TDI Premium,2600000,2017,64000,Diesel,Automatic,Chennai,Blue,Individual,1968 cc,141 bhp @ 3500 rpm,320 Nm @ 1750 rpm,FWD,4456,1796,1416,5,50,First
Skoda,Rapid Ambition 1.6 TDI CR MT,745000,2016,117048,Diesel,Manual,Hyderabad,Silver,Individual,1598 cc,105 bhp @ 4400 rpm,250 Nm @ 2500 rpm,FWD,4386,1699,1466,5,55,First
Hyundai,Grand i10 Asta 1.2 Kappa VTVT,495000,2017,47000,Petrol,Manual,Delhi,Silver,Individual,1197 cc,81 bhp @ 6000 rpm,114 Nm @ 4000 rpm,FWD,3765,1660,1520,5,43,First
Audi,A3 40 TFSI Premium Plus + sunroof,2450000,2018,43290,Petrol,Automatic,Pune,Blue,Individual,1798 cc,178 bhp @ 5100 rpm,250 Nm @ 150 rpm,FWD,4456,1796,1416,5,50,First
Honda,Brio E MT,250000,2013,70000,Petrol,Manual,Dehradun,Grey,Individual,,,,,,,,,,First
Mercedes-Benz,C-Class C 220 CDI Avantgarde,2850000,2016,7000,Diesel,Automatic,Delhi,White,Individual,2143 cc,168 bhp @ 3000 rpm,400 Nm @ 1400 rpm,RWD,4686,1810,1442,5,66,First
Mahindra,Scorpio S10,925000,2016,150000,Diesel,Manual,Lucknow,White,Individual,2179 cc,120 bhp @ 4000 rpm,280 Nm @ 1800 rpm,RWD,4456,1820,1995,8,60,First
Toyota,Fortuner 3.0 4x2 AT,1075000,2013,125000,Diesel,Automatic,Delhi,White,Individual,2982 cc,169 bhp @ 3600 rpm,360 Nm @ 1400 rpm,RWD,4705,1840,1850,7,80,First
Mercedes-Benz,E-Class E 350 d Exclusive [2017-2019],6225000,2019,42079,Diesel,Automatic,Pune,Silver,Individual,2987 cc,255 bhp @ 3400 rpm,620 Nm @ 1600 rpm,RWD,5063,1860,1494,5,80,First
Jaguar,XF 3.0 V6 Premium Luxury,2650000,2015,62645,Diesel,Automatic,Hyderabad,Bronze,Individual,,,,,,,,,,First
Audi,A6 2.0 TDI Premium,1500000,2014,69000,Diesel,Automatic,Mohali,Blue,Individual,1968 cc,177 bhp @ 3750 rpm,380 Nm @ 1750 rpm,FWD,4915,1874,1455,5,65,First
Jaguar,XF R 5.0 V8 Supercharged,2800000,2011,70662,Petrol,Automatic,Pune,Grey,Individual,,,,,,,,,,Second
Mitsubishi,Pajero SFX 2.8,625000,2011,40000,Diesel,Manual,Mirzapur,White,Individual,2835 cc,118 bhp @ 4000 rpm,292 Nm @ 2000 rpm,AWD,4755,1775,1900,5,92,Second
Toyota,Etios G,325000,2011,101347,Petrol,Manual,Pune,Red,Individual,1496 cc,90 bhp @ 5600 rpm,132 Nm @ 3000 rpm,FWD,4265,1695,1510,5,45,Third
Mahindra,Marazzo M6 Plus 8 STR,1485000,2021,36700,Diesel,Manual,Chennai,White,Individual,1497 cc,121 bhp @ 3500 rpm,300 Nm @ 1750 rpm,FWD,4585,1866,1774,8,45,First
Audi,A6 3.0 TDI quattro Premium,1650000,2012,240000,Diesel,Automatic,Lucknow,White,Individual,2967 cc,245 bhp @ 4000 rpm,500 Nm @ 1400 rpm,AWD,4915,1874,1455,5,75,First
Audi,A3 35 TDI Premium,1800000,2014,76529,Diesel,Automatic,Pune,Blue,Individual,1968 cc,141 bhp @ 3500 rpm,320 Nm @ 1750 rpm,FWD,4456,1796,1416,5,50,First
Toyota,Innova 2.5 VX 7 STR BS-III,1290000,2014,85000,Diesel,Manual,Bangalore,Silver,Individual,2494 cc,100 bhp @ 3600 rpm,200 Nm @ 1400 rpm,RWD,4585,1760,1760,7,55,Second
Nissan,Terrano XL D Plus,600000,2016,99000,Diesel,Manual,Chennai,White,Individual,1461 cc,84 bhp @ 3750 rpm,200 Nm @ 1900 rpm,FWD,4331,1822,1671,5,50,First
Hyundai,Grand i10 Asta AT 1.2 Kappa VTVT [2013-2016],436000,2014,37959,Petrol,Automatic,Delhi,White,Individual,1197 cc,79 bhp @ 6000 rpm,112 Nm @ 4000 rpm,FWD,3765,1660,1520,5,43,Second
Toyota,Fortuner 2.8 4x4 AT [2016-2020],4300000,2021,60000,Diesel,Automatic,Chandigarh,White,Individual,2755 cc,174 bhp @ 3400 rpm,450 Nm @ 1600 rpm,AWD,4795,1855,1835,7,80,First
Datsun,Go T (O),270000,2017,27000,Petrol,Manual,Lucknow,Silver,Individual,1198 cc,67 bhp @ 5000 rpm,104 Nm @ 4000 rpm,FWD,3785,1635,1485,5,35,First
Chevrolet,Cruze LTZ,320000,2011,75000,Diesel,Manual,Kanpur,Purple,Individual,1991 cc,150@4000,327@2600,,4597,1788,1477,5,60,Second
Hyundai,Creta SX 1.4 Turbo 7 DCT,1911000,2022,1300,Petrol,Automatic,Delhi,Black,Individual,1353 cc,138 bhp @ 6000 rpm,242 Nm @ 1500 rpm,FWD,4300,1790,1635,5,50,First
BMW,X5 xDrive30d xLine,8600000,2020,21696,Diesel,Automatic,Mumbai,Blue,Individual,2993 cc,262 bhp @ 4000 rpm,620 Nm @ 1500 rpm,AWD,4922,2004,1745,5,80,First
Mercedes-Benz,C-Class C 220d Progressive [2018-2019],3900000,2019,33000,Diesel,Automatic,Delhi,Beige,Individual,1950 cc,192 bhp @ 3800 rpm,400 Nm @ 1600 rpm,RWD,4686,1810,1442,5,66,First
Volvo,V40 D3 R-Design,2000000,2016,6000,Diesel,Automatic,Mumbai,Red,Individual,1984 cc,150 bhp @ 3500 rpm,350 Nm @ 1500 rpm,FWD,4370,1783,1458,5,60,First
Hyundai,Santro Sportz AMT [2018-2020],465000,2019,19000,Petrol,Automatic,Kolkata,Gold,Individual,1086 cc,68 bhp @ 5500 rpm,99 Nm @ 4500 rpm,FWD,3610,1645,1560,5,35,First
Honda,City V,875000,2019,58618,Petrol,Manual,Pune,Grey,Individual,1497 cc,117 bhp @ 6600 rpm,145 Nm @ 4600 rpm,FWD,4440,1695,1495,5,40,First
MINI,Cooper S,3200000,2017,10500,Petrol,Automatic,Mumbai,Black,Individual,1998 cc,189 bhp @,280 Nm @ 1250 rpm,,3850,1727,1414,4,44,First
Mahindra,TUV300 T6 Plus,850000,2019,85641,Diesel,Manual,Bhopal,White,Commercial Registration,1493 cc,100 bhp @ 3750 rpm,240 Nm @ 1600 rpm,RWD,3995,1835,1839,7,60,First
Renault,Kwid 1.0 RXT AMT Opt,426999,2020,41669,Petrol,Automatic,Zirakpur,Others,Individual,999 cc,67 bhp @ 5500 rpm,91 Nm @ 4250 rpm,FWD,3679,1579,1478,5,28,First
Mercedes-Benz,GLE 300d 4MATIC LWB,9200000,2022,10000,Diesel,Automatic,Delhi,Blue,Individual,1950 cc,241 bhp @ 4200 rpm,500 Nm @ 1600 rpm,AWD,4924,2157,1772,5,93,First
Hyundai,Creta 1.6 SX,1035000,2018,36000,Diesel,Manual,Patna,Grey,Individual,1582 cc,126 bhp @ 4000 rpm,265 Nm @ 1900 rpm,FWD,4270,1780,1630,5,60,First
Maruti Suzuki,DZire ZXi,695000,2018,31000,Petrol,Manual,Mumbai,Grey,Individual,1197 cc,89 bhp @ 6000 rpm,113 Nm @ 4400 rpm,FWD,3995,1735,1515,5,37,First
BMW,X1 sDrive20d xLine,3675000,2020,37180,Diesel,Automatic,Bangalore,White,Individual,1995 cc,184 bhp @ 4000 rpm,350 Nm @ 1750 rpm,RWD,4454,2044,1545,5,63,First
Mahindra,Thar LX 4-STR Hard Top Diesel AT,1700000,2021,14000,Diesel,Automatic,Yamunanagar,Black,Individual,2184 cc,130 bhp @ 3750 rpm,300 Nm @ 1600 rpm,AWD,3985,1820,1844,4,57,First
Tata,Tiago Revotron XZ,449000,2018,53512,Petrol,Manual,Hyderabad,Orange,Individual,1199 cc,84 bhp @ 6000 rpm,114 Nm @ 3500 rpm,FWD,3746,1647,1535,5,35,Second
MG,Gloster Sharp 6 STR 2.0 Twin Turbo 4WD,3950000,2021,40000,Diesel,Automatic,Delhi,Silver,Individual,1996 cc,215 bhp @ 4000 rpm,480 Nm @ 1500 rpm,AWD,4985,1926,1867,6,75,First
Hyundai,Elite i20 Sportz 1.4,565000,2015,65000,Diesel,Manual,Ludhiana,White,Individual,1396 cc,89 bhp @ 4000 rpm,220 Nm @ 1500 rpm,FWD,3985,1734,1505,5,45,Second
BMW,X1 sDrive20d xLine,3775000,2019,32963,Diesel,Automatic,Bangalore,Black,Individual,1995 cc,184 bhp @ 4000 rpm,350 Nm @ 1750 rpm,RWD,4454,2044,1545,5,63,First
Mercedes-Benz,E-Class E220 CDI Blue Efficiency,1275000,2012,101000,Diesel,Automatic,Surat,Brown,Individual,2143 cc,231 bhp @ 3000 rpm,400 Nm @ 2800 rpm,RWD,4868,1854,1470,5,80,Second
Renault,Kwid 1.0 RXT Edition,375000,2018,14000,Petrol,Manual,Mumbai,Green,Individual,999 cc,67 bhp @ 5500 rpm,91 Nm @ 4250 rpm,FWD,3679,1579,1478,5,28,First
Maruti Suzuki,Vitara Brezza ZDi,949000,2018,50500,Diesel,Manual,Dharwad,Blue,Individual,1248 cc,89 bhp @ 4000 rpm,200 Nm @ 1750 rpm,FWD,3995,1790,1640,5,48,First
Maruti Suzuki,Swift ZDi Plus,775000,2019,80849,Diesel,Manual,Hyderabad,White,Individual,1248 cc,74 bhp @ 4000 rpm,190 Nm @ 2000 rpm,FWD,3840,1735,1530,5,37,First
Audi,A6 2.0 TDI Premium Plus,1800000,2014,19868,Diesel,Automatic,Delhi,White,Individual,1968 cc,177 bhp @ 3750 rpm,380 Nm @ 1750 rpm,FWD,4915,1874,1455,5,65,First
Honda,City VX CVT,825000,2016,45000,Petrol,Automatic,Mumbai,White,Individual,1497 cc,117 bhp @ 6600 rpm,145 Nm @ 4600 rpm,FWD,4440,1695,1495,5,40,First
Hyundai,Santro Magna [2018-2020],509999,2019,30858,Petrol,Manual,Hyderabad,Silver,Individual,1086 cc,68 bhp @ 5500 rpm,99 Nm @ 4500 rpm,FWD,3610,1645,1560,5,35,First
Mahindra,Scorpio S11 2WD 7 STR,1350000,2018,56500,Diesel,Manual,Lucknow,Black,Individual,2179 cc,140 bhp @ 3750 rpm,320 Nm @ 1500 rpm,RWD,4456,1820,1995,7,60,First
Hyundai,Grand i10 Sportz 1.2 Kappa VTVT [2016-2017],650000,2020,37003,Petrol,Manual,Bangalore,Grey,Individual,1197 cc,81 bhp @ 6000 rpm,114 Nm @ 4000 rpm,FWD,3765,1660,1520,5,43,First
Honda,City ZX Diesel,1490000,2021,11000,Diesel,Manual,Lucknow,White,Individual,1498 cc,99 bhp @ 3600 rpm,200 Nm @ 1750 rpm,FWD,4440,1695,1495,5,40,First
Maruti Suzuki,Baleno Sigma 1.2,545000,2016,53000,Petrol,Manual,Jalandhar,White,Individual,1197 cc,83 bhp @ 6000 rpm,115 Nm @ 4000 rpm,FWD,3995,1745,1500,5,37,First
BMW,3-Series 320d Luxury Line,2950000,2018,75000,Diesel,Automatic,Coimbatore,White,Individual,1995 cc,188 bhp @ 4000 rpm,400 Nm @ 1750 rpm,RWD,4633,1811,1429,5,57,First
Mercedes-Benz,E-Class E350 CDI Avantgarde,1150000,2010,120000,Diesel,Automatic,Pune,Silver,Individual,2987 cc,231@3800,540@1600,RWD,4868,1854,1471,5,80,First
Audi,Q3 2.0 TDI quattro Premium,1850000,2013,44087,Diesel,Automatic,Mumbai,White,Individual,1968 cc,174 bhp @ 4200 rpm,380 Nm @ 1750 rpm,AWD,4385,1831,1608,5,64,First
BMW,X5 xDrive 30d,3995000,2016,39000,Diesel,Automatic,Mumbai,White,Individual,2993 cc,258 bhp @ 4000 rpm,560 Nm @ 1500 rpm,AWD,4886,1938,1762,7,,First
Mercedes-Benz,E-Class E250 CDI Avantgarde,1750000,2014,59000,Diesel,Automatic,Delhi,Brown,Individual,2143 cc,204 bhp @ 4200 rpm,500 Nm @ 1600 rpm,RWD,4879,1854,1474,5,80,First
Audi,Q7 45 TDI Premium Plus,5500000,2017,45000,Diesel,Automatic,Mumbai,White,Individual,2967 cc,245 bhp @ 2910 rpm,600 Nm @ 1500 rpm,AWD,5052,1968,1740,7,75,First
Nissan,Sunny XV Diesel,360000,2013,92000,Diesel,Manual,Lucknow,Grey,Individual,1461 cc,85 bhp @ 3750 rpm,200 Nm @ 2000 rpm,FWD,4425,1695,1505,5,41,Second
Ford,Ecosport Titanium 1.5L Ti-VCT,625000,2019,48422,Petrol,Manual,Kolkata,Blue,Individual,1497 cc,121 bhp @ 6500 rpm,150 Nm @ 4500 rpm,FWD,3998,1765,1647,5,52,First
BMW,3-Series 320d Luxury Line,4150000,2019,29000,Diesel,Automatic,Delhi,Blue,Individual,1995 cc,188 bhp @ 4000 rpm,400 Nm @ 1750 rpm,RWD,4633,1811,1429,5,57,First
Mahindra,Thar LX 4-STR Hard Top Diesel MT,1698999,2021,37500,Diesel,Manual,Dehradun,Brown,Individual,2184 cc,130 bhp @ 3750 rpm,300 Nm @ 1600 rpm,AWD,3985,1820,1844,4,57,First
Maruti Suzuki,Baleno Delta 1.2,484999,2018,62000,Petrol,Manual,Faridabad,Silver,Individual,1197 cc,83 bhp @ 6000 rpm,115 Nm @ 4000 rpm,FWD,3995,1745,1500,5,37,Second
Audi,A4 30 TFSI Premium Plus,4250000,2020,17000,Petrol,Automatic,Pune,White,Individual,1395 cc,148 bhp @ 5000 rpm,250 Nm @ 1500 rpm,FWD,4726,1842,1427,5,54,First
Maruti Suzuki,Ertiga VXI CNG,800000,2017,76642,CNG,Manual,Mumbai,Silver,Individual,1373 cc,94 bhp @ 6000 rpm,130 Nm @ 4000 rpm,FWD,4296,1695,1685,7,45,First
Hyundai,Creta SX 1.6 (O) Petrol,1275000,2019,44000,Petrol,Manual,Delhi,Grey,Individual,1591 cc,122 bhp @ 6400 rpm,151 Nm @ 4850 rpm,FWD,4270,1780,1665,5,55,First
Porsche,718 Boxster,9500000,2018,20000,Petrol,Automatic,Delhi,Yellow,Individual,1988 cc,295 bhp @ 6500 rpm,380 Nm @ 2150 rpm,RWD,4379,1801,1281,2,54,First
BMW,3-Series 320d Luxury Line,1375000,2013,102000,Diesel,Automatic,Bangalore,White,Individual,1995 cc,188 bhp @ 4000 rpm,400 Nm @ 1750 rpm,RWD,4633,1811,1429,5,57,Second
Hyundai,Creta SX 1.5 Diesel [2020-2022],1700000,2022,9000,Diesel,Manual,Raipur,Black,Individual,1493 cc,113 bhp @ 4000 rpm,250 Nm @ 1500 rpm,FWD,4300,1790,1635,5,50,First
Mahindra,XUV500 W6 2013,500000,2013,135000,Diesel,Manual,Varanasi,Black,Individual,2179 cc,140 bhp @ 3750 rpm,330 Nm @ 2800 rpm,FWD,4585,1890,1785,7,70,First
Mercedes-Benz,GLC 220d 4MATIC Progressive [2019-2021],6800000,2020,14500,Diesel,Automatic,Pune,Silver,Individual,1950 cc,192 bhp @ 3800 rpm,400 Nm @ 1600 rpm,AWD,4658,1890,1644,5,66,First
Maruti Suzuki,DZire VXi AMT,715000,2019,31552,Petrol,Automatic,Mumbai,Brown,Individual,1197 cc,82 bhp @ 6000 rpm,113 Nm @ 4200 rpm,FWD,3995,1735,1515,5,37,First
Maruti Suzuki,Wagon R VXI+ AMT,380000,2016,70000,Petrol,Automatic,Ahmedabad,Grey,Individual,998 cc,67 bhp @ 6200 rpm,90 Nm @ 3500 rpm,FWD,3636,1475,1670,5,35,First
Honda,Brio E MT,375000,2016,35134,Petrol,Manual,Delhi,Silver,Individual,1198 cc,87 bhp @ 6000 rpm,109 Nm @ 4500 rpm,FWD,3610,1680,1500,5,35,First
Land Rover,Range Rover Sport SDV6 SE,7200000,2016,45000,Diesel,Automatic,Bangalore,White,Individual,2993 cc,289 bhp @ 4000 rpm,600 Nm @ 2000 rpm,AWD,4879,2073,1780,5,77,Third
Mercedes-Benz,GLE 300d 4MATIC LWB,8190000,2020,18000,Diesel,Automatic,Delhi,Bronze,Individual,1950 cc,241 bhp @ 4200 rpm,500 Nm @ 1600 rpm,AWD,4924,2157,1772,5,93,First
Maruti Suzuki,Swift ZXi AMT [2018-2019],695000,2018,8000,Petrol,Automatic,Mumbai,Blue,Individual,1197 cc,82 bhp @ 6000 rpm,113 Nm @ 4200 rpm,FWD,3840,1735,1530,5,37,First
Hyundai,Creta 1.6 SX (O),875000,2016,62125,Diesel,Manual,Patna,White,Individual,1582 cc,126 bhp @ 4000 rpm,265 Nm @ 1900 rpm,FWD,4270,1780,1630,5,60,First
Land Rover,Discovery Sport HSE Luxury,3500000,2016,78000,Diesel,Automatic,Pune,Red,Individual,1999 cc,177 bhp @ 4000 rpm,430 Nm @ 1750 rpm,AWD,4600,2069,1690,7,65,First
Hyundai,i20 Active 1.2 SX,685000,2018,64300,Petrol,Manual,Pune,Brown,Individual,1197 cc,82 bhp @ 6000 rpm,115 Nm @ 4000 rpm,FWD,3995,1760,1555,5,40,First
Tata,Safari XZ Plus,1875000,2021,28000,Diesel,Manual,Gorakhpur,White,Individual,1956 cc,168 bhp @ 3750 rpm,350 Nm @ 1750 rpm,FWD,4661,1894,1786,7,50,First
Skoda,Octavia 1.8 TSI Ambition Plus AT,1685000,2017,28600,Petrol,Automatic,Mumbai,Grey,Individual,1798 cc,177 bhp @ 4500 rpm,250 Nm @ 1250 rpm,FWD,4659,1814,1476,5,50,First
Audi,A6 35 TDI Matrix,2550000,2015,69500,Diesel,Automatic,Chandigarh,White,Individual,1968 cc,190 bhp @ 3800 rpm,400 Nm @ 1750 rpm,FWD,4933,1874,1455,5,75,Second
Hyundai,Creta SX 1.6 CRDI,869999,2017,70000,Diesel,Manual,Kanpur,White,Individual,1582 cc,126 bhp @ 4000 rpm,265 Nm @ 1900 rpm,FWD,4270,1780,1630,5,60,First
Mahindra,Thar CRDe 4x4 AC,875000,2018,24000,Diesel,Manual,Mumbai,White,Individual,2498 cc,105 bhp @ 3800 rpm,247 Nm @ 1800 rpm,AWD,3920,1726,1930,6,60,First
Audi,Q3 2.0 TDI quattro Premium,1390000,2012,69500,Diesel,Automatic,Ahmedabad,Blue,Individual,1968 cc,174 bhp @ 4200 rpm,380 Nm @ 1750 rpm,AWD,4385,1831,1608,5,64,First
Maruti Suzuki,Vitara Brezza VDi (O) [2016-2018],825000,2019,25500,Diesel,Manual,Lucknow,Silver,Individual,1248 cc,89 bhp @ 4000 rpm,200 Nm @ 1750 rpm,FWD,3995,1790,1640,5,48,First
Maruti Suzuki,Ciaz Zeta 1.4 AT,785000,2017,20000,Petrol,Automatic,Mumbai,Blue,Individual,1373 cc,91 bhp @ 6000 rpm,130 Nm @ 4000 rpm,FWD,4490,1730,1485,5,43,First
Mercedes-Benz,GLA 200 CDI Sport,2145000,2016,55000,Diesel,Automatic,Mumbai,White,Individual,2143 cc,134 bhp @ 3600 rpm,300 Nm @ 1600 rpm,FWD,4417,1804,1494,5,50,Second
Maruti Suzuki,Eeco 5 STR WITH HTR CNG [2018-2019],590000,2021,8640,CNG,Manual,Bhopal,White,Individual,1196 cc,73 bhp @ 6000 rpm,101 Nm @ 3000 rpm,RWD,3675,1475,1800,5,40,First
Hyundai,i20 Sportz 1.2 (O),335000,2013,80500,Petrol,Manual,Ambala Cantt,White,Individual,,,,,,,,,,First
Jaguar,XJ 3.0 Petrol,2550000,2013,65000,Petrol,Automatic,Mumbai,White,Individual,2995 cc,335 bhp @ 6500 rpm,450 Nm @ 3500 rpm,RWD,5247,2110,1448,5,83,Second
Mercedes-Benz,E-Class E 220 d Avantgarde,6500000,2019,5750,Diesel,Automatic,Bangalore,White,Individual,1950 cc,192 bhp @ 3800 rpm,400 Nm @ 1600 rpm,RWD,5063,1860,1494,5,80,First
Volkswagen,Polo Highline1.2L (P),490000,2015,50000,Petrol,Manual,Delhi,White,Individual,1198 cc,74 bhp @ 5400 rpm,110 Nm @ 3750 rpm,FWD,3971,1682,1469,5,45,First
BMW,7-Series 730Ld DPE,5950000,2017,28000,Diesel,Automatic,Delhi,White,Individual,2993 cc,262 bhp @ 4000 rpm,620 Nm @ 2000 rpm,RWD,5219,1902,1481,4,78,First
Hyundai,i20 Magna 1.2,250000,2011,75431,Petrol,Manual,Mumbai,Grey,Individual,,,,,,,,,,First
Hyundai,Tucson GL 2WD AT Diesel,2395000,2019,44876,Diesel,Automatic,Bangalore,White,Individual,1995 cc,182 bhp @ 4000 rpm,400 Nm @ 1750 rpm,FWD,4475,1850,1660,5,62,First
Hyundai,i20 Sportz 1.4 CRDI,360000,2013,95610,Diesel,Manual,Rudrapur,White,Individual,1336 cc,89 bhp @ 4000 rpm,219.744 Nm @ 1500 rpm,FWD,3995,1710,1505,5,45,Second
Nissan,Sunny XV Diesel,325000,2013,51000,Diesel,Manual,Zirakpur,Grey,Individual,1461 cc,85 bhp @ 3750 rpm,200 Nm @ 2000 rpm,FWD,4425,1695,1505,5,41,First
Land Rover,Evoque Dynamic SD4,2300000,2013,110000,Diesel,Automatic,Chennai,Red,Individual,2179 cc,190 bhp @ 3500 rpm,420 Nm @ 1750 rpm,AWD,4355,2120,1635,5,57,Second
Maruti Suzuki,Ertiga Vxi CNG,642000,2014,53693,CNG,Manual,Mumbai,Others,Individual,1373 cc,82 bhp @ 6000 rpm,110 Nm @ 4000 rpm,FWD,4265,1695,1685,7,60,First
Hyundai,Eon Era +,290000,2018,70000,Petrol,Manual,Kheda,White,Individual,814 cc,55 bhp @ 5500 rpm,75 Nm @ 4000 rpm,FWD,3495,1550,1500,5,32,First
Hyundai,Grand i10 Asta 1.2 Kappa VTVT [2013-2016],390000,2014,57000,Petrol,Manual,Delhi,Grey,Individual,1197 cc,81 bhp @ 6000 rpm,114 Nm @ 4000 rpm,FWD,3765,1660,1520,5,43,First
Toyota,Corolla Altis 1.8 G AT,890000,2014,63000,Petrol,Automatic,Delhi,Grey,Individual,1798 cc,138 bhp @ 6400 rpm,173 Nm @ 4000 rpm,FWD,4540,1760,1480,5,55,First
Honda,City 1.5 EXi,100000,2002,65494,Petrol,Manual,Ranchi,Beige,Individual,,,,,,,,,,First
Maruti Suzuki,Swift LXi,440000,2016,53807,Petrol,Manual,Gurgaon,White,Individual,1197 cc,83 bhp @ 6000 rpm,115 Nm @ 4000 rpm,FWD,3850,1695,1530,5,42,First
Maruti Suzuki,Ciaz Delta 1.4 MT,721000,2018,46000,Petrol,Manual,Noida,White,Individual,1373 cc,91 bhp @ 6000 rpm,130 Nm @ 4000 rpm,FWD,4490,1730,1485,5,43,First
Skoda,Octavia 1.8 TSI L&K,1515000,2018,67546,Petrol,Automatic,Ludhiana,Others,Individual,1798 cc,177 bhp @ 5100 rpm,250 Nm @ 1250 rpm,FWD,4670,1814,1476,5,50,Second
Land Rover,Discovery Sport SE R-Dynamic Petrol,7000000,2021,14500,Petrol,Automatic,Delhi,White,Individual,1997 cc,245 bhp @ 5500 rpm,365 Nm @ 1500 rpm,AWD,4600,2069,1724,7,70,First
Honda,City V,949000,2018,37100,Petrol,Manual,Mysore,Grey,Individual,1497 cc,117 bhp @ 6600 rpm,145 Nm @ 4600 rpm,FWD,4440,1695,1495,5,40,First
Mercedes-Benz,E-Class E 220d Exclusive [2019-2019],5500000,2019,30000,Diesel,Automatic,Gurgaon,White,Individual,1950 cc,192 bhp @ 3800 rpm,400 Nm @ 1600 rpm,RWD,5063,1860,1494,5,80,First
Renault,Kwid RXT [2015-2019],319000,2018,89059,Petrol,Manual,Zirakpur,Others,Individual,799 cc,53 bhp @ 5678 rpm,72 Nm @ 4386 rpm,FWD,3679,1579,1478,5,28,First
Maruti Suzuki,Ertiga VDi,459999,2013,77000,Diesel,Manual,Ludhiana,White,Individual,1248 cc,89 bhp @ 4000 rpm,200 Nm @ 1750 rpm,FWD,4265,1695,1685,7,45,Second
Volvo,V40 D3 R-Design,2100000,2018,42000,Diesel,Automatic,Raipur,Red,Individual,1984 cc,150 bhp @ 3500 rpm,350 Nm @ 1500 rpm,FWD,4370,1783,1458,5,60,First
Maruti Suzuki,Baleno Delta 1.2,685000,2017,58146,Petrol,Manual,Bangalore,Red,Individual,1197 cc,83 bhp @ 6000 rpm,115 Nm @ 4000 rpm,FWD,3995,1745,1500,5,37,First
MINI,Cooper S,3900000,2020,13000,Petrol,Automatic,Delhi,Black,Individual,1998 cc,189 bhp @,280 Nm @ 1250 rpm,,3850,1727,1414,4,44,First
Toyota,Etios GD,300000,2013,75000,Diesel,Manual,Kanpur,Silver,Individual,1364 cc,68 bhp @ 3600 rpm,170 Nm @ 2400 rpm,FWD,4265,1695,1510,5,45,Second
Porsche,Panamera 3.0 Diesel,6350000,2016,20500,Diesel,Automatic,Delhi,White,Corporate,,,,,,,,,,First
Mercedes-Benz,GLE 250 d,5400000,2018,50500,Diesel,Automatic,Dehradun,White,Individual,2143 cc,201 bhp @ 3800 rpm,500 Nm @ 1600 rpm,AWD,4819,2141,1796,5,93,Third
Mercedes-Benz,GLS 350 d,6875000,2019,53000,Diesel,Automatic,Dehradun,White,Individual,2987 cc,255 bhp @ 3400 rpm,620 Nm @ 1600 rpm,AWD,5130,1934,1850,7,100,First
Hyundai,Creta SX 1.6 (O) Petrol,1115000,2018,37000,Petrol,Manual,Delhi,Black,Individual,1591 cc,122 bhp @ 6400 rpm,151 Nm @ 4850 rpm,FWD,4270,1780,1665,5,55,Second
Honda,City V CVT Petrol [2017-2019],761000,2017,38000,Petrol,Automatic,Ahmedabad,Grey,Individual,1497 cc,117 bhp @ 6600 rpm,145 Nm @ 4600 rpm,FWD,4440,1695,1495,5,40,Second
Maruti Suzuki,Baleno Zeta 1.2,825000,2021,8499,Petrol,Manual,Thane,Yellow,Individual,1197 cc,83 bhp @ 6000 rpm,115 Nm @ 4000 rpm,FWD,3995,1745,1500,5,37,First
Hyundai,Elite i20 Magna 1.4 CRDI [2016-2017],650000,2016,61181,Diesel,Manual,Jaipur,White,Individual,1396 cc,89 bhp @ 4000 rpm,220 Nm @ 1500 rpm,FWD,3985,1734,1505,5,45,First
Honda,Jazz V Petrol,565000,2017,45000,Petrol,Manual,Delhi,Grey,Individual,1199 cc,89 bhp @ 6000 rpm,110 Nm @ 4800 rpm,FWD,3955,1694,1544,5,40,First
Mercedes-Benz,S-Class 350,750000,2007,102000,Petrol,Automatic,Pune,Silver,Individual,3498 cc,272@6000,350@2400,RWD,5076,1871,1473,5,90,First
Hyundai,Grand i10 NIOS Sportz AMT 1.2 Kappa VTVT,685000,2021,9232,Petrol,Automatic,Mumbai,Blue,Individual,1197 cc,82 bhp @ 6000 rpm,114 Nm @ 4000 rpm,FWD,3805,1680,1520,5,37,First
Maruti Suzuki,Estilo VXi,135000,2008,72542,Petrol,Manual,Mirzapur,Pink,Individual,1061 cc,64@6200,84@3500,,3495,1495,1595,5,35,First
Hyundai,Elite i20 Magna Executive 1.2,609000,2018,42601,Petrol,Manual,Udupi,Blue,Individual,1197 cc,82 bhp @ 6000 rpm,115 Nm @ 4000 rpm,FWD,3985,1734,1505,5,45,First
Mahindra,Scorpio LX BS-III,365000,2009,90000,Diesel,Manual,Lucknow,Green,Individual,2179 cc,120 bhp @ 4000 rpm,290 Nm @ 1800 rpm,RWD,4430,1817,1975,8,60,Second
Audi,Q7 45 TDI Premium Plus,5175000,2016,65000,Diesel,Automatic,Pune,Blue,Individual,2967 cc,245 bhp @ 2910 rpm,600 Nm @ 1500 rpm,AWD,5052,1968,1740,7,75,First
Toyota,Innova 2.8 ZX AT 7 STR [2016-2020],2175000,2018,40000,Diesel,Automatic,Ludhiana,Bronze,Individual,2755 cc,172 bhp @ 3400 rpm,360 Nm @ 1200 rpm,RWD,4735,1830,1795,7,55,First
Ssangyong,Rexton RX7,675000,2013,106223,Diesel,Automatic,Ahmedabad,White,Individual,2696 cc,184 bhp @ 4000 rpm,402 Nm @ 3000 rpm,AWD,4755,1900,1785,7,78,Second
BMW,X5 3.0d,1400000,2009,115000,Diesel,Automatic,Coimbatore,Green,Individual,2993 cc,218@4000,480@1750,AWD,4854,1933,1776,5,85,Second
Honda,Amaze 1.2 S i-VTEC Opt,480000,2016,50000,Petrol,Manual,Guwahati,White,Individual,1198 cc,87 bhp @ 6000 rpm,109 Nm @ 4500 rpm,FWD,3990,1680,1505,5,35,First
BMW,5-Series 520d Luxury Line [2017-2019],5800000,2020,30000,Diesel,Automatic,Mumbai,Black,Individual,1995 cc,188 bhp @ 4000 rpm,400 Nm @ 1750 rpm,RWD,4936,1868,1479,5,65,First
Audi,Q7 45 TDI Technology Pack,6700000,2018,39850,Diesel,Automatic,Surat,Blue,Individual,2967 cc,245 bhp @ 2910 rpm,600 Nm @ 1500 rpm,AWD,5052,1968,1740,7,75,First
Hyundai,Elantra 1.6 SX AT,625000,2014,80000,Diesel,Automatic,Delhi,White,Individual,1582 cc,126 bhp @ 4000 rpm,259 Nm @ 1900 rpm,FWD,4530,1775,1470,5,56,First
Isuzu,MU-X 4x2,1791000,2017,96095,Diesel,Automatic,Thane,Silver,Individual,2999 cc,174 bhp @ 3600 rpm,380 Nm @ 1800 rpm,RWD,4825,1860,1840,7,65,First
Maruti Suzuki,Eeco 5 STR WITH A/C+HTR [2019-2020],422000,2018,12768,Petrol,Manual,Ahmedabad,White,Individual,1196 cc,73 bhp @ 6000 rpm,101 Nm @ 3000 rpm,RWD,3675,1475,1800,5,40,First
Toyota,Corolla Altis VL AT Petrol,1295000,2018,65100,Petrol,Automatic,Thane,Beige,Corporate,1798 cc,138 bhp @ 6400 rpm,173 Nm @ 4000 rpm,FWD,4620,1775,1475,5,55,First
Hyundai,Grand i10 Asta 1.2 Kappa VTVT (O) [2013-2017],495000,2017,30000,Petrol,Manual,Delhi,Orange,Individual,1197 cc,81 bhp @ 6000 rpm,114 Nm @ 4000 rpm,FWD,3765,1660,1520,5,43,First
Tata,Tiago Revotron XTA [2017-2019],585000,2019,12000,Petrol,Automatic,Mumbai,Silver,Individual,1199 cc,84 bhp @ 6000 rpm,114 Nm @ 3500 rpm,FWD,3746,1647,1535,5,35,First
Mercedes-Benz,C-Class C 220d Progressive [2018-2019],3950000,2019,33000,Diesel,Automatic,Mumbai,White,Individual,1950 cc,192 bhp @ 3800 rpm,400 Nm @ 1600 rpm,RWD,4686,1810,1442,5,66,First
Mercedes-Benz,E-Class E 220d Exclusive [2019-2019],7475000,2021,13000,Diesel,Automatic,Delhi,Black,Individual,1950 cc,192 bhp @ 3800 rpm,400 Nm @ 1600 rpm,RWD,5063,1860,1494,5,80,First
Skoda,Rapid Elegance 1.6 MPI AT,425000,2013,57000,Petrol,Automatic,Delhi,White,Individual,1598 cc,103 bhp @ 5250 rpm,153 Nm @ 3800 rpm,FWD,4386,1699,1466,5,55,Second
BMW,5-Series 525d Sedan,975000,2011,61000,Diesel,Automatic,Mohali,Silver,Individual,1995 cc,217 bhp @ 4400 rpm,450 Nm @ 1500 rpm,RWD,4899,2094,1464,5,,Third
Mercedes-Benz,E-Class E 220d Expression [2019-2019],4150000,2017,48000,Diesel,Automatic,Chennai,Black,Individual,1950 cc,192 bhp @ 3800 rpm,400 Nm @ 1600 rpm,RWD,5063,1860,1494,5,80,Second
Audi,Q7 35 TDI Premium Plus + Sunroof,2475000,2012,118000,Diesel,Automatic,Bangalore,Black,Individual,2967 cc,241 bhp @ 3800 rpm,550 Nm @ 1750 rpm,AWD,5089,1983,1737,7,100,First
BMW,5-Series 520d Sport Line,2990000,2017,44000,Diesel,Automatic,Mumbai,White,Individual,1995 cc,188 bhp @ 4000 rpm,400 Nm @ 1750 rpm,RWD,4936,1868,1479,5,57,Second
BMW,X5 xDrive 30d,3550000,2015,59000,Diesel,Automatic,Chandigarh,Bronze,Individual,2993 cc,258 bhp @ 4000 rpm,560 Nm @ 1500 rpm,AWD,4886,1938,1762,7,,First
Renault,Duster 85 PS RxL Diesel,280000,2013,99000,Diesel,Manual,Faridabad,White,Individual,1461 cc,84 bhp @ 3750 rpm,200 Nm @ 1900 rpm,FWD,4315,1822,1695,5,50,Second
Mercedes-Benz,S-Class 350,1500000,2009,75000,Petrol,Automatic,Chennai,Red,Individual,3498 cc,272@6000,350@2400,RWD,5076,1871,1473,5,90,Second
BMW,6-Series GT 630d Luxury Line [2018-2019],5100000,2019,79000,Diesel,Automatic,Pune,Blue,Individual,2993 cc,265 bhp @ 4000 rpm,620 Nm @ 2000 rpm,RWD,5091,1902,1538,5,68,First
Toyota,Fortuner 3.0 MT,825000,2010,114000,Diesel,Manual,Lucknow,Black,Individual,2982 cc,171@3600,343@1400,AWD,4695,1840,1850,7,80,Second
Maruti Suzuki,Wagon R LXI CNG (O),310000,2014,82000,CNG,Manual,Lucknow,White,Individual,998 cc,58 bhp @ 6200 rpm,77 Nm @ 3500 rpm,FWD,3599,1495,1700,5,35,First
Honda,Jazz V AT Petrol,595000,2016,80000,Petrol,Automatic,Delhi,Grey,Individual,1199 cc,89 bhp @ 6000 rpm,110 Nm @ 4800 rpm,FWD,3955,1694,1544,5,40,First
Toyota,Commuter HiAce 3.0 L,3100000,2014,65000,Diesel,Automatic,Ludhiana,White,Individual,,,,,,,,,,First
Jeep,Compass Limited 2.0 Diesel [2017-2020],1240000,2017,57000,Diesel,Manual,Mumbai,White,Individual,1956 cc,171 bhp @ 3750 rpm,350 Nm @ 1750 rpm,FWD,4395,1818,1640,5,60,First
Maruti Suzuki,Eeco 5 STR WITH A/C+HTR [2019-2020],328000,2018,26807,Petrol,Manual,Mumbai,Black,Individual,1196 cc,73 bhp @ 6000 rpm,101 Nm @ 3000 rpm,RWD,3675,1475,1800,5,40,Second
Hyundai,Elite i20 Sportz 1.2,625000,2018,23000,Petrol,Manual,Delhi,Red,Individual,1197 cc,82 bhp @ 6000 rpm,115 Nm @ 4000 rpm,FWD,3985,1734,1505,5,40,First
Maruti Suzuki,Swift VDi,409999,2015,112000,Diesel,Manual,Gurgaon,White,Individual,1248 cc,74 bhp @ 4000 rpm,190 Nm @ 2000 rpm,FWD,3850,1695,1530,5,42,First
Maruti Suzuki,Baleno Alpha (O) 1.2,975000,2022,5000,Petrol,Manual,Delhi,White,Individual,,,,,,,,,,First
Maruti Suzuki,Swift DZire ZXI,545000,2015,70000,Petrol,Manual,Mohali,Silver,Individual,1197 cc,85 bhp @ 6000 rpm,114 Nm @ 4000 rpm,FWD,3995,1695,1555,5,42,First
Volkswagen,Polo Trendline 1.0L (P),699000,2019,53929,Petrol,Manual,Bangalore,Red,Individual,999 cc,75 bhp @ 6200 rpm,95 Nm @ 3000 rpm,FWD,3971,1682,1469,5,45,First
Maruti Suzuki,Celerio LXi,390000,2014,49580,Petrol,Manual,Coimbatore,White,Individual,998 cc,67 bhp @ 6000 rpm,90 Nm @ 3500 rpm,FWD,3600,1600,1560,5,35,First
Toyota,Corolla Altis GL,680000,2014,85000,Diesel,Manual,Kanpur,White,Individual,1364 cc,87 bhp @ 3800 rpm,205 Nm @ 1800 rpm,FWD,4620,1775,1475,5,50,Second
Maruti Suzuki,Ciaz ZDi SHVS,625000,2015,61000,Diesel,Manual,Allahabad,White,Individual,1248 cc,89 bhp @ 4000 rpm,200 Nm @ 1750 rpm,FWD,4490,1730,1485,5,43,First
Maruti Suzuki,Wagon R LXi LPG,235000,2012,35000,LPG,Manual,Varanasi,Green,Individual,998 cc,46 bhp @ 6200 rpm,85 Nm @ 3500 rpm,FWD,3595,1475,1700,5,28,Second
Mahindra,Scorpio S2,951000,2016,42000,Diesel,Manual,Patna,White,Individual,2523 cc,75 bhp @ 3200 rpm,200 Nm @ 1400 rpm,RWD,4456,1820,1930,8,60,First
Honda,City 1.5 V AT,550000,2011,69000,Petrol,Automatic,Bangalore,Black,Individual,1497 cc,118@6600,146@4600,FWD,4420,1695,1480,5,42,Second
Jeep,Compass Limited 1.4 Petrol AT [2017-2020],1350000,2017,70000,Petrol,Automatic,Chennai,Blue,Individual,1368 cc,160 bhp @ 5500 rpm,250 Nm @ 2500 rpm,FWD,4395,1818,1640,5,60,First
Hyundai,i10 Magna 1.2 Kappa2,325000,2013,15780,Petrol,Manual,Thane,Red,Individual,1197 cc,79 bhp @ 6000 rpm,112.7619 Nm @ 4000 rpm,FWD,3585,1595,1550,5,35,First
Audi,A4 2.0 TDI (143 bhp),1150000,2012,40031,Diesel,Automatic,Pune,Blue,Individual,,,,,,,,,,Second
Audi,Q7 35 TDI Premium + Sunroof,2600000,2015,46000,Diesel,Automatic,Delhi,Black,Individual,2967 cc,241 bhp @ 3800 rpm,550 Nm @ 1750 rpm,AWD,5089,1983,1737,7,100,First
Maruti Suzuki,Ciaz ZXI+,640000,2016,50800,Petrol,Manual,Lucknow,White,Individual,1373 cc,91 bhp @ 6000 rpm,130 Nm @ 4000 rpm,FWD,4490,1730,1485,5,43,First
Tata,Tigor EV XZ Plus,1250000,2021,3000,Electric,Automatic,Hyderabad,Green,Individual,,,,FWD,3993,1677,1532,5,,First
Toyota,Corolla Altis 1.8 VL AT,450000,2011,95000,Petrol,Automatic,Mumbai,White,Individual,1794 cc,132@6000,170@4200,FWD,4540,1760,1480,5,55,First
BMW,5-Series 520d Sedan,750000,2010,112000,Diesel,Automatic,Pune,Blue,Individual,1995 cc,177@4000,350@1750,RWD,4841,1846,1468,5,70,Second
Audi,A6 Technology 45 TFSI,5300000,2020,36000,Petrol,Automatic,Chennai,Grey,Individual,1984 cc,241 bhp @ 5000 rpm,370 Nm @ 1600 rpm,FWD,4939,1886,1457,5,73,First
Volvo,XC60 Inscription [2017-2020],5800000,2019,3500,Diesel,Automatic,Ludhiana,White,Individual,1969 cc,235 bhp @ 4250 rpm,480 Nm @ 1750 rpm,AWD,4688,1902,1658,5,71,First
Maruti Suzuki,Vitara Brezza ZDi,801000,2018,30000,Diesel,Manual,Patna,Silver,Individual,1248 cc,89 bhp @ 4000 rpm,200 Nm @ 1750 rpm,FWD,3995,1790,1640,5,48,First
Volkswagen,Jetta 1.9L TDI,310000,2009,107879,Diesel,Manual,Pune,White,Individual,,,,,,,,,,Second
Mahindra,Scorpio S6 Plus 1.99 [2016-2017],1090000,2017,19000,Diesel,Manual,Delhi,White,Individual,1997 cc,120 bhp @ 4000 rpm,280 Nm @ 1800 rpm,RWD,4456,1820,1995,8,60,First
Maruti Suzuki,Alto VXi,245000,2014,31100,Petrol,Manual,Jamshedpur,Maroon,Individual,998 cc,67 bhp @ 6200 rpm,90 Nm @ 3500 rpm,FWD,3620,1475,1460,5,35,Second
Honda,Amaze 1.2 S i-VTEC,475000,2014,65000,Petrol,Manual,Coimbatore,Silver,Individual,1198 cc,87 bhp @ 6000 rpm,109 Nm @ 4500 rpm,FWD,3990,1680,1505,5,35,Second
Toyota,Fortuner 2.8 4x4 AT [2016-2020],2800000,2017,49000,Diesel,Automatic,Delhi,White,Individual,2755 cc,174 bhp @ 3400 rpm,450 Nm @ 1600 rpm,AWD,4795,1855,1835,7,80,Second
Tata,Nexon EV XZ Plus,1450000,2022,5000,Electric,Automatic,Mumbai,Blue,Individual,,,,FWD,3993,1811,1606,5,,First
Audi,A3 35 TDI Premium,2950000,2020,11000,Diesel,Automatic,Pune,White,Individual,1968 cc,141 bhp @ 3500 rpm,320 Nm @ 1750 rpm,FWD,4456,1796,1416,5,50,First
Hyundai,Grand i10 Magna 1.2 Kappa VTVT [2013-2016],545000,2019,28000,Petrol,Manual,Kharar,White,Individual,1197 cc,81 bhp @ 6000 rpm,114 Nm @ 4000 rpm,FWD,3765,1660,1520,5,43,First
Ford,Endeavour Titanium 2.0 4x2 AT,3975000,2021,9400,Diesel,Automatic,Delhi,Black,Individual,1996 cc,168 bhp @ 3500 rpm,420 Nm @ 2000 rpm,RWD,4903,1869,1837,7,80,First
Mercedes-Benz,GLC 220 d Progressive,4200000,2017,77000,Diesel,Automatic,Pune,White,Individual,2143 cc,168 bhp @ 3000 rpm,400 Nm @ 1400 rpm,AWD,4656,1890,1639,5,66,First
Hyundai,Xcent SX CRDi,434999,2017,27000,Diesel,Manual,Kolkata,White,Individual,1186 cc,74 bhp @ 4000 rpm,190 Nm @ 1750 rpm,FWD,3995,1660,1520,5,43,Second
Renault,Kwid RXT [2015-2019],315000,2017,15507,Petrol,Manual,Pune,Bronze,Individual,799 cc,53 bhp @ 5678 rpm,72 Nm @ 4386 rpm,FWD,3679,1579,1478,5,28,First
Ssangyong,Rexton RX6,900000,2016,70000,Diesel,Manual,Mirzapur,Black,Individual,2696 cc,162 bhp @ 4000 rpm,340 Nm @ 3250 rpm,AWD,4755,1900,1785,7,78,Second
Honda,City VX,550000,2015,44000,Petrol,Manual,Kolkata,Grey,Individual,1497 cc,117 bhp @ 6600 rpm,145 Nm @ 4600 rpm,FWD,4440,1695,1495,5,40,First
BMW,X3 xDrive-20d xLine,4400000,2018,70000,Diesel,Automatic,Mumbai,White,Individual,1995 cc,190 bhp @ 4000 rpm,400 Nm @ 1750 rpm,AWD,4657,1881,1678,5,67,First
Toyota,Fortuner 3.0 4x2 AT,1600000,2015,145000,Diesel,Automatic,Mohali,Gold,Individual,2982 cc,169 bhp @ 3600 rpm,360 Nm @ 1400 rpm,RWD,4705,1840,1850,7,80,Second
Datsun,Redigo T(O) 1.0 [2017-2019],198000,2017,24000,Petrol,Manual,Faridabad,Red,Individual,999 cc,67 bhp @ 5500 rpm,91 Nm @ 4250 rpm,FWD,3429,1560,1541,5,28,First
Hyundai,i10 Magna 1.1 LPG,225000,2014,47721,LPG,Manual,Patna,Red,Individual,1086 cc,68 bhp @ 5500 rpm,99.08 Nm @ 4500 rpm,FWD,3585,1595,1550,5,35,First
Hyundai,i20 Asta 1.4 AT with AVN,310000,2011,26000,Petrol,Automatic,Mumbai,Silver,Individual,1396 cc,100@5500,137@4200,,3940,1710,1505,5,45,First
Renault,Kwid RXT [2015-2019],315000,2017,15507,Petrol,Manual,Thane,Bronze,Individual,799 cc,53 bhp @ 5678 rpm,72 Nm @ 4386 rpm,FWD,3679,1579,1478,5,28,First
Honda,City V,775000,2018,39000,Petrol,Manual,Noida,Maroon,Individual,1497 cc,117 bhp @ 6600 rpm,145 Nm @ 4600 rpm,FWD,4440,1695,1495,5,40,Second
Maruti Suzuki,DZire VXi AMT,625000,2017,58000,Petrol,Automatic,Chennai,Silver,Individual,1197 cc,82 bhp @ 6000 rpm,113 Nm @ 4200 rpm,FWD,3995,1735,1515,5,37,First
Hyundai,Creta SX Plus 1.6 CRDI Dual Tone,775000,2015,82000,Diesel,Manual,Raipur,Red,Individual,1582 cc,126 bhp @ 4000 rpm,265 Nm @ 1900 rpm,FWD,4270,1780,1630,5,60,Second
Toyota,Innova 2.4 G 7 STR [2016-2017],1549000,2018,95315,Diesel,Manual,Karnal,Brown,Individual,2393 cc,148 bhp @ 3400 rpm,343 Nm @ 1400 rpm,RWD,4735,1830,1795,7,55,Second
BMW,3-Series 320d Prestige,1679000,2016,46000,Diesel,Automatic,Delhi,Blue,Individual,1995 cc,188 bhp @ 4000 rpm,400 Nm @ 1750 rpm,RWD,4633,1811,1429,5,57,Second
Maruti Suzuki,Swift ZXi AMT [2018-2019],725000,2019,11874,Petrol,Automatic,Mumbai,White,Individual,1197 cc,82 bhp @ 6000 rpm,113 Nm @ 4200 rpm,FWD,3840,1735,1530,5,37,First
Hyundai,Verna Fluidic 1.6 CRDi SX,540000,2014,86000,Diesel,Manual,Lucknow,Silver,Individual,1582 cc,126 bhp @ 4000 rpm,260 Nm @ 1900 rpm,FWD,4370,1700,1475,5,43,First
Volkswagen,Polo Highline1.2L (D),350000,2014,111000,Diesel,Manual,Ambala Cantt,Blue,Individual,1199 cc,74 bhp @ 4200 rpm,180 Nm @ 2000 rpm,FWD,3970,1682,1453,5,45,Second
Volvo,V40 D3 R-Design,1689999,2015,50000,Diesel,Automatic,Coimbatore,White,Individual,1984 cc,150 bhp @ 3500 rpm,350 Nm @ 1500 rpm,FWD,4370,1783,1458,5,60,Second
Nissan,Magnite XL,625000,2021,28000,Petrol,Manual,Zirakpur,White,Corporate,999 cc,71 bhp @ 6250 rpm,96 Nm @ 3500 rpm,FWD,3994,1758,1572,5,40,First
Maruti Suzuki,Celerio ZXi [2019-2020],475000,2019,25000,Petrol,Manual,Muzaffurpur,Grey,Individual,998 cc,67 bhp @ 6000 rpm,90 Nm @ 3500 rpm,FWD,3695,1600,1560,5,35,First
Kia,Seltos HTK Plus 1.5 Diesel,1650000,2021,12000,Diesel,Manual,Raipur,White,Individual,1493 cc,113 bhp @ 4000 rpm,250 Nm @ 1500 rpm,FWD,4315,1800,1637,5,50,First
Hyundai,Santro Era,409999,2019,32000,Petrol,Manual,Zirakpur,Silver,Individual,1086 cc,68 bhp @ 5500 rpm,99 Nm @ 4500 rpm,FWD,3610,1645,1560,5,35,First
Hyundai,i20 Sportz 1.2 (O),275000,2011,45000,Petrol,Manual,Delhi,White,Individual,,,,,,,,,,First
Land Rover,Range Rover Sport SDV6 S,5900000,2014,70000,Diesel,Automatic,Mumbai,Grey,Corporate,2993 cc,289 bhp @ 4000 rpm,600 Nm @ 2000 rpm,AWD,4879,2073,1780,5,77,First
Toyota,Innova 2.4 VX 7 STR [2016-2020],2100000,2017,112000,Diesel,Manual,Hyderabad,Bronze,Individual,2393 cc,148 bhp @ 3400 rpm,343 Nm @ 1400 rpm,RWD,4735,1830,1795,7,55,First
BMW,5-Series 520d Luxury Line [2017-2019],2750000,2017,51800,Diesel,Automatic,Navi Mumbai,Black,Individual,1995 cc,188 bhp @ 4000 rpm,400 Nm @ 1750 rpm,RWD,4936,1868,1479,5,65,Second
Maruti Suzuki,Ignis Zeta 1.2 AMT,545000,2017,22000,Petrol,Automatic,Delhi,Blue,Individual,1197 cc,82 bhp @ 6000 rpm,113 Nm @ 4200 rpm,FWD,3700,1690,1595,5,32,First
Tata,Safari 2.2 VX 4x2,740000,2015,155000,Diesel,Manual,Hyderabad,Black,Individual,2179 cc,138 bhp @ 4000 rpm,320 Nm @ 1700 rpm,RWD,4655,1965,1922,7,55,First
Mercedes-Benz,E-Class E 200,2400000,2016,60000,Petrol,Automatic,Nashik,Black,Individual,1991 cc,184 bhp @ 5500 rpm,300 Nm @ 1200 rpm,RWD,4879,1854,1474,5,80,Second
BMW,5-Series 520d Luxury Line [2017-2019],4500000,2018,23000,Diesel,Automatic,Pune,Grey,Individual,1995 cc,188 bhp @ 4000 rpm,400 Nm @ 1750 rpm,RWD,4936,1868,1479,5,65,First
Maruti Suzuki,Swift VXi,465000,2014,75000,Petrol,Manual,Mohali,White,Individual,1197 cc,85 bhp @ 6000 rpm,114 Nm @ 4000 rpm,FWD,3850,1695,1530,5,42,First
Fiat,Punto Active 1.3,375000,2014,71000,Diesel,Manual,Hyderabad,Maroon,Individual,1248 cc,75 bhp @ 4000 rpm,197 Nm @ 1750 rpm,FWD,3987,1687,1495,5,45,First
Audi,Q3 30 TDI Premium FWD,2900000,2017,64000,Diesel,Automatic,Chennai,White,Individual,1968 cc,150 bhp @ 3500 rpm,340 Nm @ 1750 rpm,FWD,4385,1831,1608,5,64,First
Honda,WR-V VX MT Petrol,795000,2018,45326,Petrol,Manual,Mumbai,White,Individual,1199 cc,89 bhp @ 6000 rpm,110 Nm @ 4800 rpm,FWD,3999,1734,1601,5,40,First
Mercedes-Benz,C-Class C 300d AMG line,5250000,2020,28079,Diesel,Automatic,Mumbai,Blue,Individual,1950 cc,241 bhp @ 4200 rpm,500 Nm @ 1600 rpm,RWD,4686,1810,1442,5,66,First
Audi,A3 35 TDI Premium,2900000,2019,15529,Diesel,Automatic,Mumbai,White,Individual,1968 cc,141 bhp @ 3500 rpm,320 Nm @ 1750 rpm,FWD,4456,1796,1416,5,50,First
Mercedes-Benz,GLA 200 Sport,2250000,2015,43200,Petrol,Automatic,Pune,Silver,Corporate,1991 cc,181 bhp @ 5500 rpm,300 Nm @ 1200 rpm,FWD,4424,1804,1494,5,50,First
Honda,City VX CVT Petrol [2017-2019],1050000,2017,29386,Petrol,Automatic,Bangalore,Silver,Individual,1497 cc,117 bhp @ 6600 rpm,145 Nm @ 4600 rpm,FWD,4440,1695,1495,5,40,Second
Hyundai,Grand i10 Asta 1.2 Kappa VTVT [2013-2016],765000,2021,18105,Petrol,Manual,Bangalore,Silver,Individual,1197 cc,81 bhp @ 6000 rpm,114 Nm @ 4000 rpm,FWD,3765,1660,1520,5,43,First
Maruti Suzuki,S-Cross Sigma 1.3,675000,2017,125372,Diesel,Manual,Coimbatore,Brown,Individual,1248 cc,89 bhp @ 4000 rpm,200 Nm @ 1750 rpm,FWD,4300,1765,1590,5,48,First
Audi,A6 35 TDI Matrix,2400000,2015,100000,Diesel,Automatic,Jaipur,Blue,Individual,1968 cc,190 bhp @ 3800 rpm,400 Nm @ 1750 rpm,FWD,4933,1874,1455,5,75,First
Maruti Suzuki,Eeco 7 STR [2019-2020],509999,2019,40000,Petrol,Manual,Thane,Silver,Individual,1196 cc,73 bhp @ 6000 rpm,101 Nm @ 3000 rpm,RWD,3675,1475,1800,7,40,First
Mahindra,XUV700 AX 7 Diesel AT AWD Luxury Pack 7 STR,2750000,2022,31000,Diesel,Automatic,Jaipur,Black,Individual,2184 cc,182 bhp @ 3500 rpm,450 Nm @ 1750 rpm,AWD,4695,1890,1755,7,60,First
Audi,A7 Sportback 3.0 TDI quattro,2600000,2012,42000,Diesel,Automatic,Lucknow,White,Individual,2967 cc,241 bhp @ 4000 rpm,500 Nm @ 1400 rpm,AWD,4969,2139,1420,5,65,First
Honda,City 1.5 V AT,495000,2012,65001,Petrol,Automatic,Pune,Red,Individual,1497 cc,116 bhp @ 6600 rpm,146 Nm @ 4800 rpm,FWD,4440,1695,1485,5,42,First
Audi,Q7 35 TDI Premium + Sunroof,2400000,2014,42533,Diesel,Automatic,Mumbai,Blue,Individual,2967 cc,241 bhp @ 3800 rpm,550 Nm @ 1750 rpm,AWD,5089,1983,1737,7,100,First
Hyundai,Grand i10 Magna 1.2 Kappa VTVT [2013-2016],495000,2018,45000,Petrol,Manual,Mumbai,White,Individual,1197 cc,81 bhp @ 6000 rpm,114 Nm @ 4000 rpm,FWD,3765,1660,1520,5,43,First
Land Rover,Discovery Sport HSE 7-Seater,4200000,2018,36000,Diesel,Automatic,Raipur,White,Individual,2179 cc,148 bhp @ 4000 rpm,400 Nm @ 1750 rpm,AWD,4600,2069,1724,7,65,Second
Toyota,Fortuner 2.8 4x2 AT [2016-2020],2550000,2017,44000,Diesel,Automatic,Delhi,Black,Individual,2755 cc,174 bhp @ 3400 rpm,450 Nm @ 1600 rpm,RWD,4795,1855,1835,7,80,Second
Maruti Suzuki,Swift DZire LDI,480000,2016,85000,Diesel,Manual,Lucknow,White,Individual,1248 cc,74 bhp @ 4000 rpm,190 Nm @ 2000 rpm,FWD,3995,1695,1555,5,42,First
Hyundai,Creta 1.6 SX (O),1750000,2021,17000,Diesel,Manual,Kanpur,Black,Individual,1582 cc,126 bhp @ 4000 rpm,265 Nm @ 1900 rpm,FWD,4270,1780,1630,5,60,First
Maruti Suzuki,Ertiga ZDI + SHVS,850000,2019,72000,Diesel,Manual,Lucknow,Silver,Individual,1248 cc,89 bhp @ 4000 rpm,200 Nm @ 1750 rpm,FWD,4296,1695,1685,7,45,First
Hyundai,Santro Sportz AMT [2018-2020],434999,2019,34400,Petrol,Automatic,Ranchi,Silver,Individual,1086 cc,68 bhp @ 5500 rpm,99 Nm @ 4500 rpm,FWD,3610,1645,1560,5,35,First
Hyundai,Venue SX (O) 1.0 Turbo iMT,1070000,2021,8800,Petrol,Manual,Delhi,White,Individual,998 cc,118 bhp @ 6000 rpm,172 Nm @ 1500 rpm,FWD,3995,1770,1605,5,45,First
Honda,City ZX CVT Petrol,1530000,2022,2000,Petrol,Automatic,Delhi,Grey,Individual,1498 cc,119 bhp @ 6600 rpm,145 Nm @ 4300 rpm,FWD,4549,1748,1489,5,40,First
Hyundai,Creta SX 1.5 Diesel [2020-2022],1598000,2020,19700,Diesel,Manual,Mumbai,Maroon,Individual,1493 cc,113 bhp @ 4000 rpm,250 Nm @ 1500 rpm,FWD,4300,1790,1635,5,50,First
Hyundai,Verna 1.6 VTVT SX,645000,2016,45000,Petrol,Manual,Delhi,White,Individual,1591 cc,121 bhp @ 6300 rpm,158 Nm @ 4200 rpm,FWD,4375,1700,1475,5,43,First
Mercedes-Benz,C-Class 220 CDI Sport,1100000,2012,73000,Diesel,Automatic,Kanpur,White,Individual,,,,,,,,,,First
Maruti Suzuki,Swift DZire ZDI AMT,650000,2017,76000,Diesel,Automatic,Navi Mumbai,Silver,Individual,1248 cc,74 bhp @ 4000 rpm,190 Nm @ 2000 rpm,FWD,3995,1695,1555,5,42,First
Volkswagen,Vento Highline Diesel,545000,2013,110000,Diesel,Manual,Bangalore,Silver,Individual,1598 cc,103 bhp @ 4400 rpm,250 Nm @ 1500 rpm,FWD,4384,1699,1466,5,55,First
Honda,City V Petrol,1095000,2022,2700,Petrol,Manual,Delhi,Silver,Individual,1497 cc,118 bhp @ 6600 rpm,145 Nm @ 4600 rpm,FWD,4440,1695,1495,5,40,First
Toyota,Innova 2.8 ZX AT 7 STR [2016-2020],1975000,2018,75000,Diesel,Automatic,Ahmedabad,Grey,Individual,2755 cc,172 bhp @ 3400 rpm,360 Nm @ 1200 rpm,RWD,4735,1830,1795,7,55,First
Rolls-Royce,Ghost 6.5,18000000,2011,60000,Petrol,Automatic,Mumbai,Maroon,Corporate,6592 cc,570 bhp @ 5250 rpm,780 Nm @ 1500 rpm,RWD,5399,1948,1550,5,82.5,Second
Audi,Q3 35 TDI Technology with Navigation,1839000,2017,110000,Diesel,Automatic,Mumbai,Blue,Individual,1968 cc,174 bhp @ 4200 rpm,380 Nm @ 1750 rpm,AWD,4385,1831,1608,5,64,First
Skoda,Superb L&K TSI AT,1500000,2016,70000,Petrol,Automatic,Raipur,White,Individual,1798 cc,177 bhp @ 5100 rpm,250 Nm @ 1250 rpm,FWD,4861,1864,1483,5,66,Second
Audi,Q3 35 TDI quattro Premium Plus,2100000,2017,42000,Diesel,Automatic,Gurgaon,Silver,Individual,1968 cc,184 bhp @ 3500 rpm,380 Nm @ 1750 rpm,AWD,4385,1831,1608,5,64,First
Volkswagen,Polo Comfortline 1.5L (D),345000,2015,70000,Diesel,Manual,Faridabad,Red,Individual,1498 cc,89 bhp @ 4200 rpm,230 Nm @ 1500 rpm,FWD,3971,1682,1469,5,45,First
Honda,City V,850000,2018,52890,Petrol,Manual,Gurgaon,Silver,Individual,1497 cc,117 bhp @ 6600 rpm,145 Nm @ 4600 rpm,FWD,4440,1695,1495,5,40,First
Hyundai,Creta SX 1.6 AT CRDi,1425000,2018,72870,Diesel,Automatic,Mumbai,White,Corporate,1582 cc,126 bhp @ 4000 rpm,260 Nm @ 1500 rpm,FWD,4270,1780,1665,5,55,First
Hyundai,Elite i20 Asta 1.2,675000,2017,48591,Petrol,Manual,Hyderabad,White,Individual,1197 cc,82 bhp @ 6000 rpm,115 Nm @ 4000 rpm,FWD,3985,1734,1505,5,45,First
Mahindra,XUV300 1.5 W6 [2019-2020],925000,2019,60888,Diesel,Manual,Jalandhar,Silver,Individual,1497 cc,115 bhp @ 3750 rpm,300 Nm @ 1500 rpm,FWD,3995,1821,1627,5,42,First
Hyundai,Eon Era +,210000,2014,48000,Petrol,Manual,Lucknow,Red,Individual,814 cc,55 bhp @ 5500 rpm,75 Nm @ 4000 rpm,FWD,3495,1550,1500,5,32,First
Tata,Nexon XM,760000,2018,20251,Petrol,Manual,Pune,Grey,Individual,1198 cc,108 bhp @ 5000 rpm,170 Nm @ 1750 rpm,FWD,3994,1811,1607,5,44,First
Hyundai,Verna 1.6 CRDI SX,640000,2015,49000,Diesel,Manual,Mumbai,White,Individual,1582 cc,126 bhp @ 4000 rpm,260 Nm @ 1900 rpm,FWD,4375,1700,1475,5,43,First
Maruti Suzuki,Swift VXi,340000,2013,66000,Petrol,Manual,Meerut,White,Individual,1197 cc,85 bhp @ 6000 rpm,114 Nm @ 4000 rpm,FWD,3850,1695,1530,5,42,First
Land Rover,Discovery Sport SE R-Dynamic,5995000,2020,54200,Diesel,Automatic,Indore,White,Individual,1999 cc,177 bhp @ 4000 rpm,430 Nm @ 1750 rpm,AWD,4600,2069,1724,7,70,First
Nissan,Teana 250XL,550000,2013,33000,Petrol,Automatic,Pune,Red,Individual,,,,,,,,,,First
Honda,City S Petrol,695000,2017,51292,Petrol,Manual,Thane,White,Individual,1497 cc,117 bhp @ 6600 rpm,145 Nm @ 4600 rpm,FWD,4440,1695,1495,5,40,First
Ford,Figo Trend 1.5L TDCi [2015-2016],465000,2015,89000,Diesel,Manual,Jaipur,Orange,Individual,1498 cc,99 bhp @ 3750 rpm,215 Nm @ 1750 rpm,FWD,3886,1695,1525,5,40,Second
Toyota,Glanza V,735000,2019,55000,Petrol,Manual,Jaipur,Silver,Individual,1197 cc,82 bhp @ 6000 rpm,113 Nm @ 4200 rpm,FWD,3995,1745,1510,5,37,First
Mercedes-Benz,E-Class E 200 Avantgarde,1300000,1988,71000,Petrol,Automatic,Dehradun,Red,Individual,1991 cc,181 bhp @ 5500 rpm,300 Nm @ 1200 rpm,RWD,5063,1860,1494,5,80,Third
Hyundai,Alcazar Prestige 7 STR 1.5 Diesel,1848999,2021,20000,Diesel,Manual,Karnal,White,Individual,1493 cc,113 bhp @ 4000 rpm,250 Nm @ 1500 rpm,FWD,4500,1790,1675,7,50,First
Honda,City V,685000,2016,68500,Petrol,Manual,Ahmedabad,Bronze,Individual,1497 cc,117 bhp @ 6600 rpm,145 Nm @ 4600 rpm,FWD,4440,1695,1495,5,40,First
Hyundai,Santa Fe 2WD AT [2014-2017],875000,2014,99000,Diesel,Automatic,Delhi,White,Corporate,2199 cc,194 bhp @ 3800 rpm,437 Nm @ 1800 rpm,AWD,4690,1880,1690,7,64,First
Toyota,Innova 2.8 ZX AT 7 STR [2016-2020],2039999,2018,110000,Diesel,Automatic,Delhi,Bronze,Corporate,2755 cc,172 bhp @ 3400 rpm,360 Nm @ 1200 rpm,RWD,4735,1830,1795,7,55,First
Toyota,Glanza G,700000,2019,19244,Petrol,Manual,Zirakpur,Red,Individual,1197 cc,82 bhp @ 6000 rpm,113 Nm @ 4200 rpm,FWD,3995,1745,1510,5,37,First
Maruti Suzuki,Wagon R VXi 1.2,550000,2020,19000,Petrol,Manual,Varanasi,Blue,Individual,1197 cc,82 bhp @ 6000 rpm,113 Nm @ 4200 rpm,FWD,3655,1620,1675,5,32,First
Hyundai,Santa Fe 2WD AT [2014-2017],825000,2015,75000,Diesel,Automatic,Delhi,Silver,Individual,2199 cc,194 bhp @ 3800 rpm,437 Nm @ 1800 rpm,AWD,4690,1880,1690,7,64,Second
Toyota,Innova 2.4 ZX 7 STR [2016-2020],3100000,2021,29000,Diesel,Manual,Bangalore,White,Individual,2393 cc,148 bhp @ 3400 rpm,343 Nm @ 1400 rpm,RWD,4735,1830,1795,7,55,First
Audi,A6 2.0 TDI Premium,1400000,2013,60000,Diesel,Automatic,Pune,Grey,Individual,1968 cc,177 bhp @ 3750 rpm,380 Nm @ 1750 rpm,FWD,4915,1874,1455,5,65,Second
Maruti Suzuki,Swift VXi,425000,2015,80000,Petrol,Manual,Noida,White,Individual,1197 cc,85 bhp @ 6000 rpm,114 Nm @ 4000 rpm,FWD,3850,1695,1530,5,42,Second
Lexus,NX 300h Luxury [2017-2020],4375000,2018,54500,Petrol,Automatic,Delhi,Black,Individual,2494 cc,194 bhp @ 5700 rpm,210 Nm @ 4200 rpm,AWD,4640,1845,1645,5,56,Second
Toyota,Innova ZX 2.4 AT 7 STR,3000000,2021,38000,Diesel,Automatic,Mumbai,Purple,Individual,2393 cc,148 bhp @ 3400 rpm,360 Nm @ 1400 rpm,RWD,4735,1830,1795,7,55,First
Mercedes-Benz,GLC 200 Progressive,6600000,2021,16785,Petrol,Automatic,Bangalore,White,Individual,1991 cc,194 bhp @ 5500 rpm,320 Nm @ 1650 rpm,RWD,4658,1890,1644,5,66,First
Maruti Suzuki,Vitara Brezza ZDi+ Dual Tone [2017-2018],640000,2016,52000,Diesel,Manual,Delhi,Blue,Individual,1248 cc,89 bhp @ 4000 rpm,200 Nm @ 1750 rpm,FWD,3995,1790,1640,5,48,Second
Hyundai,Santro GL (CNG),275000,2013,76000,CNG,Manual,Delhi,White,Individual,1086 cc,62 bhp @ 5500 rpm,96 Nm @ 3000 rpm,FWD,3565,1525,1590,5,35,First
Hyundai,Elite i20 Sportz 1.2 [2016-2017],695000,2019,42678,Petrol,Manual,Mumbai,Blue,Individual,1197 cc,82 bhp @ 6000 rpm,115 Nm @ 4000 rpm,FWD,3985,1734,1505,5,45,First
Honda,City 1.5 V AT,245000,2010,95000,Petrol,Automatic,Gurgaon,Grey,Individual,1497 cc,118@6600,146@4600,FWD,4420,1695,1480,5,42,Second
Renault,Duster 110 PS RxL,690000,2016,65000,Diesel,Manual,Delhi,Grey,Individual,1461 cc,108 bhp @ 3900 rpm,248 Nm @ 2250 rpm,FWD,4315,1822,1695,5,50,Second
Volkswagen,Taigun Highline 1.0 TSI AT,1500000,2021,31000,Petrol,Automatic,Hyderabad,Silver,Individual,999 cc,114 bhp @ 5000 rpm,178 Nm @ 1750 rpm,FWD,4221,1760,1612,5,50,First
Maruti Suzuki,Alto VXi,270000,2014,82682,Petrol,Manual,Pune,White,Individual,998 cc,67 bhp @ 6200 rpm,90 Nm @ 3500 rpm,FWD,3620,1475,1460,5,35,First
Hyundai,i20 Active 1.4 S,545000,2016,70500,Diesel,Manual,Jamshedpur,White,Individual,1396 cc,89 bhp @ 4000 rpm,220 Nm @ 1500 rpm,FWD,3995,1760,1555,5,45,First
MG,Hector Plus Sharp 1.5 DCT Petrol,1875000,2021,10000,Petrol,Automatic,Faridabad,Red,Individual,1451 cc,141 bhp @ 5000 rpm,250 Nm @ 1600 rpm,FWD,4720,1835,1760,6,60,First
Renault,Kwid RXT [2015-2019],254999,2016,57159,Petrol,Manual,Varanasi,Silver,Individual,799 cc,53 bhp @ 5678 rpm,72 Nm @ 4386 rpm,FWD,3679,1579,1478,5,28,First
BMW,3-Series 320d Sport Line [2014-2016],2000000,2014,82000,Diesel,Automatic,Mohali,White,Individual,1995 cc,184 bhp @ 4000 rpm,380 Nm @ 1750 rpm,RWD,4624,2031,1429,5,,First
Land Rover,Discovery HSE,2785000,2016,120000,Diesel,Automatic,Delhi,Blue,Individual,2993 cc,245 bhp @ 4000 rpm,600 Nm @ 2000 rpm,AWD,4838,1915,1837,7,82,First
Mahindra,Thar LX 4-STR Hard Top Diesel MT,1800000,2021,17000,Diesel,Manual,Pune,Black,Individual,2184 cc,130 bhp @ 3750 rpm,300 Nm @ 1600 rpm,AWD,3985,1820,1844,4,57,First
Honda,City 1.5 V AT,475000,2012,40000,Petrol,Automatic,Pune,Red,Individual,1497 cc,116 bhp @ 6600 rpm,146 Nm @ 4800 rpm,FWD,4440,1695,1485,5,42,Second
Hyundai,Elite i20 Sportz 1.2 (O),650000,2020,58100,Petrol,Manual,Lucknow,White,Individual,1197 cc,82 bhp @ 6000 rpm,115 Nm @ 4000 rpm,FWD,3985,1734,1505,5,45,First
Toyota,Fortuner 3.0 4x4 MT,1199000,2012,12749,Diesel,Manual,Kolkata,Grey,Individual,2982 cc,169 bhp @ 3600 rpm,343 Nm @ 1400 rpm,AWD,4705,1840,1850,7,80,First
Hyundai,Santa Fe 4 WD (AT),650000,2013,83466,Diesel,Automatic,Jaipur,White,Individual,2199 cc,195 bhp @ 4000 rpm,436 Nm @ 1800 rpm,AWD,4660,1890,1760,7,70,First
Mahindra,Scorpio S2,795000,2015,86000,Diesel,Manual,Purnea,White,Individual,2523 cc,75 bhp @ 3200 rpm,200 Nm @ 1400 rpm,RWD,4456,1820,1930,8,60,Second
Mercedes-Benz,C-Class C 200 Avantgarde,2385000,2015,60921,Petrol,Automatic,Pune,Black,Individual,1991 cc,181 bhp @ 5500 rpm,300 Nm @ 1200 rpm,RWD,4686,1810,1442,5,66,Second
Audi,Q5 2.0 TDI quattro Premium,1700000,2014,78000,Diesel,Automatic,Ahmedabad,Brown,Individual,1968 cc,174 bhp @ 4200 rpm,380 Nm @ 1750 rpm,AWD,4629,1898,1653,5,75,First
Hyundai,Verna Fluidic 1.6 VTVT SX Opt,380000,2012,53000,Petrol,Manual,Mumbai,Grey,Corporate,1591 cc,121 bhp @ 6300 rpm,158 Nm @ 4200 rpm,FWD,4370,1700,1475,5,43,First
Renault,Kwid 1.0 RXT [2016-2019],295000,2016,34736,Petrol,Manual,Hyderabad,Red,Individual,999 cc,67 bhp @ 5500 rpm,91 Nm @ 4250 rpm,FWD,3679,1579,1478,5,28,First
Tata,Harrier XZ,1750000,2020,14400,Diesel,Manual,Ahmedabad,Silver,Individual,1956 cc,168 bhp @ 3750 rpm,350 Nm @ 1750 rpm,FWD,4598,1894,1706,5,50,First
Mahindra,Thar CRDe 4x4 Non AC,525000,2015,85000,Diesel,Manual,Ambala Cantt,Green,Individual,2498 cc,105@3800,247@1800,AWD,3920,1710,1930,7,60,Second
Volkswagen,Vento Highline Petrol,275000,2011,80000,Petrol,Manual,Delhi,White,Individual,,,,,,,,,,Second
Audi,A3 35 TFSI Premium Plus,2180000,2018,77590,Petrol,Automatic,Delhi,Blue,Individual,1395 cc,148 bhp @ 5000 rpm,250 Nm @ 1500 rpm,FWD,4456,1796,1416,5,50,First
Ford,Mustang GT Fastback 5.0L v8,8000000,2017,25000,Petrol,Automatic,Chennai,Black,Individual,4951 cc,396 bhp @ 6500 rpm,515 Nm @ 4250 rpm,RWD,4784,2080,1391,4,60.9,Third
Jaguar,F-Pace Prestige,4325000,2018,40545,Diesel,Automatic,Ahmedabad,Grey,Individual,1999 cc,177 bhp @ 4000 rpm,430 Nm @ 1750 rpm,AWD,4731,2071,1651,5,82,First
Maruti Suzuki,Alto LXi CNG,155000,2009,56852,CNG,Manual,Kanpur,Gold,Individual,796 cc,39 bhp @ 6200 rpm,54 Nm @ 3000 rpm,FWD,3495,1475,1460,5,35,Second
Maruti Suzuki,DZire ZXi Plus AMT,735000,2018,42000,Petrol,Automatic,Mumbai,Blue,Individual,1197 cc,82 bhp @ 6000 rpm,113 Nm @ 4200 rpm,FWD,3995,1735,1515,5,37,First
Skoda,Rapid Style 1.6 MPI AT,900000,2018,55000,Petrol,Automatic,Pune,Grey,Individual,1598 cc,104 bhp @ 5200 rpm,153 Nm @ 3750 rpm,FWD,4413,1699,1466,5,55,Second
Skoda,Superb Elegance 1.8 TSI AT,795000,2014,53000,Petrol,Automatic,Delhi,White,Individual,1798 cc,158 bhp @ 4500 rpm,250 Nm @ 1500 rpm,FWD,4838,1817,1482,5,60,Second
MINI,Cooper D 3 Door,3300000,2018,17000,Diesel,Automatic,Delhi,Green,Individual,1496 cc,114 bhp @ 4000 rpm,270 Nm @ 1750 rpm,FWD,3821,1727,1414,5,44,First
Toyota,Fortuner 2.8 4x2 AT [2016-2020],3775000,2020,50000,Diesel,Automatic,Mumbai,White,Individual,2755 cc,174 bhp @ 3400 rpm,450 Nm @ 1600 rpm,RWD,4795,1855,1835,7,80,First
Mahindra,Xylo D4,325000,2012,70000,Diesel,Manual,Patna,White,Individual,2489 cc,95@3600,220@1400,,4520,1850,1895,8,55,Third
Maruti Suzuki,Vitara Brezza VDi,725000,2017,75793,Diesel,Manual,Navi Mumbai,White,Individual,1248 cc,89 bhp @ 4000 rpm,200 Nm @ 1750 rpm,FWD,3995,1790,1640,5,48,First
Lexus,LX SUV Petrol,2100000,2007,34000,Petrol,Automatic,Mumbai,Maroon,Corporate,,,,,,,,,,Second
Volvo,S60 Kinetic D4,994999,2012,89311,Diesel,Automatic,Hyderabad,White,Individual,1984 cc,165 bhp @ 3500 rpm,400 Nm @ 2750 rpm,FWD,4635,1865,1484,5,67.5,First
Maruti Suzuki,Vitara Brezza VDi (O) [2016-2018],785000,2018,80000,Diesel,Manual,Mohali,Grey,Individual,1248 cc,89 bhp @ 4000 rpm,200 Nm @ 1750 rpm,FWD,3995,1790,1640,5,48,First
Porsche,Macan S [2019-2020],7500000,2020,38000,Petrol,Automatic,Ahmedabad,Blue,Individual,2995 cc,349 bhp @ 5400 rpm,480 Nm @ 1360 rpm,AWD,4696,1923,1624,5,65,First
Toyota,Fortuner 2.8 4x2 AT [2016-2020],2799000,2019,69500,Diesel,Automatic,Delhi,White,Individual,2755 cc,174 bhp @ 3400 rpm,450 Nm @ 1600 rpm,RWD,4795,1855,1835,7,80,Second
Maruti Suzuki,Wagon R VXI,390000,2018,66794,Petrol,Manual,Kolkata,Others,Individual,998 cc,67 bhp @ 6200 rpm,90 Nm @ 3500 rpm,FWD,3599,1495,1700,5,35,First
Porsche,Macan Base [2019-2020],9000000,2019,27000,Petrol,Automatic,Hyderabad,Red,Corporate,1984 cc,248 bhp @ 5000 rpm,370 Nm @ 1600 rpm,AWD,4696,1923,1624,5,65,First
Maruti Suzuki,Baleno Zeta 1.2 AT,675000,2017,35616,Petrol,Automatic,Pune,Blue,Individual,1197 cc,83 bhp @ 6000 rpm,115 Nm @ 4000 rpm,FWD,3995,1745,1500,5,37,First
Maruti Suzuki,Eeco 5 STR [2014-2019],320000,2015,64000,Petrol,Manual,Ranchi,Blue,Individual,1196 cc,73 bhp @ 6000 rpm,101 Nm @ 3000 rpm,RWD,3675,1475,1800,5,40,First
Maruti Suzuki,Baleno Zeta 1.2 AT,840000,2020,7000,Petrol,Automatic,Chennai,Maroon,Individual,1197 cc,83 bhp @ 6000 rpm,115 Nm @ 4000 rpm,FWD,3995,1745,1500,5,37,First
Maruti Suzuki,Wagon R VXI,310000,2015,45000,Petrol,Manual,Ranchi,Brown,Individual,998 cc,67 bhp @ 6200 rpm,90 Nm @ 3500 rpm,FWD,3599,1495,1700,5,35,First
Maruti Suzuki,Ertiga LXI,795000,2017,9000,Petrol,Manual,Delhi,Grey,Individual,1373 cc,94 bhp @ 6000 rpm,130 Nm @ 4000 rpm,FWD,4296,1695,1685,7,45,First
Maruti Suzuki,Wagon R LXI CNG,310000,2015,67738,CNG,Manual,Delhi,White,Individual,998 cc,58 bhp @ 6200 rpm,77 Nm @ 3500 rpm,FWD,3599,1495,1700,5,35,Second
Toyota,Glanza G,860000,2021,11030,Petrol,Manual,Bangalore,Blue,Individual,1197 cc,82 bhp @ 6000 rpm,113 Nm @ 4200 rpm,FWD,3995,1745,1510,5,37,First
Hyundai,i10 Magna 1.2 Kappa2,390000,2015,49123,Petrol,Manual,Patna,White,Individual,1197 cc,79 bhp @ 6000 rpm,112.7619 Nm @ 4000 rpm,FWD,3585,1595,1550,5,35,First
BMW,3-Series 320d Highline Sedan,1200000,2012,125000,Diesel,Automatic,Ahmedabad,White,Individual,,,,,,,,,,First
Maruti Suzuki,Swift DZire LDI,520000,2018,46000,Diesel,Manual,Bhubaneswar,White,Individual,1248 cc,74 bhp @ 4000 rpm,190 Nm @ 2000 rpm,FWD,3995,1695,1555,5,42,First
Mercedes-Benz,S-Class 280 AT,1200000,2000,65000,Petrol,Automatic,Dehradun,Yellow,Individual,,,,,,,,,,Second
Maruti Suzuki,Vitara Brezza VDi (O) [2016-2018],675000,2018,64000,Diesel,Manual,Lucknow,White,Individual,1248 cc,89 bhp @ 4000 rpm,200 Nm @ 1750 rpm,FWD,3995,1790,1640,5,48,First
Maruti Suzuki,S-Presso VXi,475000,2021,7942,Petrol,Manual,Thane,Red,Individual,998 cc,67 bhp @ 5500 rpm,90 Nm @ 3500 rpm,FWD,3565,1520,1564,5,27,First
Maruti Suzuki,Alto 800 Lxi,265000,2017,52100,Petrol,Manual,Lucknow,White,Individual,796 cc,47 bhp @ 6000 rpm,69 Nm @ 3500 rpm,FWD,3395,1490,1475,5,35,First
Skoda,Rapid Ambition 1.6 TDI CR MT,950000,2019,32809,Diesel,Manual,Coimbatore,Silver,Individual,1598 cc,105 bhp @ 4400 rpm,250 Nm @ 2500 rpm,FWD,4386,1699,1466,5,55,First
Toyota,Fortuner 3.0 4x2 AT,1750000,2014,101000,Diesel,Automatic,Jalandhar,White,Individual,2982 cc,169 bhp @ 3600 rpm,360 Nm @ 1400 rpm,RWD,4705,1840,1850,7,80,First
Audi,A3 35 TDI Premium Plus + Sunroof,2225000,2016,40500,Diesel,Automatic,Mumbai,White,Individual,1968 cc,141 bhp @ 3500 rpm,320 Nm @ 1750 rpm,FWD,4456,1796,1416,5,50,First
Jeep,Compass Sport 1.4 Petrol,1748999,2021,25700,Petrol,Manual,Karnal,Black,Corporate,1368 cc,160 bhp @ 5500 rpm,250 Nm @ 2500 rpm,FWD,4395,1818,1640,5,60,First
Mercedes-Benz,M-Class ML 250 CDI,2250000,2014,85000,Diesel,Automatic,Delhi,White,Individual,2143 cc,203 bhp @ 4200 rpm,500 Nm @ 1600 rpm,AWD,4804,2141,1796,5,70,Second
Hyundai,Elite i20 Asta 1.2 (O) [2016],690000,2017,17268,Petrol,Manual,Nashik,Red,Individual,1197 cc,82 bhp @ 6000 rpm,115 Nm @ 4000 rpm,FWD,3985,1734,1505,5,45,First
Maruti Suzuki,Baleno Zeta 1.2,561000,2017,68000,Petrol,Manual,Noida,Brown,Individual,1197 cc,83 bhp @ 6000 rpm,115 Nm @ 4000 rpm,FWD,3995,1745,1500,5,37,First
Hyundai,i20 Asta 1.2,299000,2011,30000,Petrol,Manual,Panvel,Blue,Individual,,,,,,,,,,Third
Jeep,Compass Longitude (O) 2.0 Diesel [2017-2020],1580000,2020,57000,Diesel,Manual,Pune,White,Individual,,,,,4395,1818,1640,5,60,First
Maruti Suzuki,Swift DZire VXI AT,595000,2017,44100,Petrol,Automatic,Mumbai,Silver,Corporate,1197 cc,83 bhp @ 6000 rpm,115 Nm @ 4000 rpm,FWD,3995,1695,1555,5,42,First
Land Rover,Discovery 3.0 TDV6 HSE,4390000,2013,91840,Diesel,Automatic,Mumbai,Blue,Individual,,,,,,,,,,Second
Hyundai,i20 Asta 1.2,235000,2009,115000,Petrol,Manual,Coimbatore,Blue,Individual,1197 cc,80@5200,112@4000,,3940,1710,1505,5,45,Third
Hyundai,i20 Magna (O) 1.2,450000,2014,23000,Petrol,Manual,Ahmedabad,Brown,Individual,1197 cc,83 bhp @ 6000 rpm,113.796 Nm @ 4000 rpm,FWD,3995,1710,1505,5,45,First
BMW,5-Series 520d Modern Line,2299000,2014,58000,Diesel,Automatic,Mumbai,White,Individual,1995 cc,184 bhp @ 4000 rpm,380 Nm @ 1750 rpm,RWD,4899,2094,1464,5,,First
Mercedes-Benz,GLE 250 d,4590000,2018,95786,Diesel,Automatic,Delhi,Black,Individual,2143 cc,201 bhp @ 3800 rpm,500 Nm @ 1600 rpm,AWD,4819,2141,1796,5,93,First
Audi,Q3 35 TDI Technology,2150000,2016,95401,Diesel,Automatic,Bangalore,Black,Individual,1968 cc,174 bhp @ 4200 rpm,380 Nm @ 1750 rpm,AWD,4385,1831,1608,5,64,First
Kia,Seltos GTX Plus 1.4 DCT,1850000,2020,7000,Petrol,Automatic,Bangalore,Black,Individual,1353 cc,138 bhp @ 6000 rpm,242 Nm @ 1500 rpm,FWD,4315,1800,1645,5,50,First
Hyundai,Elantra SX (O) 2.0 AT,1175000,2017,24000,Petrol,Automatic,Mumbai,White,Individual,1999 cc,150 bhp @ 6200 rpm,192 Nm @ 4000 rpm,FWD,4620,1800,1465,5,50,First
Maruti Suzuki,Wagon R VXi,250000,2012,68000,Petrol,Manual,Kanpur,White,Individual,998 cc,68@6200,90@3500,,3539,1495,1700,5,35,First
Hyundai,Accent Executive,400000,2015,41273,Petrol,Manual,Mumbai,White,Individual,1495 cc,94 bhp @ 5500 rpm,125 Nm @ 3500 rpm,FWD,4250,1670,1370,5,45,First
Audi,Q5 35 TDI Premium Plus,4000000,2018,66000,Diesel,Automatic,Chennai,White,Individual,,,,,,,,,,First
Hyundai,Creta SX 1.6 CRDi,1100000,2018,65954,Diesel,Manual,Pune,Red,Individual,1582 cc,126 bhp @ 4000 rpm,260 Nm @ 1500 rpm,FWD,4270,1780,1665,5,55,First
Hyundai,i10 Sportz 1.2 Kappa2,395000,2016,28000,Petrol,Manual,Mumbai,Maroon,Individual,1197 cc,79 bhp @ 6000 rpm,112.7619 Nm @ 4000 rpm,FWD,3585,1595,1550,5,35,First
Maruti Suzuki,S-Presso VXi Plus,425000,2021,38848,Petrol,Manual,Panchkula,Silver,Individual,998 cc,67 bhp @ 5500 rpm,90 Nm @ 3500 rpm,FWD,3565,1520,1564,5,27,First
Toyota,Innova 2.4 ZX 7 STR [2016-2020],2190000,2017,30000,Diesel,Manual,Chennai,Maroon,Individual,2393 cc,148 bhp @ 3400 rpm,343 Nm @ 1400 rpm,RWD,4735,1830,1795,7,55,First
Lexus,ES 300h Exquisite [2020-2021],4800000,2020,27000,Hybrid,Automatic,Mumbai,Blue,Individual,2487 cc,176 bhp @ 5700 rpm,221 Nm @ 3600 rpm,FWD,4975,1865,1445,5,50,First
Maruti Suzuki,Swift DZire LXI (O),421000,2017,69000,Petrol,Manual,Faridabad,Grey,Individual,1197 cc,83 bhp @ 6000 rpm,115 Nm @ 4000 rpm,FWD,3995,1695,1555,5,42,First
Hyundai,i20 Active 1.2 SX,560000,2016,22700,Petrol,Manual,Mumbai,Red,Individual,1197 cc,82 bhp @ 6000 rpm,115 Nm @ 4000 rpm,FWD,3995,1760,1555,5,45,First
Honda,Civic 1.8V MT,777000,2014,9212,Petrol,Manual,Patna,Grey,Individual,,,,,,,,,,First
Audi,Q3 35 TDI quattro Technology,3250000,2019,41000,Diesel,Automatic,Hyderabad,White,Individual,1968 cc,184 bhp @ 3500 rpm,380 Nm @ 1750 rpm,AWD,4385,1831,1608,5,64,Second
Mahindra,Scorpio S10,875000,2014,100000,Diesel,Manual,Mumbai,Red,Individual,2179 cc,120 bhp @ 4000 rpm,280 Nm @ 1800 rpm,RWD,4456,1820,1995,8,60,Second
Maruti Suzuki,Ciaz Alpha 1.4 MT,899000,2018,13066,Petrol,Manual,Bangalore,Grey,Individual,1373 cc,91 bhp @ 6000 rpm,130 Nm @ 4000 rpm,FWD,4490,1730,1485,5,43,First
Renault,Duster 85 PS RxL,425000,2015,75000,Diesel,Manual,Kanpur,Black,Individual,1461 cc,84 bhp @ 3750 rpm,200 Nm @ 1900 rpm,FWD,4315,1822,1695,5,50,First
Maruti Suzuki,S-Presso VXi (O),425000,2019,53241,Petrol,Manual,Mirzapur,Grey,Individual,998 cc,67 bhp @ 5500 rpm,90 Nm @ 3500 rpm,FWD,3565,1520,1564,5,27,First
MINI,Countryman Cooper S JCW Inspired,3875000,2021,12000,Petrol,Automatic,Delhi,Green,Individual,1998 cc,189 bhp @ 4400 rpm,280 Nm @ 1350 rpm,FWD,4299,1822,1557,5,47,First
Honda,City 1.5 S MT,500000,2013,65000,Petrol,Manual,Chennai,Brown,Individual,1497 cc,116 bhp @ 6600 rpm,146 Nm @ 4800 rpm,FWD,4440,1695,1485,5,42,First
Toyota,Fortuner 3.0 4x2 MT,1225000,2012,97000,Diesel,Manual,Jalandhar,White,Individual,2982 cc,169 bhp @ 3600 rpm,343 Nm @ 1400 rpm,RWD,4705,1840,1850,7,80,Second
Toyota,Innova 2.7 ZX AT 7 STR,1789999,2017,49000,Petrol,Automatic,Delhi,Maroon,Individual,2694 cc,164 bhp @ 5200 rpm,245 Nm @ 4000 rpm,RWD,4735,1830,1795,7,65,Second
Hyundai,Eon 1.0 Kappa Magna + [2014-2016],240000,2013,64000,Petrol,Manual,Faizabad,White,Individual,998 cc,68 bhp @ 6200 rpm,94 Nm @ 3500 rpm,FWD,3515,1500,1510,5,32,First
Volkswagen,Polo Comfortline 1.2L (P),240000,2010,78000,Petrol,Manual,Ludhiana,White,Individual,,,,,,,,,,Second
Honda,Amaze 1.5 VX i-DTEC,935000,2019,56000,Diesel,Manual,Hyderabad,White,Individual,1498 cc,99 bhp @ 3600 rpm,200 Nm @ 1750 rpm,FWD,3990,1680,1505,5,35,First
Maruti Suzuki,Baleno Alpha Automatic,775000,2018,39000,Petrol,Automatic,Mumbai,Red,Individual,1197 cc,82 bhp @ 6000 rpm,113 Nm @ 4200 rpm,FWD,3995,1745,1510,5,37,First
Mahindra,Scorpio S4 1.99 [2016-2017],950000,2017,55000,Diesel,Manual,Patna,White,Individual,1997 cc,120 bhp @ 4000 rpm,280 Nm @ 1800 rpm,RWD,4456,1820,1995,8,60,Second
Hyundai,Grand i10 Magna AT 1.2 Kappa VTVT,549000,2018,53000,Petrol,Automatic,Hyderabad,White,Individual,1197 cc,81 bhp @ 6000 rpm,114 Nm @ 4000 rpm,FWD,3765,1660,1520,5,43,Second
Maruti Suzuki,Eeco 5 STR WITH A/C+HTR CNG [2017-2019],645000,2021,1374,CNG,Manual,Mumbai,Grey,Individual,1196 cc,73 bhp @ 6000 rpm,101 Nm @ 3000 rpm,RWD,3675,1475,1800,5,40,First
Mercedes-Benz,C-Class C 220d Progressive [2018-2019],3400000,2018,68000,Diesel,Automatic,Hyderabad,White,Individual,1950 cc,192 bhp @ 3800 rpm,400 Nm @ 1600 rpm,RWD,4686,1810,1442,5,66,First
Hyundai,Elite i20 Sportz 1.2 [2016-2017],645000,2019,35000,Petrol,Manual,Mumbai,Grey,Individual,1197 cc,82 bhp @ 6000 rpm,115 Nm @ 4000 rpm,FWD,3985,1734,1505,5,45,First
BMW,5-Series 520d M Sport,2600000,2016,39000,Diesel,Automatic,Delhi,White,Individual,1995 cc,190 bhp @ 4000 rpm,400 Nm @ 1750 rpm,RWD,4899,2094,1464,5,65,First
Audi,A4 2.0 TDI (177bhp) Premium,1375000,2011,62000,Diesel,Automatic,Chennai,White,Individual,1968 cc,177 bhp @ 4200 rpm,380 Nm @ 1750 rpm,FWD,4701,1826,1427,5,63,First
Honda,City V CVT Petrol [2017-2019],1340000,2021,11000,Petrol,Automatic,Mumbai,Black,Individual,1497 cc,117 bhp @ 6600 rpm,145 Nm @ 4600 rpm,FWD,4440,1695,1495,5,40,First
Maruti Suzuki,Swift ZXi Plus [2018-2019],840000,2020,11000,Petrol,Manual,Bangalore,White,Individual,1197 cc,82 bhp @ 6000 rpm,113 Nm @ 4200 rpm,FWD,3840,1735,1530,5,37,First
Maruti Suzuki,Swift DZire VXI,525000,2014,102000,Petrol,Manual,Salem,Grey,Individual,1197 cc,85 bhp @ 6000 rpm,114 Nm @ 4000 rpm,FWD,3995,1695,1555,5,42,Second
Maruti Suzuki,Eeco 7 STR STD (O),625000,2022,7000,Petrol,Manual,Hyderabad,Grey,Individual,1196 cc,72 bhp @ 6000 rpm,98 Nm @ 3000 rpm,RWD,3675,1475,1825,7,40,First
Hyundai,Eon Sportz,215000,2012,20000,Petrol,Manual,Mumbai,Grey,Individual,814 cc,55 bhp @ 5500 rpm,75 Nm @ 4000 rpm,FWD,3495,1550,1500,5,32,First
Hyundai,Grand i10 Sportz (O) 1.2 Kappa VTVT [2017-2018],595000,2019,25000,Petrol,Manual,Hyderabad,Silver,Individual,1197 cc,81 bhp @ 6000 rpm,114 Nm @ 4000 rpm,FWD,3765,1660,1520,5,43,First
Audi,A4 Premium Plus 40 TFSI,4150000,2022,22000,Petrol,Automatic,Delhi,White,Individual,1984 cc,188 bhp @ 4200 rpm,320 Nm @ 1450 rpm,FWD,4762,1847,1433,5,54,First
Maruti Suzuki,Swift VDi,750000,2018,65000,Diesel,Manual,Hyderabad,Blue,Individual,1248 cc,74 bhp @ 4000 rpm,190 Nm @ 2000 rpm,FWD,3840,1735,1530,5,37,First
Ford,Ecosport Titanium 1.5 Ti-VCT,550000,2013,47000,Petrol,Manual,Indore,Black,Individual,1499 cc,109 bhp @ 6300 rpm,140 Nm @ 4400 rpm,FWD,3999,1765,1708,5,52,First
Renault,Duster 110 PS RXZ 4X2 MT Diesel,450000,2016,2000000,Diesel,Manual,Ranchi,White,Individual,1461 cc,108 bhp @ 3900 rpm,248 Nm @ 2250 rpm,FWD,4315,1822,1695,5,50,First
BMW,X5 xDrive30d Pure Experience (5 Seater),4175000,2016,27011,Diesel,Automatic,Chandigarh,White,Individual,2993 cc,258 bhp @ 4000 rpm,560 Nm @ 1500 rpm,AWD,4886,1938,1762,5,,Second
Jaguar,XE Prestige Diesel,2700000,2018,45545,Diesel,Automatic,Chandigarh,Red,Individual,1999 cc,177 bhp @ 4000 rpm,430 Nm @ 1750 rpm,RWD,4795,1967,1416,5,56,Second
Mercedes-Benz,GLE 350 d,6150000,2018,18000,Diesel,Automatic,Chandigarh,Black,Individual,2987 cc,255 bhp @ 3400 rpm,620 Nm @ 1600 rpm,AWD,4819,2141,1796,5,93,First
Volkswagen,Polo Comfortline 1.2L (P),565000,2014,72782,Petrol,Manual,Bangalore,Grey,Individual,1198 cc,74 bhp @ 5400 rpm,110 Nm @ 3750 rpm,FWD,3970,1682,1453,5,45,First
Maruti Suzuki,Alto VXi [2014-2019],369000,2017,16800,Petrol,Manual,Mumbai,Grey,Individual,998 cc,67 bhp @ 6000 rpm,90 Nm @ 3500 rpm,FWD,3545,1490,1475,5,35,First
Toyota,Yaris V CVT,1090000,2019,40900,Petrol,Automatic,Pune,Red,Corporate,1496 cc,106 bhp @ 6000 rpm,140 Nm @ 4200 rpm,FWD,4425,1730,1495,5,42,First
Honda,WR-V VX MT Petrol,580000,2017,39000,Petrol,Manual,Guwahati,White,Corporate,1199 cc,89 bhp @ 6000 rpm,110 Nm @ 4800 rpm,FWD,3999,1734,1601,5,40,First
BMW,X1 sDrive20d xLine,2199000,2016,77000,Diesel,Automatic,Surat,Black,Individual,1995 cc,184 bhp @ 4000 rpm,350 Nm @ 1750 rpm,RWD,4454,2044,1545,5,63,First
Mahindra,Scorpio S11 2WD 7 STR,1251000,2018,120000,Diesel,Manual,Ranchi,Black,Individual,2179 cc,140 bhp @ 3750 rpm,320 Nm @ 1500 rpm,RWD,4456,1820,1995,7,60,Second
Honda,Amaze 1.2 SX i-VTEC,540000,2017,38700,Petrol,Manual,Meerut,Maroon,Individual,1198 cc,87 bhp @ 6000 rpm,109 Nm @ 4500 rpm,FWD,3990,1680,1505,5,35,First
Maruti Suzuki,XL6 Zeta MT Petrol,1245000,2021,7239,Petrol,Manual,Udupi,White,Individual,1462 cc,103 bhp @ 6000 rpm,138 Nm @ 4400 rpm,FWD,4445,1775,1700,6,45,First
BMW,3-Series 330i M Sport Edition,4749000,2020,14000,Petrol,Automatic,Mumbai,White,Individual,1998 cc,248 bhp @ 5200 rpm,350 Nm @ 1450 rpm,RWD,4633,1811,1429,5,57,First
Hyundai,Grand i10 Sports Edition 1.2L Kappa VTVT,365000,2014,76000,Petrol,Manual,Ernakulam,White,Individual,1197 cc,81 bhp @ 6000 rpm,114 Nm @ 4000 rpm,FWD,3765,1660,1520,5,43,First
BMW,2 Series Gran Coupe 220d M Sport [2020-2021],4300000,2020,11000,Diesel,Automatic,Pune,Blue,Individual,1995 cc,188 bhp @ 4000 rpm,400 Nm @ 1750 rpm,FWD,4526,1800,1420,5,50,First
Maruti Suzuki,Vitara Brezza VDi,825000,2019,81300,Diesel,Manual,Ludhiana,White,Individual,1248 cc,89 bhp @ 4000 rpm,200 Nm @ 1750 rpm,FWD,3995,1790,1640,5,48,First
Volkswagen,Polo GT TDI,325000,2013,76000,Diesel,Manual,Lucknow,White,Individual,1598 cc,103 bhp @ 4400 rpm,250 Nm @ 1500 rpm,FWD,3970,1682,1453,5,45,First
Tata,Tiago Revotron XM (O) [2016-2019],400000,2018,91460,Petrol,Manual,Kanpur,Black,Individual,1199 cc,84 bhp @ 6000 rpm,114 Nm @ 3500 rpm,FWD,3746,1647,1535,5,35,First
Land Rover,Evoque HSE Dynamic,3600000,2018,45000,Diesel,Automatic,Delhi,Blue,Individual,1999 cc,177 bhp @ 4000 rpm,430 Nm @ 1750 rpm,AWD,4360,2120,1635,5,57,First
Mahindra,Scorpio LX BS-IV,671000,2013,47000,Diesel,Manual,Patna,White,Individual,2179 cc,120 bhp @ 4000 rpm,290 Nm @ 1800 rpm,RWD,4430,1817,1975,8,60,First
Mercedes-Benz,GLC 220 d Progressive,3400000,2018,50000,Diesel,Automatic,Delhi,Blue,Individual,2143 cc,168 bhp @ 3000 rpm,400 Nm @ 1400 rpm,AWD,4656,1890,1639,5,66,First
BMW,7-Series 730Ld,3200000,2014,133273,Diesel,Automatic,Pune,Blue,Individual,2993 cc,258 bhp @ 4000 rpm,560 Nm @ 1500 rpm,RWD,5219,1902,1481,4,,First
Volkswagen,Vento Highline Plus 1.2 (P) AT 16 Alloy,775000,2017,60500,Petrol,Automatic,Surat,White,Individual,1197 cc,103 bhp @ 5000 rpm,175 Nm @ 1500 rpm,FWD,4390,1699,1467,5,55,First
Mercedes-Benz,M-Class 350 CDI,2150000,2014,81000,Diesel,Automatic,Ahmedabad,Grey,Individual,2987 cc,234@3800,535@1600,AWD,4781,1911,1774,5,95,First
Land Rover,Discovery 2.0 HSE 4WD Diesel,4700000,2020,22000,Diesel,Automatic,Delhi,Red,Individual,1999 cc,237 bhp @ 4000 rpm,430 Nm @ 1400 rpm,AWD,4988,2220,1846,5,,Second
Ford,Ikon DuraTorq 1.4 TDCi,145000,2009,88000,Diesel,Manual,Unnao,White,Individual,1399 cc,68@4000,160@2000,,4145,1632,1440,5,43,First
MINI,Cooper D 5 Door,3590000,2020,19759,Diesel,Automatic,Coimbatore,Blue,Individual,1496 cc,114 bhp @ 4000 rpm,270 Nm @ 1750 rpm,FWD,3982,1727,1425,5,44,First
Toyota,Corolla Altis 1.8 G,375000,2011,77000,Petrol,Manual,Faridabad,Silver,Individual,1794 cc,132@6000,170@4200,FWD,4540,1760,1480,5,55,First
Hyundai,Verna Fluidic 1.6 VTVT SX AT,645000,2015,58200,Petrol,Automatic,Mumbai,Silver,Individual,1591 cc,121 bhp @ 6300 rpm,158 Nm @ 4200 rpm,FWD,4370,1700,1475,5,43,First
Toyota,Vellfire Hybrid,11500000,2022,4000,Hybrid,Automatic,Delhi,Black,Individual,2494 cc,115 bhp @ 4700 rpm,198 Nm @ 2800 rpm,AWD,4935,1850,1895,7,58,First
Maruti Suzuki,Celerio ZXi,509999,2015,42000,Petrol,Manual,Bangalore,White,Individual,998 cc,67 bhp @ 6000 rpm,90 Nm @ 3500 rpm,FWD,3600,1600,1560,5,35,First
Hyundai,Elantra 1.8 SX AT,545000,2013,63000,Petrol,Automatic,Mumbai,Silver,Individual,1797 cc,147 bhp @ 6500 rpm,177 Nm @ 4700 rpm,FWD,4530,1775,1470,5,56,First
Honda,City V,835000,2018,42855,Petrol,Manual,Pune,Brown,Individual,1497 cc,117 bhp @ 6600 rpm,145 Nm @ 4600 rpm,FWD,4440,1695,1495,5,40,First
Renault,Duster 85 PS RXS 4X2 MT Diesel,960000,2018,24000,Diesel,Manual,Bangalore,Brown,Individual,1461 cc,84 bhp @ 3750 rpm,200 Nm @ 1900 rpm,FWD,4315,1822,1695,5,50,First
Maruti Suzuki,Celerio VXi [2019-2020],540000,2019,34000,Petrol,Manual,Chennai,White,Individual,998 cc,67 bhp @ 6000 rpm,90 Nm @ 3500 rpm,FWD,3695,1600,1560,5,35,First
Kia,Seltos HTK Plus 1.5 iMT,1475000,2022,9500,Petrol,Manual,Delhi,White,Individual,1497 cc,113 bhp @ 6300 rpm,144 Nm @ 4500 rpm,FWD,4315,1800,1637,5,50,First
Jaguar,XJ 3.0 V6 Portfolio,3600000,2014,32000,Diesel,Automatic,Pune,Brown,Individual,2993 cc,271 bhp @ 4000 rpm,600 Nm @ 2000 rpm,RWD,5252,1899,1457,5,83,Second
Hyundai,Verna 1.6 CRDI SX (O),1175000,2018,97000,Diesel,Manual,Jaipur,White,Individual,1582 cc,126 bhp @ 4000 rpm,260 Nm @ 1900 rpm,FWD,4375,1700,1475,5,43,First
Hyundai,Verna Fluidic 1.6 VTVT SX Opt AT,475000,2014,72900,Petrol,Automatic,Mumbai,Blue,Individual,1591 cc,121 bhp @ 6300 rpm,158 Nm @ 4200 rpm,FWD,4370,1700,1475,5,43,Second
Audi,Q8 Celebration,9900000,2021,28000,Petrol,Automatic,Hyderabad,Silver,Individual,2995 cc,335 bhp @ 5000 rpm,500 Nm @ 1370 rpm,AWD,4986,1995,1705,5,85,First
Maruti Suzuki,Swift LXi,650000,2022,6000,Petrol,Manual,Delhi,White,Individual,1197 cc,89 bhp @ 6000 rpm,113 Nm @ 4400 rpm,FWD,3845,1735,1530,5,37,First
BMW,X4 xDrive30d M Sport X [2019-2020],6100000,2021,24500,Diesel,Automatic,Mumbai,Red,Corporate,2993 cc,260 bhp @ 4000 rpm,620 Nm @ 2000 rpm,AWD,4752,1918,1621,5,68,First
Hyundai,i10 Sportz 1.2 AT Kappa2,370000,2013,41000,Petrol,Automatic,Pune,White,Individual,1197 cc,79 bhp @ 6000 rpm,112.7619 Nm @ 4000 rpm,FWD,3585,1595,1550,5,35,First
Honda,City VX (O) MT BL,875000,2018,50000,Petrol,Manual,Patna,Silver,Individual,1497 cc,117 bhp @ 6600 rpm,145 Nm @ 4600 rpm,FWD,4440,1695,1495,5,40,First
Maruti Suzuki,DZire VDi AMT,695000,2018,66000,Diesel,Automatic,Warangal,Red,Individual,1248 cc,74 bhp @ 4000 rpm,190 Nm @ 2000 rpm,FWD,3995,1735,1515,5,37,First
Tata,Harrier XZA Plus,2275000,2022,38000,Diesel,Automatic,Mumbai,Black,Individual,1956 cc,168 bhp @ 3750 rpm,350 Nm @ 1750 rpm,FWD,4598,1894,1706,5,50,First
Jeep,Compass Model S (O) 1.4 Petrol DCT,2700000,2021,17000,Petrol,Automatic,Delhi,Blue,Individual,1368 cc,161 bhp @ 5500 rpm,250 Nm @ 2500 rpm,FWD,4405,1818,1640,5,60,First
Hyundai,Verna Fluidic 1.6 CRDi SX,545000,2014,74000,Diesel,Manual,Mohali,Grey,Individual,1582 cc,126 bhp @ 4000 rpm,260 Nm @ 1900 rpm,FWD,4370,1700,1475,5,43,First
Maruti Suzuki,Wagon R VXi 1.0 [2019-2019],540000,2021,22000,Petrol,Manual,Gorakhpur,White,Individual,,,,,3655,1620,1675,5,32,First
Skoda,Rapid Style 1.6 MPI AT,1099000,2018,20690,Petrol,Automatic,Bangalore,Red,Individual,1598 cc,104 bhp @ 5200 rpm,153 Nm @ 3750 rpm,FWD,4413,1699,1466,5,55,First
Hyundai,Verna 1.6 CRDI SX,1125000,2019,40000,Diesel,Manual,Ludhiana,White,Individual,1582 cc,126 bhp @ 4000 rpm,260 Nm @ 1900 rpm,FWD,4375,1700,1475,5,43,First
Hyundai,Creta 1.6 SX Plus AT Petrol,1299000,2018,50000,Petrol,Automatic,Mumbai,White,Individual,1591 cc,122 bhp @ 6400 rpm,154 Nm @ 4850 rpm,FWD,4270,1780,1630,5,60,First
BMW,5-Series 525d Luxury Plus,1600000,2013,70000,Diesel,Automatic,Mumbai,White,Individual,1995 cc,217 bhp @ 4400 rpm,450 Nm @ 1500 rpm,RWD,4899,2094,1464,5,,Second
BMW,X6 xDrive40i M Sport,10800000,2021,20000,Petrol,Automatic,Chandigarh,Red,Individual,2998 cc,335 bhp @ 5500 rpm,450 Nm @ 1500 rpm,AWD,4935,2004,1696,5,83,First
Maruti Suzuki,XL6 Alpha AT Petrol,1190000,2020,47248,Petrol,Automatic,Jaipur,Blue,Individual,1462 cc,103 bhp @ 6000 rpm,138 Nm @ 4400 rpm,FWD,4445,1775,1700,6,45,First
Tata,Tigor XZA Plus,795000,2021,9000,Petrol,Automatic,Pune,Brown,Individual,1199 cc,84 bhp @ 6000 rpm,113 Nm @ 3300 rpm,FWD,3993,1677,1532,5,35,First
Hyundai,Verna Fluidic 1.6 CRDi SX,459999,2013,78000,Diesel,Manual,Ahmedabad,White,Individual,1582 cc,126 bhp @ 4000 rpm,260 Nm @ 1900 rpm,FWD,4370,1700,1475,5,43,Second
Audi,A6 35 TDI Matrix,3400000,2018,51000,Diesel,Automatic,Hyderabad,Red,Individual,1968 cc,190 bhp @ 3800 rpm,400 Nm @ 1750 rpm,FWD,4933,1874,1455,5,75,First
Hyundai,Creta E Plus 1.6 Petrol,1050000,2018,34841,Petrol,Manual,Hyderabad,White,Individual,1591 cc,122 bhp @ 6400 rpm,151 Nm @ 4850 rpm,FWD,4270,1780,1665,5,55,First
Hyundai,i20 Magna 1.2,385000,2014,46000,Petrol,Manual,Hyderabad,Maroon,Individual,1197 cc,83 bhp @ 6000 rpm,113.796 Nm @ 4000 rpm,FWD,3995,1710,1505,5,45,First
Honda,City S Diesel,585000,2015,61000,Diesel,Manual,Ranchi,Grey,Individual,1498 cc,99 bhp @ 3600 rpm,200 Nm @ 1750 rpm,FWD,4440,1695,1495,5,40,First
Audi,A3 35 TDI Premium + Sunroof,1650000,2014,55000,Diesel,Automatic,Mumbai,White,Individual,1968 cc,141 bhp @ 3500 rpm,320 Nm @ 1750 rpm,FWD,4456,1796,1416,5,50,First
Maruti Suzuki,Swift VXi [2014-2017],625000,2020,58736,Petrol,Manual,Kollam,Blue,Individual,1197 cc,83 bhp @ 6000 rpm,115 Nm @ 4000 rpm,FWD,3850,1695,1530,5,42,First
Maruti Suzuki,Ciaz Alpha Hybrid 1.5 [2018-2020],910000,2019,34000,Petrol,Manual,Delhi,Blue,Individual,1462 cc,103 bhp @ 6000 rpm,138 Nm @ 4400 rpm,FWD,4490,1730,1485,5,43,First
Mahindra,XUV500 W11,1275000,2018,47000,Diesel,Manual,Ranchi,White,Individual,2179 cc,153 bhp @ 3750 rpm,360 Nm @ 1750 rpm,FWD,4585,1890,1785,7,70,First
Hyundai,Elite i20 Magna 1.2 [2016-2017],585000,2017,47000,Petrol,Manual,Delhi,Grey,Individual,1197 cc,82 bhp @ 6000 rpm,115 Nm @ 4000 rpm,FWD,3985,1734,1505,5,45,First
Mahindra,Thar CRDe 4x4 Non AC,1035000,2017,79000,Diesel,Manual,Mysore,Green,Individual,2498 cc,105@3800,247@1800,AWD,3920,1710,1930,7,60,First
Hyundai,Elite i20 Asta 1.2 IVT,1075000,2021,12020,Petrol,Automatic,Mumbai,White,Individual,1197 cc,87 bhp @ 6000 rpm,115 Nm @ 1500 rpm,FWD,3995,1775,1505,5,37,First
Hyundai,Creta SX 1.5 Diesel [2020-2022],1650000,2020,7000,Diesel,Manual,Ahmedabad,White,Individual,1493 cc,113 bhp @ 4000 rpm,250 Nm @ 1500 rpm,FWD,4300,1790,1635,5,50,First
Audi,A4 2.0 TDI (143bhp),1575000,2014,15000,Diesel,Automatic,Delhi,Red,Individual,1968 cc,141 bhp @ 4200 rpm,320 Nm @ 1750 rpm,FWD,4701,1826,1427,5,63,First
BMW,X3 xDrive20d,1950000,2014,82000,Diesel,Automatic,Chandigarh,White,Individual,1995 cc,184 bhp @ 4000 rpm,380 Nm @ 1750 rpm,AWD,4648,1881,1661,5,67,Second
BMW,5-Series 520d Luxury Line [2017-2019],6390000,2022,6000,Diesel,Automatic,Mumbai,Grey,Individual,1995 cc,188 bhp @ 4000 rpm,400 Nm @ 1750 rpm,RWD,4936,1868,1479,5,65,First
Hyundai,Creta 1.4 S Plus,1080000,2019,68000,Diesel,Manual,Bhopal,White,Individual,1396 cc,89 bhp @ 4000 rpm,224 Nm @ 1500 rpm,FWD,4270,1780,1630,5,60,First
Audi,Q7 45 TDI Premium Plus,5500000,2017,24000,Diesel,Automatic,Gurgaon,White,Individual,2967 cc,245 bhp @ 2910 rpm,600 Nm @ 1500 rpm,AWD,5052,1968,1740,7,75,First
Hyundai,Venue SX (O) 1.5 CRDi,1080000,2020,56000,Diesel,Manual,Jalandhar,Blue,Individual,1493 cc,99 bhp @ 4000 rpm,240 Nm @ 1500 rpm,FWD,3995,1770,1605,5,45,First
Mahindra,XUV500 W6,800000,2015,25000,Diesel,Manual,Mumbai,Grey,Corporate,2179 cc,138 bhp @ 3750 rpm,330 Nm @ 1600 rpm,FWD,4585,1890,1785,7,70,First
Datsun,Go Plus T,335000,2017,34000,Petrol,Manual,Lucknow,Brown,Individual,1198 cc,67 bhp @ 5000 rpm,104 Nm @ 4000 rpm,FWD,3995,1635,1490,7,35,First
Hyundai,Venue SX 1.0 Turbo iMT,1185000,2021,10700,Petrol,Manual,Jaipur,White,Individual,998 cc,118 bhp @ 6000 rpm,172 Nm @ 1500 rpm,FWD,3995,1770,1605,5,45,First
Hyundai,Elite i20 Sportz 1.2 IVT,894999,2021,25000,Petrol,Automatic,Mumbai,White,Individual,1197 cc,87 bhp @ 6000 rpm,115 Nm @ 1500 rpm,FWD,3995,1775,1505,5,37,First
Honda,Amaze 1.2 S CVT Petrol [2018-2020],650000,2019,54000,Petrol,Automatic,Varanasi,White,Individual,1199 cc,89 bhp @ 6000 rpm,110 Nm @ 4800 rpm,FWD,3995,1695,1501,5,35,Second
Hyundai,i20 Sportz 1.4 CRDI,550000,2014,75000,Diesel,Manual,Bangalore,Maroon,Individual,1396 cc,90@4000,220@1750,,3940,1710,1505,5,45,First
Maruti Suzuki,Baleno Delta 1.3,550000,2016,88000,Diesel,Manual,Kanpur,Blue,Individual,1248 cc,74 bhp @ 4000 rpm,190 Nm @ 2000 rpm,FWD,3995,1745,1500,5,37,First
Audi,Q3 35 TDI Premium + Sunroof,1650000,2016,139000,Diesel,Automatic,Jaipur,White,Individual,1968 cc,174 bhp @ 4200 rpm,380 Nm @ 1750 rpm,AWD,4385,1831,1608,5,64,Second
Skoda,Kushaq Style 1.0L TSI MT,1600000,2022,1300,Petrol,Manual,Mumbai,Red,Individual,999 cc,114 bhp @ 5000 rpm,178 Nm @ 1750 rpm,FWD,4225,1760,1612,5,50,First
Hyundai,Verna 1.6 VTVT SX (O),1175000,2019,20000,Petrol,Manual,Delhi,Black,Individual,1591 cc,121 bhp @ 6300 rpm,158 Nm @ 4200 rpm,FWD,4375,1700,1475,5,43,First
Mitsubishi,Pajero Select Plus AT,1995000,2018,122000,Diesel,Automatic,Kota,Silver,Individual,2477 cc,176 bhp @ 4000 rpm,350 Nm @ 1800 rpm,RWD,4695,1815,1840,7,70,First
Hyundai,Elite i20 Sportz 1.4 CRDI [2016-2017],575000,2016,38000,Diesel,Manual,Patna,Silver,Individual,1396 cc,89 bhp @ 4000 rpm,220 Nm @ 1500 rpm,FWD,3985,1734,1505,5,45,First
MG,Hector Sharp 2.0 Diesel Turbo MT,1975000,2021,18500,Diesel,Manual,Hyderabad,Red,Individual,1956 cc,169 bhp @ 3750 rpm,350 Nm @ 1750 rpm,FWD,4655,1835,1760,5,60,First
Hyundai,Creta SX (O) 1.5 Diesel [2020-2022],1625000,2022,27800,Diesel,Manual,Gurgaon,White,Individual,1493 cc,113 bhp @ 4000 rpm,250 Nm @ 1500 rpm,FWD,4300,1790,1635,5,50,First
Maruti Suzuki,Swift VXi [2014-2017],695000,2019,46027,Petrol,Manual,Hyderabad,Blue,Individual,1197 cc,83 bhp @ 6000 rpm,115 Nm @ 4000 rpm,FWD,3850,1695,1530,5,42,First
Toyota,Yaris J CVT [2018-2020],875000,2018,23148,Petrol,Automatic,Bangalore,Red,Individual,1496 cc,106 bhp @ 6000 rpm,140 Nm @ 4200 rpm,FWD,4425,1730,1495,5,42,First
Skoda,Octavia 1.8 TSI Style Plus AT [2017],1495000,2017,28000,Petrol,Automatic,Mumbai,Grey,Individual,1798 cc,177 bhp @ 5100 rpm,250 Nm @ 1250 rpm,FWD,4670,1814,1476,5,50,First
Maruti Suzuki,Swift ZXi AMT [2018-2019],725000,2019,11874,Petrol,Automatic,Pune,White,Individual,1197 cc,82 bhp @ 6000 rpm,113 Nm @ 4200 rpm,FWD,3840,1735,1530,5,37,First
Hyundai,Creta E Plus 1.6 Petrol,875000,2017,50000,Petrol,Manual,Mumbai,Silver,Individual,1591 cc,122 bhp @ 6400 rpm,154 Nm @ 4850 rpm,FWD,4270,1780,1630,5,60,First
BMW,5-Series 520d Modern Line,2250000,2014,88000,Diesel,Automatic,Bangalore,Black,Individual,1995 cc,184 bhp @ 4000 rpm,380 Nm @ 1750 rpm,RWD,4899,2094,1464,5,,Third
Ford,Endeavour Trend 2.2 4x2 AT,2350000,2016,75000,Diesel,Automatic,Mohali,White,Individual,2198 cc,158 bhp @ 3200 rpm,385 Nm @ 1600 rpm,RWD,4892,1860,1837,7,80,Second
BMW,3-Series 320d Prestige,2690000,2019,15500,Diesel,Automatic,Delhi,Blue,Individual,1995 cc,188 bhp @ 4000 rpm,400 Nm @ 1750 rpm,RWD,4633,1811,1429,5,57,First
Maruti Suzuki,Ciaz VDi+ SHVS,695000,2016,82445,Diesel,Manual,Hyderabad,Grey,Individual,1248 cc,89 bhp @ 4000 rpm,200 Nm @ 1750 rpm,FWD,4490,1730,1485,5,43,Second
Honda,City V,600000,2014,75574,Petrol,Manual,Jaipur,Others,Individual,1497 cc,117 bhp @ 6600 rpm,145 Nm @ 4600 rpm,FWD,4440,1695,1495,5,40,Second
Maruti Suzuki,Wagon R LXI CNG,375000,2015,64000,CNG,Manual,Mumbai,Silver,Individual,998 cc,58 bhp @ 6200 rpm,77 Nm @ 3500 rpm,FWD,3599,1495,1700,5,35,First
Hyundai,i10 Sportz 1.2 Kappa2,315000,2012,75000,Petrol,Manual,Pune,White,Individual,1197 cc,79 bhp @ 6000 rpm,112.7619 Nm @ 4000 rpm,FWD,3585,1595,1550,5,35,First
Ford,Ecosport Trend 1.5 Ti-VCT,775000,2019,14095,Petrol,Manual,Delhi,White,Individual,1499 cc,109 bhp @ 6300 rpm,140 Nm @ 4400 rpm,FWD,3999,1765,1708,5,52,First
Audi,A6 35 TDI Matrix,3075000,2017,17000,Diesel,Automatic,Delhi,White,Individual,1968 cc,190 bhp @ 3800 rpm,400 Nm @ 1750 rpm,FWD,4933,1874,1455,5,75,First
Renault,Duster 110 PS RxZ Diesel,415000,2014,70000,Diesel,Manual,Delhi,White,Individual,1461 cc,108 bhp @ 3900 rpm,248 Nm @ 2250 rpm,FWD,4315,1822,1695,5,50,First
Maruti Suzuki,Ertiga ZDI + SHVS,765000,2017,68000,Diesel,Manual,Delhi,Grey,Individual,1248 cc,89 bhp @ 4000 rpm,200 Nm @ 1750 rpm,FWD,4296,1695,1685,7,45,First
Maruti Suzuki,Swift VXi [2014-2017],520000,2018,40000,Petrol,Manual,Patna,Grey,Individual,1197 cc,83 bhp @ 6000 rpm,115 Nm @ 4000 rpm,FWD,3850,1695,1530,5,42,Second
Jaguar,XJ 3.0 V6 Portfolio,3900000,2015,39000,Diesel,Automatic,Delhi,Black,Individual,2993 cc,271 bhp @ 4000 rpm,600 Nm @ 2000 rpm,RWD,5252,1899,1457,5,83,First
Hyundai,Creta 1.6 SX,850000,2016,72000,Diesel,Manual,Ahmedabad,Red,Individual,1582 cc,126 bhp @ 4000 rpm,265 Nm @ 1900 rpm,FWD,4270,1780,1630,5,60,First
Maruti Suzuki,Ertiga VDI SHVS,969999,2016,39000,Diesel,Manual,Hyderabad,Blue,Individual,1248 cc,89 bhp @ 4000 rpm,200 Nm @ 1750 rpm,FWD,4296,1695,1685,7,45,First
Maruti Suzuki,Baleno Delta 1.3,575000,2016,62000,Diesel,Manual,Ludhiana,Blue,Individual,1248 cc,74 bhp @ 4000 rpm,190 Nm @ 2000 rpm,FWD,3995,1745,1500,5,37,First
Ford,Endeavour Sport 2.0 4x4 AT,3900000,2021,41086,Diesel,Automatic,Pune,White,Individual,1996 cc,168 bhp @ 3500 rpm,420 Nm @ 2000 rpm,AWD,4903,1869,1837,7,80,Second
BMW,3-Series 320d Luxury Line,1395000,2013,65000,Diesel,Automatic,Kolkata,Black,Individual,1995 cc,188 bhp @ 4000 rpm,400 Nm @ 1750 rpm,RWD,4633,1811,1429,5,57,Second
Skoda,Kushaq Style 1.0L TSI AT,1625000,2021,7900,Petrol,Automatic,Pune,Silver,Individual,999 cc,114 bhp @ 5000 rpm,178 Nm @ 1750 rpm,FWD,4225,1760,1612,5,50,First
Kia,Sonet GTX Plus 1.5 AT [2020-2021],1499000,2021,22000,Diesel,Automatic,Mumbai,Red,Individual,1493 cc,113 bhp @ 4000 rpm,250 Nm @ 1500 rpm,FWD,3995,1790,1647,5,45,First
Volkswagen,Tiguan Highline TDI,2050000,2018,73000,Diesel,Automatic,Coimbatore,White,Individual,1968 cc,141 bhp @ 4000 rpm,340 Nm @ 1750 rpm,AWD,4486,1839,1672,5,71,Second
Skoda,Octavia 1.8 TSI Style Plus AT [2017],1300000,2016,55000,Petrol,Automatic,Hyderabad,Grey,Individual,1798 cc,177 bhp @ 5100 rpm,250 Nm @ 1250 rpm,FWD,4670,1814,1476,5,50,Second
Skoda,Superb L&K TDI AT,3199000,2019,6900,Diesel,Automatic,Delhi,Grey,Individual,1968 cc,174 bhp @ 3600 rpm,350 Nm @ 1500 rpm,FWD,4861,1864,1483,5,66,First
Maruti Suzuki,Swift LXi,450000,2017,65000,Petrol,Manual,Kanpur,Grey,Individual,1197 cc,83 bhp @ 6000 rpm,115 Nm @ 4000 rpm,FWD,3850,1695,1530,5,42,First
Honda,Mobilio RS Diesel,675000,2015,48000,Diesel,Manual,Mumbai,White,Individual,1498 cc,99 bhp @ 3600 rpm,200 Nm @ 1750 rpm,FWD,4386,1683,1603,7,42,First
Maruti Suzuki,Alto 800 Lxi,280000,2018,48000,Petrol,Manual,Kanpur,Silver,Individual,796 cc,47 bhp @ 6000 rpm,69 Nm @ 3500 rpm,FWD,3395,1490,1475,5,35,Second
Maruti Suzuki,Wagon R LXI ABS,425000,2018,18000,Petrol,Manual,Delhi,Grey,Individual,998 cc,67 bhp @ 6200 rpm,90 Nm @ 3500 rpm,FWD,3599,1495,1700,5,35,First
Rolls-Royce,Ghost Extended Wheelbase,20000000,2011,27000,Petrol,Automatic,Delhi,Blue,Individual,6592 cc,570 bhp @ 5250 rpm,780 Nm @ 1500 rpm,RWD,5569,1948,1550,5,82.5,Third
Mercedes-Benz,C-Class 220 BlueEfficiency,1250000,2012,78000,Diesel,Automatic,Mohali,White,Individual,2143 cc,170 bhp @ 4200 rpm,400 Nm @ 2800 rpm,RWD,4596,1770,1447,5,66,First
Hyundai,Santa Fe 2WD AT [2014-2017],1175000,2014,87938,Diesel,Automatic,Bangalore,White,Individual,2199 cc,194 bhp @ 3800 rpm,437 Nm @ 1800 rpm,AWD,4690,1880,1690,7,64,Second
Hyundai,Santro Sportz CNG [2018-2020],545000,2019,43000,CNG,Manual,Mumbai,Silver,Individual,1086 cc,58 bhp @ 5500 rpm,84 Nm @ 4500 rpm,FWD,3610,1645,1560,5,60,First
Mercedes-Benz,C-Class 220 CDI Elegance AT,495000,2008,95200,Diesel,Automatic,Mumbai,Grey,Corporate,2148 cc,170@3700,410@2000,RWD,4581,1770,1447,5,66,First
Maruti Suzuki,Swift DZire VXI,500000,2016,26000,Petrol,Manual,Delhi,White,Individual,1197 cc,83 bhp @ 6000 rpm,115 Nm @ 4000 rpm,FWD,3995,1695,1555,5,42,First
Maruti Suzuki,Celerio VXi AMT,390000,2015,70000,Petrol,Automatic,Ahmedabad,White,Individual,998 cc,67 bhp @ 6000 rpm,90 Nm @ 3500 rpm,FWD,3600,1600,1560,5,35,First
Maruti Suzuki,Wagon R LXi 1.0 CNG [2019-2020],575000,2019,31000,CNG,Manual,Delhi,Grey,Individual,998 cc,58 bhp @ 5500 rpm,78 Nm @ 3500 rpm,FWD,3655,1620,1675,5,60,First
BMW,3-Series 320d Luxury Line [2014-2016],2100000,2014,103000,Diesel,Automatic,Lucknow,Black,Individual,1995 cc,184 bhp @ 4000 rpm,380 Nm @ 1750 rpm,RWD,4624,2031,1429,5,,Second
Hyundai,i10 Magna 1.2 Kappa2,250000,2012,54556,Petrol,Manual,Lucknow,White,Individual,1197 cc,79 bhp @ 6000 rpm,112.7619 Nm @ 4000 rpm,FWD,3585,1595,1550,5,35,First
Maruti Suzuki,DZire VXi,685000,2019,74000,Petrol,Manual,Pune,Blue,Individual,1197 cc,89 bhp @ 6000 rpm,113 Nm @ 4400 rpm,FWD,3995,1735,1515,5,37,First
Renault,Kwid RXT [2015-2019],320000,2016,64000,Petrol,Manual,Mohali,Silver,Individual,799 cc,53 bhp @ 5678 rpm,72 Nm @ 4386 rpm,FWD,3679,1579,1478,5,28,First
Maruti Suzuki,S-Cross Delta 1.6,620000,2016,85000,Diesel,Manual,Karnal,White,Individual,1598 cc,118 bhp @ 3750 rpm,320 Nm @ 1750 rpm,FWD,4300,1765,1590,5,48,Second
Maruti Suzuki,Swift VXi [2014-2017],600000,2018,54000,Petrol,Manual,Mohali,White,Individual,1197 cc,83 bhp @ 6000 rpm,115 Nm @ 4000 rpm,FWD,3850,1695,1530,5,42,First
Jeep,Compass Longitude (O) 1.4 Petrol AT [2019-2020],1750000,2019,57000,Petrol,Automatic,Hyderabad,Silver,Individual,1368 cc,160 bhp @ 5500 rpm,250 Nm @ 2500 rpm,FWD,4395,1818,1640,5,60,First
Land Rover,Discovery Sport SE,4950000,2018,38000,Diesel,Automatic,Thane,White,Individual,1999 cc,177 bhp @ 4000 rpm,430 Nm @ 1750 rpm,AWD,4600,2173,1690,7,65,First
Hyundai,Creta 1.6 SX Plus AT,1015000,2015,68566,Diesel,Automatic,Ahmedabad,White,Individual,1582 cc,126 bhp @ 4000 rpm,265 Nm @ 1900 rpm,FWD,4270,1780,1630,5,60,First
Toyota,Corolla Altis 1.8 G,390000,2009,68195,Petrol,Manual,Ahmedabad,White,Individual,1794 cc,132@6000,170@4200,FWD,4540,1760,1480,5,55,First
Maruti Suzuki,Ciaz Delta 1.4 MT,755000,2017,57000,Petrol,Manual,Delhi,White,Individual,1373 cc,91 bhp @ 6000 rpm,130 Nm @ 4000 rpm,FWD,4490,1730,1485,5,43,First
Hyundai,Creta SX (O) 1.4 Turbo 7 DCT Dual Tone [2022-2022],1825000,2021,45000,Petrol,Automatic,Delhi,White,Individual,1353 cc,138 bhp @ 6000 rpm,242 Nm @ 1500 rpm,FWD,4300,1790,1635,5,50,First
Maruti Suzuki,Celerio VXi AMT,416000,2014,60116,Petrol,Automatic,Bangalore,Grey,Individual,998 cc,67 bhp @ 6000 rpm,90 Nm @ 3500 rpm,FWD,3600,1600,1560,5,35,First
Maruti Suzuki,Swift DZire ZDi BS-IV,325000,2010,82202,Diesel,Manual,Jalandhar,White,Individual,1248 cc,75@4000,190@2000,FWD,4160,1690,1530,5,43,Second
Maruti Suzuki,Wagon R LXi Minor,218000,2008,51000,Petrol,Manual,Coimbatore,Gold,Individual,1061 cc,67@6200,84@3500,FWD,3520,1475,1690,5,35,Second
Mercedes-Benz,CLA 200 CDI Sport,2800000,2018,24000,Diesel,Automatic,Mumbai,Red,Individual,2143 cc,134 bhp @ 3600 rpm,300 Nm @ 1600 rpm,FWD,4630,1777,1432,5,,First
Maruti Suzuki,Ciaz VDi (O) SHVS,650000,2017,86000,Diesel,Manual,Lucknow,White,Individual,1248 cc,89 bhp @ 4000 rpm,200 Nm @ 1750 rpm,FWD,4490,1730,1485,5,43,First
Honda,WR-V S MT Diesel,790000,2018,41000,Diesel,Manual,Raipur,Silver,Individual,1498 cc,99 bhp @ 3600 rpm,200 Nm @ 1750 rpm,FWD,3999,1734,1601,5,40,First
Honda,City SV Diesel,540000,2015,76000,Diesel,Manual,Agra,Red,Individual,1498 cc,99 bhp @ 3600 rpm,200 Nm @ 1750 rpm,FWD,4440,1695,1495,5,40,First
Maruti Suzuki,Swift VDi,375000,2011,120000,Diesel,Manual,Hyderabad,Silver,Individual,1248 cc,74 bhp @ 4000 rpm,190 Nm @ 2000 rpm,FWD,3850,1695,1530,5,42,First
BMW,X1 sDrive20i xLine,3990000,2021,12500,Petrol,Automatic,Delhi,White,Individual,1998 cc,189 bhp @ 5000 rpm,280 Nm @ 1350 rpm,FWD,4447,1821,1598,5,51,First
Porsche,718 Boxster,10900000,2018,6300,Petrol,Automatic,Hyderabad,Grey,Corporate,1988 cc,295 bhp @ 6500 rpm,380 Nm @ 2150 rpm,RWD,4379,1801,1281,2,54,First
Maruti Suzuki,Swift DZire VXi,245000,2009,114000,Petrol,Manual,Mumbai,Gold,Individual,1298 cc,87@6000,113@4500,FWD,4160,1690,1530,5,43,First
Maruti Suzuki,Celerio LXi,260000,2015,25862,Petrol,Manual,Kolkata,Blue,Individual,998 cc,67 bhp @ 6000 rpm,90 Nm @ 3500 rpm,FWD,3600,1600,1560,5,35,First
Skoda,Kodiaq Style 2.0 TDI 4x4 AT,3200000,2018,35000,Diesel,Automatic,Pune,White,Individual,,,,,4697,1882,1665,7,63,First
Ford,Figo Duratorq Diesel Titanium 1.4,240000,2010,72000,Diesel,Manual,Hyderabad,White,Individual,1399 cc,69@4000,160@2000,FWD,3795,1680,1427,5,45,First
Hyundai,Creta 1.6 SX Plus Special Edition,800000,2015,90000,Diesel,Manual,Lucknow,Silver,Individual,1582 cc,126 bhp @ 4000 rpm,265 Nm @ 1900 rpm,FWD,4270,1780,1630,5,60,First
Honda,City V,745000,2016,38000,Petrol,Manual,Gurgaon,Silver,Individual,1497 cc,117 bhp @ 6600 rpm,145 Nm @ 4600 rpm,FWD,4440,1695,1495,5,40,First
Mercedes-Benz,E-Class E 220d Exclusive [2019-2019],7390000,2021,7000,Diesel,Automatic,Mumbai,Grey,Individual,1950 cc,192 bhp @ 3800 rpm,400 Nm @ 1600 rpm,RWD,5063,1860,1494,5,80,First
BMW,X5 xDrive 30d M Sport,5900000,2017,83985,Diesel,Automatic,Pune,White,Individual,2993 cc,258 bhp @ 4000 rpm,560 Nm @ 1500 rpm,AWD,4886,1938,1762,5,,Second
Honda,Amaze 1.2 S MT Petrol [2018-2020],675000,2019,74237,Petrol,Manual,Nashik,White,Individual,1199 cc,89 bhp @ 6000 rpm,110 Nm @ 4800 rpm,FWD,3995,1695,1501,5,35,First
BMW,X1 sDrive20d xLine,2650000,2018,53000,Diesel,Automatic,Delhi,Blue,Individual,1995 cc,184 bhp @ 4000 rpm,350 Nm @ 1750 rpm,RWD,4454,2044,1545,5,63,Second
Maruti Suzuki,Alto 800 Lxi,340000,2016,52303,Petrol,Manual,Bhopal,Grey,Commercial Registration,796 cc,47 bhp @ 6000 rpm,69 Nm @ 3500 rpm,FWD,3395,1490,1475,5,35,First
Maruti Suzuki,Baleno Alpha 1.2,620000,2019,42356,Petrol,Manual,Varanasi,Red,Individual,1197 cc,83 bhp @ 6000 rpm,115 Nm @ 4000 rpm,FWD,3995,1745,1500,5,37,First
Maruti Suzuki,SX4 ZDI,297000,2013,84000,Diesel,Manual,Delhi,White,Individual,1248 cc,89 bhp @ 4000 rpm,200 Nm @ 1750 rpm,FWD,4490,1735,1560,5,50,First
Toyota,Etios Liva GD,500000,2016,114000,Diesel,Manual,Ambala Cantt,Grey,Individual,1364 cc,67 bhp @ 3800 rpm,170 Nm @ 1800 rpm,FWD,3775,1695,1510,5,45,First
Hyundai,Verna SX Plus 1.6 VTVT AT,1149000,2019,26894,Petrol,Automatic,Hyderabad,Black,Individual,1591 cc,121 bhp @ 6400 rpm,151 Nm @ 4850 rpm,FWD,4440,1729,1475,5,45,First
Mercedes-Benz,C-Class C 220 CDI Avantgarde,2650000,2017,70000,Diesel,Automatic,Pune,Brown,Individual,2143 cc,168 bhp @ 3000 rpm,400 Nm @ 1400 rpm,RWD,4686,1810,1442,5,66,Second
Toyota,Fortuner 3.0 4x2 MT,1375000,2012,98352,Diesel,Manual,Patna,White,Individual,2982 cc,169 bhp @ 3600 rpm,343 Nm @ 1400 rpm,RWD,4705,1840,1850,7,80,First
Hyundai,i10 Magna,235000,2009,107000,Petrol,Manual,Coimbatore,Grey,Individual,1086 cc,67@5500,99@2800,FWD,3565,1595,1550,5,35,Third
BMW,5-Series 525d Luxury Plus,2280000,2014,68000,Diesel,Automatic,Pune,Blue,Individual,1995 cc,217 bhp @ 4400 rpm,450 Nm @ 1500 rpm,RWD,4899,2094,1464,5,,First
Toyota,Fortuner 2.8 4x2 AT [2016-2020],3090000,2017,52000,Diesel,Automatic,Mumbai,White,Individual,2755 cc,174 bhp @ 3400 rpm,450 Nm @ 1600 rpm,RWD,4795,1855,1835,7,80,First
Lexus,ES 300h,4375000,2017,31059,Petrol,Automatic,Bangalore,Brown,Individual,2494 cc,202 bhp @ 5700 rpm,213 Nm @ 4500 rpm,RWD,4915,1820,1450,5,65,First
Maruti Suzuki,S-Cross Alpha 1.6,749000,2017,114000,Diesel,Manual,Faridabad,Grey,Individual,1598 cc,118 bhp @ 3750 rpm,320 Nm @ 1750 rpm,FWD,4300,1765,1590,5,48,First
BMW,X5 xDrive 30d Expedition,4800000,2017,35000,Diesel,Automatic,Delhi,Black,Individual,2993 cc,258 bhp @ 4000 rpm,560 Nm @ 1500 rpm,AWD,4886,1938,1762,7,,First
Mahindra,TUV300 T10,785000,2017,44000,Diesel,Manual,Mumbai,White,Individual,1493 cc,100 bhp @ 3750 rpm,240 Nm @ 1600 rpm,RWD,3995,1835,1839,7,60,First
Hyundai,i20 Active 1.4 S,750000,2017,72000,Diesel,Manual,Chennai,Maroon,Individual,1396 cc,89 bhp @ 4000 rpm,220 Nm @ 1500 rpm,FWD,3995,1760,1555,5,45,First
Mercedes-Benz,C-Class C 220d Progressive [2018-2019],4150000,2019,8000,Diesel,Automatic,Delhi,Blue,Individual,1950 cc,192 bhp @ 3800 rpm,400 Nm @ 1600 rpm,RWD,4686,1810,1442,5,66,First
Maruti Suzuki,Alto VXi,320000,2014,54000,Petrol,Manual,Mohali,White,Individual,998 cc,67 bhp @ 6200 rpm,90 Nm @ 3500 rpm,FWD,3620,1475,1460,5,35,First
Mercedes-Benz,GLA 200 CDI Style,1750000,2015,99000,Diesel,Automatic,Chennai,White,Individual,2143 cc,134 bhp @ 3600 rpm,300 Nm @ 1600 rpm,FWD,4417,1804,1494,5,50,Second
Mahindra,TUV300 T10,944999,2019,88000,Diesel,Manual,Hyderabad,White,Individual,1493 cc,100 bhp @ 3750 rpm,240 Nm @ 1600 rpm,RWD,3995,1795,1817,7,60,First
Land Rover,Range Rover 3.0 V6 Diesel Vogue LWB,27500000,2020,11000,Diesel,Automatic,Hyderabad,White,Individual,2993 cc,244 bhp @ 4000 rpm,600 Nm @ 2000 rpm,AWD,5199,2220,1840,4,105,Second
Ford,Endeavour Sport 2.0 4x4 AT,4100000,2021,19000,Diesel,Automatic,Hyderabad,White,Individual,1996 cc,168 bhp @ 3500 rpm,420 Nm @ 2000 rpm,AWD,4903,1869,1837,7,80,First
MG,Hector Sharp 1.5 DCT Petrol Dual Tone,1750000,2021,33000,Petrol,Automatic,Ahmedabad,Black,Individual,1451 cc,141 bhp @ 5000 rpm,250 Nm @ 1600 rpm,FWD,4655,1835,1760,5,60,First
Maruti Suzuki,Ertiga VDi 1.3 Diesel,811000,2018,44153,Diesel,Manual,Patna,White,Individual,1248 cc,89 bhp @ 4000 rpm,200 Nm @ 1750 rpm,FWD,4395,1735,1690,7,45,First
Land Rover,Discovery Sport HSE Luxury 7-Seater,6900000,2020,32368,Diesel,Automatic,Chennai,White,Individual,2179 cc,188 bhp @ 3500 rpm,420 Nm @ 1750 rpm,AWD,4600,2069,1724,7,65,First
Hyundai,Verna 1.6 CRDI SX,725000,2016,42000,Diesel,Manual,Ludhiana,White,Individual,1582 cc,126 bhp @ 4000 rpm,260 Nm @ 1900 rpm,FWD,4375,1700,1475,5,43,First
Jaguar,XF Portfolio Diesel,4600000,2020,56000,Diesel,Automatic,Chennai,Blue,Individual,1999 cc,177 bhp @ 4000 rpm,430 Nm @ 1750 rpm,RWD,5067,2091,1457,5,66,First
Tata,Nexon EV XZ Plus,1485000,2020,10000,Electric,Automatic,Mumbai,Blue,Individual,,,,FWD,3993,1811,1606,5,,First
Land Rover,Range Rover 3.0 V6 Diesel Vogue,19300000,2019,63000,Diesel,Automatic,Bangalore,Black,Individual,2993 cc,244 bhp @ 4000 rpm,600 Nm @ 2000 rpm,AWD,4999,2220,1835,5,105,First
Hyundai,Grand i10 Asta AT 1.2 Kappa VTVT (O) [2016-2017],650000,2017,49422,Petrol,Automatic,Pune,Silver,Individual,1197 cc,81 bhp @ 6000 rpm,114 Nm @ 4000 rpm,FWD,3765,1660,1520,5,43,First
MG,Hector Plus Smart 1.5 DCT Petrol,1925000,2021,19000,Petrol,Automatic,Mumbai,Silver,Corporate,1451 cc,141 bhp @ 5000 rpm,250 Nm @ 1600 rpm,FWD,4720,1835,1760,6,60,First
Honda,City SV CVT,590000,2015,75258,Petrol,Automatic,Mumbai,White,Individual,1497 cc,117 bhp @ 6600 rpm,145 Nm @ 4600 rpm,FWD,4440,1695,1495,5,40,First
Hyundai,Santro Sportz CNG [2018-2020],495000,2019,46000,CNG,Manual,Agra,Silver,Individual,1086 cc,58 bhp @ 5500 rpm,84 Nm @ 4500 rpm,FWD,3610,1645,1560,5,60,First
Maruti Suzuki,Baleno Zeta 1.3,695000,2016,68921,Diesel,Manual,Hyderabad,Red,Individual,1248 cc,74 bhp @ 4000 rpm,190 Nm @ 2000 rpm,FWD,3995,1745,1500,5,37,First
Hyundai,Verna 1.6 CRDI SX,799000,2018,79800,Diesel,Manual,Karnal,Grey,Individual,1582 cc,126 bhp @ 4000 rpm,260 Nm @ 1900 rpm,FWD,4375,1700,1475,5,43,First
Volkswagen,Polo Highline1.2L (P),325000,2013,53000,Petrol,Manual,Meerut,Red,Individual,1198 cc,74 bhp @ 5400 rpm,110 Nm @ 3750 rpm,FWD,3970,1682,1453,5,45,Second
Mahindra,Scorpio S5 2WD 7 STR,1190000,2018,59000,Diesel,Manual,Patna,White,Individual,2179 cc,120 bhp @ 4000 rpm,280 Nm @ 1800 rpm,RWD,4456,1820,1995,7,60,First
Jaguar,XJ 3.0 Portfolio,5800000,2017,30000,Diesel,Automatic,Pune,White,Individual,2993 cc,225 bhp @ 4000 rpm,689 Nm @ 1800 rpm,RWD,5255,2105,1460,5,77,First
Maruti Suzuki,Alto LXi BS-III,140000,2009,65000,Petrol,Manual,Yamunanagar,Silver,Individual,796 cc,47@6200,62@3000,,3495,1475,1460,5,35,Third
Maruti Suzuki,Baleno Zeta 1.2,750000,2021,58000,Petrol,Manual,Varanasi,White,Individual,1197 cc,83 bhp @ 6000 rpm,115 Nm @ 4000 rpm,FWD,3995,1745,1500,5,37,First
Mercedes-Benz,M-Class ML 350 CDI,2600000,2014,94000,Diesel,Automatic,Mumbai,White,Individual,2997 cc,254 bhp @ 3600 rpm,619 Nm @ 1600 rpm,AWD,4804,2141,1796,5,70,First
Maruti Suzuki,Alto 800 Lx CNG,299000,2017,45000,CNG,Manual,Pune,Silver,Individual,796 cc,48 bhp @ 6000 rpm,69 Nm @ 3500 rpm,FWD,3395,1490,1475,5,35,First
Toyota,Fortuner 2.8 4x4 AT [2016-2020],3470000,2018,62152,Diesel,Automatic,Mumbai,Silver,Individual,2755 cc,174 bhp @ 3400 rpm,450 Nm @ 1600 rpm,AWD,4795,1855,1835,7,80,First
Hyundai,Venue SX Plus 1.0 Turbo DCT,1075000,2019,28000,Petrol,Automatic,Chennai,Blue,Individual,998 cc,118 bhp @ 6000 rpm,172 Nm @ 1500 rpm,FWD,3995,1770,1605,5,45,First
Hyundai,Grand i10 Magna AT 1.2 Kappa VTVT,650000,2019,15000,Petrol,Automatic,Chandigarh,Silver,Individual,1197 cc,81 bhp @ 6000 rpm,114 Nm @ 4000 rpm,FWD,3765,1660,1520,5,43,First
Honda,Amaze 1.2 S i-VTEC,425000,2014,53610,Petrol,Manual,Gurgaon,White,Individual,1198 cc,87 bhp @ 6000 rpm,109 Nm @ 4500 rpm,FWD,3990,1680,1505,5,35,Second
Nissan,Terrano XL D Plus,445000,2014,75000,Diesel,Manual,Delhi,White,Individual,1461 cc,84 bhp @ 3750 rpm,200 Nm @ 1900 rpm,FWD,4331,1822,1671,5,50,First
Maruti Suzuki,XL6 Zeta MT Petrol,1225000,2022,16000,Petrol,Manual,Delhi,Grey,Individual,1462 cc,103 bhp @ 6000 rpm,138 Nm @ 4400 rpm,FWD,4445,1775,1700,6,45,First
Audi,A3 35 TDI Premium + Sunroof,1350000,2015,60000,Diesel,Automatic,Delhi,Black,Individual,1968 cc,141 bhp @ 3500 rpm,320 Nm @ 1750 rpm,FWD,4456,1796,1416,5,50,First
Volkswagen,Polo Trendline 1.2L (P),345000,2011,101923,Petrol,Manual,Bangalore,White,Individual,,,,,,,,,,Second
Mercedes-Benz,C-Class 220 BlueEfficiency,1450000,2014,45000,Diesel,Automatic,Ranchi,White,Individual,2143 cc,170 bhp @ 4200 rpm,400 Nm @ 2800 rpm,RWD,4596,1770,1447,5,66,First
Toyota,Fortuner 2.8 4x4 AT [2016-2020],2749000,2017,120000,Diesel,Automatic,Faridabad,White,Individual,2755 cc,174 bhp @ 3400 rpm,450 Nm @ 1600 rpm,AWD,4795,1855,1835,7,80,First
Hyundai,Santro GLS,141000,2009,56400,Petrol,Manual,Jamshedpur,Silver,Individual,1086 cc,62 bhp @ 5500 rpm,96 Nm @ 3000 rpm,FWD,3565,1525,1590,5,35,Third
Hyundai,Creta 1.6 S Plus AT,1375000,2017,70000,Diesel,Automatic,Bangalore,White,Individual,1582 cc,126 bhp @ 4000 rpm,265 Nm @ 1900 rpm,FWD,4270,1780,1630,5,60,First
Toyota,Innova 2.4 G 7 STR [2016-2017],1825000,2016,82567,Diesel,Manual,Bangalore,White,Individual,2393 cc,148 bhp @ 3400 rpm,343 Nm @ 1400 rpm,RWD,4735,1830,1795,7,55,First
Audi,A8 3.0 TDI quattro,4900000,2015,32000,Diesel,Automatic,Hyderabad,Blue,Individual,2967 cc,247 bhp @ 4000 rpm,580 Nm @ 1750 rpm,AWD,5265,1949,1471,4,90,First
Honda,Jazz V Diesel,525000,2015,68244,Diesel,Manual,Indore,Silver,Individual,1498 cc,98 bhp @ 3600 rpm,200 Nm @ 1750 rpm,FWD,3955,1694,1544,5,40,Second
Audi,Q7 3.0 TDI quattro Premium,3300000,2014,25000,Diesel,Automatic,Chennai,Brown,Individual,2967 cc,241 bhp @ 3800 rpm,550 Nm @ 1750 rpm,AWD,5089,1983,1737,6,100,Second
Hyundai,Eon Magna +,405000,2018,34000,Petrol,Manual,Hyderabad,Red,Individual,814 cc,55 bhp @ 5500 rpm,75 Nm @ 4000 rpm,FWD,3495,1550,1500,5,32,First
Audi,Q3 35 TDI quattro Premium Plus,2550000,2017,36000,Diesel,Automatic,Delhi,Blue,Individual,1968 cc,184 bhp @ 3500 rpm,380 Nm @ 1750 rpm,AWD,4385,1831,1608,5,64,First
Honda,City SV,875000,2019,36000,Petrol,Manual,Pune,Bronze,Individual,1497 cc,117 bhp @ 6600 rpm,145 Nm @ 4600 rpm,FWD,4440,1695,1495,5,40,First
Maruti Suzuki,Swift VXi,355000,2014,68005,Petrol,Manual,Ranchi,White,Individual,1197 cc,85 bhp @ 6000 rpm,114 Nm @ 4000 rpm,FWD,3850,1695,1530,5,42,First
Ford,Ecosport Titanium 1.5L TDCi,925000,2018,74797,Diesel,Manual,Udupi,White,Individual,1498 cc,99 bhp @ 3750 rpm,205 Nm @ 1750 rpm,FWD,3998,1765,1647,5,52,First
Land Rover,Evoque SE Dynamic,6500000,2021,12000,Diesel,Automatic,Hyderabad,White,Individual,1999 cc,177 bhp @ 4000 rpm,430 Nm @ 1750 rpm,AWD,4360,2120,1635,5,57,First
Hyundai,Elite i20 Magna 1.2 [2016-2017],625000,2019,31000,Petrol,Manual,Kanpur,White,Individual,1197 cc,82 bhp @ 6000 rpm,115 Nm @ 4000 rpm,FWD,3985,1734,1505,5,45,First
Datsun,Redigo T(O) 1.0,425000,2020,7520,Petrol,Manual,Bangalore,Red,Individual,999 cc,67 bhp @ 5500 rpm,91 Nm @ 4250 rpm,FWD,3429,1560,1541,5,28,First
Hyundai,Grand i10 Magna 1.2 Kappa VTVT [2016-2017],550000,2015,58078,Petrol,Manual,Mysore,Silver,Individual,1197 cc,81 bhp @ 6000 rpm,114 Nm @ 4000 rpm,FWD,3765,1660,1520,5,43,Second
Volkswagen,Vento Comfortline Diesel,434999,2014,79081,Diesel,Manual,Delhi,Grey,Individual,1598 cc,103 bhp @ 4400 rpm,250 Nm @ 1500 rpm,FWD,4384,1699,1466,5,55,First
Mercedes-Benz,GLE 350 d,5900000,2018,28000,Diesel,Automatic,Delhi,White,Individual,2987 cc,255 bhp @ 3400 rpm,620 Nm @ 1600 rpm,AWD,4819,2141,1796,5,93,First
Mercedes-Benz,GLC 220 d Progressive,3500000,2017,72000,Diesel,Automatic,Faridabad,White,Individual,2143 cc,168 bhp @ 3000 rpm,400 Nm @ 1400 rpm,AWD,4656,1890,1639,5,66,First
Hyundai,Creta SX (O) 1.4 Turbo 7 DCT Dual Tone [2022-2022],1750000,2022,23000,Petrol,Automatic,Delhi,White,Individual,1353 cc,138 bhp @ 6000 rpm,242 Nm @ 1500 rpm,FWD,4300,1790,1635,5,50,First
Chevrolet,Captiva LTZ AWD AT,475000,2012,74000,Diesel,Automatic,Mohali,White,Individual,1991 cc,150@4000,320@2000,,4660,1870,1755,7,65,First
Hyundai,Xcent S 1.2 (O),425000,2015,11628,Petrol,Manual,Kolkata,Black,Individual,1197 cc,81 bhp @ 6000 rpm,114 Nm @ 4000 rpm,FWD,3995,1660,1520,5,43,First
Ford,Ecosport Titanium + 1.5L TDCi,675000,2017,81323,Diesel,Manual,Hyderabad,Silver,Individual,1498 cc,99 bhp @ 3750 rpm,205 Nm @ 1750 rpm,FWD,3998,1765,1647,5,52,First
Maruti Suzuki,Vitara Brezza LDi (O) [2016-2018],675000,2016,50000,Diesel,Manual,Mohali,Grey,Individual,1248 cc,89 bhp @ 4000 rpm,200 Nm @ 1750 rpm,FWD,3995,1790,1640,5,48,First
Toyota,Innova 2.4 ZX 7 STR [2016-2020],1725000,2016,145000,Diesel,Manual,Lucknow,White,Individual,2393 cc,148 bhp @ 3400 rpm,343 Nm @ 1400 rpm,RWD,4735,1830,1795,7,55,First
Audi,A3 40 TFSI Premium,1760000,2017,48000,Petrol,Automatic,Delhi,White,Individual,1798 cc,178 bhp @ 5100 rpm,250 Nm @ 1250 rpm,FWD,4456,1796,1416,5,50,First
Maruti Suzuki,Vitara Brezza ZDi+ Dual Tone [2017-2018],730000,2017,80000,Diesel,Manual,Kanpur,Yellow,Individual,1248 cc,89 bhp @ 4000 rpm,200 Nm @ 1750 rpm,FWD,3995,1790,1640,5,48,First
Maruti Suzuki,Swift LXi,301000,2011,28513,Petrol,Manual,Ahmedabad,Others,Individual,1197 cc,85 bhp @ 6000 rpm,114 Nm @ 4000 rpm,FWD,3850,1695,1530,5,42,First
Maruti Suzuki,Wagon R LXi LPG,275000,2011,42000,LPG,Manual,Bhopal,White,Individual,998 cc,46 bhp @ 6200 rpm,85 Nm @ 3500 rpm,FWD,3595,1475,1700,5,28,Second
Ford,Figo Duratorq Diesel ZXI 1.4,225000,2013,87000,Diesel,Manual,Mohali,Grey,Individual,1399 cc,68 bhp @ 4000 rpm,160 Nm @ 2000 rpm,FWD,3795,1680,1427,5,45,First
Hyundai,Eon Magna [2011-2012],185000,2012,55700,Petrol,Manual,Jamshedpur,Silver,Individual,814 cc,56@5500,75@4000,,3495,1550,1500,5,32,Second
Maruti Suzuki,Alto 800 Lxi,285000,2017,45600,Petrol,Manual,Jamshedpur,White,Individual,796 cc,47 bhp @ 6000 rpm,69 Nm @ 3500 rpm,FWD,3395,1490,1475,5,35,First
Volkswagen,Vento Highline Diesel,350000,2013,78000,Diesel,Manual,Dehradun,White,Individual,1598 cc,103 bhp @ 4400 rpm,250 Nm @ 1500 rpm,FWD,4384,1699,1466,5,55,Second
Rolls-Royce,Ghost Extended Wheelbase,20000000,2012,55000,Petrol,Automatic,Chennai,White,Individual,6592 cc,570 bhp @ 5250 rpm,780 Nm @ 1500 rpm,RWD,5569,1948,1550,5,82.5,Third
Mercedes-Benz,GLS 400d 4MATIC,12900000,2021,3000,Diesel,Automatic,Delhi,White,Individual,2925 cc,326 bhp @ 3600 rpm,700 Nm @ 1200 rpm,AWD,5207,2157,1823,7,90,First
Skoda,Superb Style TSI AT,1650000,2017,52458,Petrol,Automatic,Mumbai,Black,Individual,1798 cc,177 bhp @ 5100 rpm,250 Nm @ 1250 rpm,FWD,4861,1864,1483,5,66,First
Maruti Suzuki,Alto 800 Lxi CNG,265000,2017,30000,CNG,Manual,Kanpur,White,Individual,796 cc,47 bhp @ 6000 rpm,69 Nm @ 3500 rpm,FWD,3395,1490,1475,5,35,First
Tata,Tiago Revotron XE [2016-2019],395000,2017,46992,Petrol,Manual,Gurgaon,White,Individual,1199 cc,84 bhp @ 6000 rpm,114 Nm @ 3500 rpm,FWD,3746,1647,1535,5,35,First
Honda,Jazz V Petrol,500000,2016,54440,Petrol,Manual,Mumbai,Silver,Individual,1199 cc,89 bhp @ 6000 rpm,110 Nm @ 4800 rpm,FWD,3955,1694,1544,5,40,First
Mahindra,Alturas G4 4WD AT [2018-2020],2770000,2019,32000,Diesel,Automatic,Faridabad,Black,Individual,2157 cc,178 bhp @ 4000 rpm,420 Nm @ 1600 rpm,AWD,4850,1960,1845,7,70,First
Mercedes-Benz,M-Class ML 250 CDI,2450000,2015,103000,Diesel,Automatic,Mumbai,White,Individual,2143 cc,203 bhp @ 4200 rpm,500 Nm @ 1600 rpm,AWD,4804,2141,1796,5,70,First
Audi,A4 1.8 TFSI Multitronic Premium Plus,3125000,2020,28600,Petrol,Automatic,Lucknow,White,Individual,1798 cc,170 bhp @ 3800 rpm,320 Nm @ 1400 rpm,FWD,4701,1826,1427,5,63,First
Kia,Carnival Limousine Plus 7 STR,2950000,2020,72000,Diesel,Automatic,Chandigarh,White,Individual,2199 cc,197 bhp @ 3800 rpm,440 Nm @ 1750 rpm,FWD,5115,1985,1755,7,60,First
Maruti Suzuki,Ertiga VDI SHVS,620000,2016,64906,Diesel,Manual,Varanasi,Grey,Individual,1248 cc,89 bhp @ 4000 rpm,200 Nm @ 1750 rpm,FWD,4296,1695,1685,7,45,First
Mercedes-Benz,GLA 220 d Activity Edition,2250000,2016,79000,Diesel,Automatic,Chennai,Red,Individual,2143 cc,168 bhp @ 3400 rpm,350 Nm @ 1400 rpm,AWD,4417,1804,1494,5,50,First
Maruti Suzuki,Ciaz Delta 1.4 MT,565000,2017,64000,Petrol,Manual,Ranchi,Brown,Individual,1373 cc,91 bhp @ 6000 rpm,130 Nm @ 4000 rpm,FWD,4490,1730,1485,5,43,First
Hyundai,Grand i10 Asta 1.2 Kappa VTVT [2013-2016],550000,2018,56000,Petrol,Manual,Hyderabad,Grey,Individual,1197 cc,81 bhp @ 6000 rpm,114 Nm @ 4000 rpm,FWD,3765,1660,1520,5,43,First
Hyundai,Santro XO eRLX - Euro III,178000,2007,85000,Petrol,Manual,Coimbatore,Silver,Individual,1086 cc,63@5500,89@3000,,3565,1525,1590,5,35,Second
Mahindra,Scorpio S5,1550000,2022,12000,Diesel,Manual,Delhi,White,Individual,2179 cc,137 bhp @ 3750 rpm,319 Nm @ 1500 rpm,RWD,4456,1820,1995,7,60,First
Maruti Suzuki,Vitara Brezza LDi (O) [2016-2018],711000,2018,67900,Diesel,Manual,Mumbai,Red,Individual,1248 cc,89 bhp @ 4000 rpm,200 Nm @ 1750 rpm,FWD,3995,1790,1640,5,48,First
Tata,Tigor Revotron XM,375000,2018,48144,Petrol,Manual,Kolkata,Grey,Individual,1199 cc,84 bhp @ 6000 rpm,114 Nm @ 3500 rpm,FWD,3992,1677,1537,5,35,First
BMW,X1 sDrive20d xLine,4475000,2021,7100,Diesel,Automatic,Chennai,Orange,Individual,1995 cc,184 bhp @ 4000 rpm,350 Nm @ 1750 rpm,RWD,4454,2044,1545,5,63,First
Porsche,Macan Base [2019-2020],9100000,2022,9000,Petrol,Automatic,Gurgaon,Blue,Individual,1984 cc,248 bhp @ 5000 rpm,370 Nm @ 1600 rpm,AWD,4696,1923,1624,5,65,First
Maruti Suzuki,Alto VXi [2014-2019],245000,2016,64000,Petrol,Manual,Ranchi,Silver,Individual,998 cc,67 bhp @ 6000 rpm,90 Nm @ 3500 rpm,FWD,3545,1490,1475,5,35,First
Honda,City V Diesel,690000,2016,38000,Diesel,Manual,Patna,Brown,Individual,1498 cc,99 bhp @ 3600 rpm,200 Nm @ 1750 rpm,FWD,4440,1695,1495,5,40,First
Toyota,Innova 2.5 G BS IV 8 STR,944999,2016,65321,Diesel,Manual,Patna,White,Individual,2494 cc,101 bhp @ 3600 rpm,200 Nm @ 1200 rpm,RWD,4585,1765,1760,8,55,First
Mercedes-Benz,A-Class A 180 Sport Petrol,1350000,2014,80000,Petrol,Automatic,Bangalore,White,Individual,1595 cc,121 bhp @ 5000 rpm,200 Nm @ 1250 rpm,FWD,4292,1780,1433,4,50,Third
Maruti Suzuki,Vitara Brezza ZDi,850000,2018,37093,Diesel,Manual,Jalandhar,Red,Individual,1248 cc,89 bhp @ 4000 rpm,200 Nm @ 1750 rpm,FWD,3995,1790,1640,5,48,First
Volkswagen,Vento Highline 1.0L TSI,1200000,2021,37230,Petrol,Manual,Hyderabad,Grey,Individual,999 cc,109 bhp @ 5000 rpm,175 Nm @ 1750 rpm,FWD,4390,1699,1467,5,55,First
Maruti Suzuki,Celerio VXi AMT,329000,2014,76116,Petrol,Automatic,Mumbai,Red,Individual,998 cc,67 bhp @ 6000 rpm,90 Nm @ 3500 rpm,FWD,3600,1600,1560,5,35,First
Honda,Civic 1.8V MT,300000,2010,83359,Petrol,Manual,Mumbai,White,Individual,1799 cc,130 bhp @ 6300 rpm,171.62 Nm @ 4300 rpm,FWD,4545,1750,1450,5,50,First
Audi,A4 2.0 TDI Technology,1150000,2013,30000,Diesel,Automatic,Delhi,Silver,Individual,,,,,,,,,,Second
BMW,5-Series 530d M Sport [2013-2017],4900000,2018,38000,Diesel,Automatic,Ahmedabad,Blue,Individual,2993 cc,258 bhp @ 4000 rpm,560 Nm @ 1500 rpm,RWD,4899,2094,1464,5,65,First
Hyundai,Santro Sportz CNG [2018-2020],465000,2019,28000,CNG,Manual,Delhi,White,Individual,1086 cc,58 bhp @ 5500 rpm,84 Nm @ 4500 rpm,FWD,3610,1645,1560,5,60,First
Skoda,Superb L&K TSI AT,2350000,2018,14120,Petrol,Automatic,Pune,Brown,Individual,1798 cc,177 bhp @ 5100 rpm,250 Nm @ 1250 rpm,FWD,4861,1864,1483,5,66,First
Hyundai,Eon D-Lite +,250000,2014,25000,Petrol,Manual,Meerut,White,Individual,814 cc,55 bhp @ 5500 rpm,75 Nm @ 4000 rpm,FWD,3495,1550,1500,5,32,First
MG,Hector Plus Sharp 1.5 DCT Petrol,1950000,2020,28584,Petrol,Automatic,Hyderabad,Black,Individual,1451 cc,141 bhp @ 5000 rpm,250 Nm @ 1600 rpm,FWD,4720,1835,1760,6,60,First
BMW,X5 xDrive 30d,2975000,2015,87000,Diesel,Automatic,Mohali,Blue,Individual,2993 cc,258 bhp @ 4000 rpm,560 Nm @ 1500 rpm,AWD,4886,1938,1762,7,,First
Land Rover,Evoque HSE,3800000,2017,50000,Diesel,Automatic,Mumbai,White,Individual,1999 cc,177 bhp @ 4000 rpm,430 Nm @ 1750 rpm,AWD,4360,2120,1635,5,57,First
Maruti Suzuki,Alto LXi CNG [2014-2018],330000,2017,63200,CNG,Manual,Pimpri-Chinchwad,Grey,Individual,998 cc,58 bhp @ 6000 rpm,78 Nm @ 3500 rpm,FWD,3545,1490,1475,4,60,First
Hyundai,Grand i10 Asta 1.2 Kappa VTVT [2013-2016],409999,2014,55000,Petrol,Manual,Delhi,Silver,Individual,1197 cc,81 bhp @ 6000 rpm,114 Nm @ 4000 rpm,FWD,3765,1660,1520,5,43,First
Ford,Figo Titanium1.5 TDCi,575000,2019,71569,Diesel,Manual,Lucknow,White,Individual,1498 cc,99 bhp @ 3750 rpm,215 Nm @ 1750 rpm,FWD,3886,1695,1525,5,40,First
Hyundai,i10 Magna 1.2 Kappa2,270000,2012,41200,Petrol,Manual,Mumbai,Silver,Individual,1197 cc,79 bhp @ 6000 rpm,112.7619 Nm @ 4000 rpm,FWD,3585,1595,1550,5,35,First
Mahindra,Scorpio SLE BS-IV,434999,2013,117000,Diesel,Manual,Kanpur,White,Individual,2179 cc,120 bhp @ 4000 rpm,290 Nm @ 1800 rpm,RWD,4430,1817,1975,8,60,First
Maruti Suzuki,Swift DZire VXI,465000,2014,65000,Petrol,Manual,Ahmedabad,White,Individual,1197 cc,85 bhp @ 6000 rpm,114 Nm @ 4000 rpm,FWD,3995,1695,1555,5,42,Second
BMW,X3 xDrive 20d Luxury Line [2018-2020],6800000,2022,33000,Diesel,Automatic,Chennai,White,Individual,1995 cc,190 bhp @ 4000 rpm,400 Nm @ 1750 rpm,AWD,4657,1881,1678,5,67,First
Hyundai,i10 Magna 1.2 Kappa2,350000,2011,21000,Petrol,Manual,Hyderabad,Red,Individual,1197 cc,79 bhp @ 6000 rpm,112.7619 Nm @ 4000 rpm,FWD,3585,1595,1550,5,35,First
Hyundai,Venue SX 1.0 Turbo iMT,900000,2020,23000,Petrol,Manual,Haldwani,Brown,Individual,998 cc,118 bhp @ 6000 rpm,172 Nm @ 1500 rpm,FWD,3995,1770,1605,5,45,First
Maruti Suzuki,Swift LXi,595000,2016,26357,Petrol,Manual,Bangalore,Grey,Individual,1197 cc,83 bhp @ 6000 rpm,115 Nm @ 4000 rpm,FWD,3850,1695,1530,5,42,First
Hyundai,Creta 1.6 SX Plus AT Petrol,1260000,2018,33500,Petrol,Automatic,Mumbai,White,Individual,1591 cc,122 bhp @ 6400 rpm,154 Nm @ 4850 rpm,FWD,4270,1780,1630,5,60,First
Tata,Zest XE 75 PS Diesel,530000,2020,5923,Diesel,Manual,Ranchi,White,Commercial Registration,1248 cc,74 bhp @ 4000 rpm,190 Nm @ 1750 rpm,FWD,3995,1706,1570,5,44,First
Maruti Suzuki,Ertiga VDi,599000,2015,72000,Diesel,Manual,Agra,Silver,Individual,1248 cc,89 bhp @ 4000 rpm,200 Nm @ 1750 rpm,FWD,4265,1695,1685,7,45,First
Mahindra,XUV500 W11 AT,1595000,2018,54154,Diesel,Automatic,Lucknow,Red,Individual,2179 cc,153 bhp @ 3750 rpm,360 Nm @ 1750 rpm,FWD,4585,1890,1785,7,70,Second
Volvo,V40 D3 R-Design,1798999,2017,14000,Diesel,Automatic,Delhi,Blue,Individual,1984 cc,150 bhp @ 3500 rpm,350 Nm @ 1500 rpm,FWD,4370,1783,1458,5,60,First
Maruti Suzuki,Baleno Delta 1.2,636000,2021,35500,Petrol,Manual,Ranchi,White,Individual,1197 cc,83 bhp @ 6000 rpm,115 Nm @ 4000 rpm,FWD,3995,1745,1500,5,37,First
Hyundai,Creta E Plus 1.4 CRDI,950000,2018,63000,Diesel,Manual,Delhi,White,Individual,1396 cc,89 bhp @ 4000 rpm,224 Nm @ 1500 rpm,FWD,4270,1780,1630,5,60,First
Maruti Suzuki,S-Cross Zeta 1.6,800000,2017,52836,Diesel,Manual,Ahmedabad,Blue,Individual,1598 cc,118 bhp @ 3750 rpm,320 Nm @ 1750 rpm,FWD,4300,1765,1590,5,48,First
Maruti Suzuki,Celerio X Vxi AMT [2017-2019],434000,2017,50000,Petrol,Automatic,Dehradun,White,Individual,998 cc,67 bhp @ 6000 rpm,90 Nm @ 3500 rpm,FWD,3715,1635,1565,5,35,First
Hyundai,Elite i20 Sportz 1.4 CRDI [2016-2017],625000,2016,72114,Diesel,Manual,Jalandhar,White,Individual,1396 cc,89 bhp @ 4000 rpm,220 Nm @ 1500 rpm,FWD,3985,1734,1505,5,45,First
Maruti Suzuki,Alto 800 Lxi CNG,245000,2015,72000,CNG,Manual,Faridabad,Silver,Individual,796 cc,47 bhp @ 6000 rpm,69 Nm @ 3500 rpm,FWD,3395,1490,1475,5,35,Second
Mercedes-Benz,GLA 200 Sport,3100000,2019,24000,Petrol,Automatic,Delhi,Red,Individual,1991 cc,181 bhp @ 5500 rpm,300 Nm @ 1200 rpm,FWD,4424,1804,1494,5,50,First
Audi,A6 2.0 TDI Premium,1490000,2012,42000,Diesel,Automatic,Raipur,Brown,Individual,1968 cc,177 bhp @ 3750 rpm,380 Nm @ 1750 rpm,FWD,4915,1874,1455,5,65,First
BMW,5-Series 530d M Sport [2013-2017],6000000,2018,27600,Diesel,Automatic,Hyderabad,Blue,Individual,2993 cc,258 bhp @ 4000 rpm,560 Nm @ 1500 rpm,RWD,4899,2094,1464,5,65,First
Maruti Suzuki,Alto VXi [2014-2019],295000,2015,31000,Petrol,Manual,Patna,White,Individual,998 cc,67 bhp @ 6000 rpm,90 Nm @ 3500 rpm,FWD,3545,1490,1475,5,35,First
Maruti Suzuki,Eeco 7 STR [2019-2020],450000,2018,32000,Petrol,Manual,Udupi,White,Individual,1196 cc,73 bhp @ 6000 rpm,101 Nm @ 3000 rpm,RWD,3675,1475,1800,7,40,Second
Toyota,Innova 2.4 VX 7 STR [2016-2020],1989999,2018,55000,Diesel,Manual,Pune,Gold,Individual,2393 cc,148 bhp @ 3400 rpm,343 Nm @ 1400 rpm,RWD,4735,1830,1795,7,55,First
Lexus,ES 300h,3900000,2017,31059,Petrol,Automatic,Bangalore,Bronze,Individual,2494 cc,202 bhp @ 5700 rpm,213 Nm @ 4500 rpm,RWD,4915,1820,1450,5,65,First
Honda,City V Diesel,635000,2016,72200,Diesel,Manual,Kanpur,Brown,Individual,1498 cc,99 bhp @ 3600 rpm,200 Nm @ 1750 rpm,FWD,4440,1695,1495,5,40,First
Tata,Safari 2.2 EX 4x2,575000,2013,72000,Diesel,Manual,Ahmedabad,White,Individual,2179 cc,138 bhp @ 4000 rpm,320 Nm @ 1700 rpm,RWD,4655,1965,1922,7,55,Second
Maruti Suzuki,S-Cross Alpha 1.6,590000,2016,77000,Diesel,Manual,Delhi,Silver,Individual,1598 cc,118 bhp @ 3750 rpm,320 Nm @ 1750 rpm,FWD,4300,1765,1590,5,48,First
Honda,City VX,1199000,2020,26497,Petrol,Manual,Kolkata,White,Individual,1497 cc,117 bhp @ 6600 rpm,145 Nm @ 4600 rpm,FWD,4440,1695,1495,5,40,Second
Hyundai,i10 Asta 1.2 AT Kappa2 with Sunroof,380000,2013,57000,Petrol,Automatic,Kanpur,White,Individual,1197 cc,79 bhp @ 6000 rpm,112.7619 Nm @ 4000 rpm,FWD,3585,1595,1550,5,35,First
Audi,A4 2.0 TDI Sline,975000,2012,56000,Diesel,Automatic,Delhi,White,Individual,,,,,,,,,,Second
Maruti Suzuki,Alto VXi AMT [2014-2018],365000,2015,20100,Petrol,Automatic,Pune,Red,Individual,998 cc,67 bhp @ 6000 rpm,90 Nm @ 3500 rpm,FWD,3545,1490,1475,5,35,First
Audi,A4 1.8 TFSI Multitronic Premium Plus,1000000,2010,67000,Petrol,Automatic,Dehradun,Silver,Individual,1798 cc,170 bhp @ 3800 rpm,320 Nm @ 1400 rpm,FWD,4701,1826,1427,5,63,Second
Mahindra,Thar LX 4-STR Hard Top Diesel MT,1800000,2021,14500,Diesel,Manual,Hyderabad,Grey,Individual,2184 cc,130 bhp @ 3750 rpm,300 Nm @ 1600 rpm,AWD,3985,1820,1844,4,57,First
Hyundai,i20 Magna 1.2,245000,2011,41000,Petrol,Manual,Delhi,Red,Individual,,,,,,,,,,First
Kia,Seltos HTK Plus AT 1.5 Diesel [2020-2021],1275000,2021,30000,Diesel,Automatic,Mohali,White,Individual,1493 cc,113 bhp @ 4000 rpm,250 Nm @ 1500 rpm,FWD,4315,1800,1645,5,50,First
Mercedes-Benz,C-Coupe 43 AMG 4MATIC,7000000,2020,19000,Petrol,Automatic,Chennai,White,Individual,2996 cc,385 bhp @ 5500 rpm,520 Nm @ 2500 rpm,AWD,4693,1810,1402,4,66,First
Mahindra,XUV500 W10 AT 1.99,955000,2016,110000,Diesel,Automatic,Ahmedabad,Black,Individual,1997 cc,138 bhp @ 3750 rpm,320 Nm @ 1600 rpm,FWD,4585,1890,1785,7,70,First
Mahindra,TUV300 T6 Plus,630000,2015,115339,Diesel,Manual,Ahmedabad,White,Individual,1493 cc,100 bhp @ 3750 rpm,240 Nm @ 1600 rpm,RWD,3995,1835,1839,7,60,Second
Audi,Q5 40 TDI Premium Plus,4475000,2020,18000,Diesel,Automatic,Delhi,White,Individual,1968 cc,188 bhp @ 3800 rpm,400 Nm @ 1750 rpm,AWD,4663,1893,1659,5,70,Second
Mahindra,Thar LX 4-STR Hard Top Diesel AT,1950000,2022,4500,Diesel,Automatic,Ludhiana,Black,Individual,2184 cc,130 bhp @ 3750 rpm,300 Nm @ 1600 rpm,AWD,3985,1820,1844,4,57,First
BMW,5-Series 525d Sedan,1295000,2011,56000,Diesel,Automatic,Mumbai,Grey,Individual,1995 cc,217 bhp @ 4400 rpm,450 Nm @ 1500 rpm,RWD,4899,2094,1464,5,,First
Hyundai,Creta E Plus 1.6 Petrol,890000,2017,49000,Petrol,Manual,Pune,Grey,Individual,1591 cc,122 bhp @ 6400 rpm,154 Nm @ 4850 rpm,FWD,4270,1780,1630,5,60,First
Mercedes-Benz,GLC 220d 4MATIC Progressive,6750000,2022,7000,Diesel,Automatic,Lucknow,Blue,Individual,1950 cc,192 bhp @ 3800 rpm,400 Nm @ 1600 rpm,AWD,4658,1890,1644,5,66,First
BMW,3-Series 320d Sport Line,2275000,2015,78362,Diesel,Automatic,Bangalore,Red,Individual,1995 cc,184 bhp @ 4000 rpm,380 Nm @ 1750 rpm,RWD,4624,2031,1429,5,60,First
Mahindra,Thar LX 4-STR Convertible Diesel AT,1864999,2020,30000,Diesel,Automatic,Bangalore,Blue,Individual,2184 cc,130 bhp @ 3750 rpm,300 Nm @ 1600 rpm,AWD,3985,1820,1855,4,57,First
Hyundai,i20 Active 1.4 SX,540000,2015,59000,Diesel,Manual,Agra,Silver,Individual,1396 cc,89 bhp @ 4000 rpm,220 Nm @ 1500 rpm,FWD,3995,1760,1555,5,45,First
BMW,X1 sDrive20d xLine,3125000,2018,49000,Diesel,Automatic,Bangalore,Blue,Individual,1995 cc,184 bhp @ 4000 rpm,350 Nm @ 1750 rpm,RWD,4454,2044,1545,5,63,First
Mercedes-Benz,M-Class ML 350 CDI,3200000,2014,60513,Diesel,Automatic,Mumbai,Silver,Corporate,2997 cc,254 bhp @ 3600 rpm,619 Nm @ 1600 rpm,AWD,4804,2141,1796,5,70,First
Mercedes-Benz,GLA 200 d Sport,2750000,2019,56500,Diesel,Automatic,Delhi,White,Individual,2143 cc,134 bhp @ 3600 rpm,300 Nm @ 1600 rpm,FWD,4424,1804,1494,5,50,First
Hyundai,Verna Fluidic 1.6 CRDi SX,400000,2013,71000,Diesel,Manual,Agra,Grey,Individual,1582 cc,126 bhp @ 4000 rpm,260 Nm @ 1900 rpm,FWD,4370,1700,1475,5,43,First
Audi,Q7 45 TDI Technology Pack,3750000,2016,88000,Diesel,Automatic,Delhi,White,Individual,2967 cc,245 bhp @ 2910 rpm,600 Nm @ 1500 rpm,AWD,5052,1968,1740,7,75,Second
Hyundai,Creta 1.4 S,800000,2018,68000,Diesel,Manual,Kanpur,Grey,Individual,1396 cc,89 bhp @ 4000 rpm,224 Nm @ 1500 rpm,FWD,4270,1780,1630,5,60,First
Maruti Suzuki,Vitara Brezza ZDi,780000,2017,94827,Diesel,Manual,Jaipur,Others,Individual,1248 cc,89 bhp @ 4000 rpm,200 Nm @ 1750 rpm,FWD,3995,1790,1640,5,48,First
Maruti Suzuki,Estilo LXi BS-IV,220000,2010,62000,Petrol,Manual,Bhopal,Brown,Individual,998 cc,67 bhp @ 6200 rpm,90 Nm @ 3500 rpm,FWD,3600,1475,1595,5,35,First
Maruti Suzuki,Wagon R LXi CNG,225000,2012,57000,CNG,Manual,Delhi,Silver,Individual,998 cc,59@6200,77@3500,,3539,1475,1700,5,35,First
BMW,X1 sDrive20d Expedition,2385000,2017,22120,Diesel,Automatic,Delhi,White,Individual,1995 cc,188 bhp @ 4000 rpm,400 Nm @ 1750 rpm,FWD,4439,1821,1612,5,51,First
BMW,X1 sDrive20d xLine,3400000,2019,11000,Diesel,Automatic,Delhi,Black,Individual,1995 cc,184 bhp @ 4000 rpm,350 Nm @ 1750 rpm,RWD,4454,2044,1545,5,63,First
Audi,A6 35 TFSI Matrix,2850000,2017,58000,Petrol,Automatic,Delhi,Black,Individual,1798 cc,190 bhp @ 4200 rpm,320 Nm @ 1400 rpm,FWD,4933,1874,1455,5,75,First
Maruti Suzuki,Vitara Brezza ZDi,990000,2019,54572,Diesel,Manual,Jaipur,White,Individual,1248 cc,89 bhp @ 4000 rpm,200 Nm @ 1750 rpm,FWD,3995,1790,1640,5,48,First
Honda,City 1.5 V AT,325000,2010,56000,Petrol,Automatic,Delhi,Gold,Individual,1497 cc,118@6600,146@4600,FWD,4420,1695,1480,5,42,First
Honda,City 1.5 V AT,325000,2011,89000,Petrol,Automatic,Mumbai,Silver,Individual,1497 cc,118@6600,146@4600,FWD,4420,1695,1480,5,42,Second
Skoda,Rapid 1.5 TDI CR Ambition Plus AT,549000,2014,42000,Diesel,Automatic,Chandigarh,Bronze,Individual,1498 cc,103 bhp @ 4400 rpm,250 Nm @ 1500 rpm,FWD,4386,1699,1466,5,55,First
Renault,Pulse RxL ABS Diesel [2015-2017],340000,2017,6000,Diesel,Manual,Kolkata,Maroon,Individual,1461 cc,63 bhp @ 4000 rpm,160 Nm @ 2000 rpm,FWD,3805,1665,1525,5,41,First
Honda,Amaze 1.5 E i-DTEC,425000,2013,79500,Diesel,Manual,Pune,Silver,Individual,1498 cc,99 bhp @ 3600 rpm,200 Nm @ 1750 rpm,FWD,3990,1680,1505,5,35,First
BMW,3-Series 320d Luxury Line,1689999,2015,82000,Diesel,Automatic,Delhi,White,Individual,1995 cc,188 bhp @ 4000 rpm,400 Nm @ 1750 rpm,RWD,4633,1811,1429,5,57,Second
Toyota,Innova 2.4 VX 8 STR [2016-2020],2750000,2021,34228,Diesel,Manual,Udupi,White,Individual,2393 cc,148 bhp @ 3400 rpm,343 Nm @ 1400 rpm,RWD,4735,1830,1795,8,55,First
Maruti Suzuki,Swift VDi,515000,2014,141334,Diesel,Manual,Pune,White,Individual,1248 cc,74 bhp @ 4000 rpm,190 Nm @ 2000 rpm,FWD,3850,1695,1530,5,42,Second
Maruti Suzuki,Swift VXi [2014-2017],550000,2018,50000,Petrol,Manual,Meerut,White,Individual,1197 cc,83 bhp @ 6000 rpm,115 Nm @ 4000 rpm,FWD,3850,1695,1530,5,42,First
Nissan,Terrano XL D THP 110 PS,550000,2014,65000,Diesel,Manual,Ahmedabad,Brown,Individual,1461 cc,108 bhp @ 3900 rpm,248 Nm @ 2250 rpm,FWD,4331,1822,1671,5,50,First
Tata,Tiago Revotron XZA,555000,2018,20000,Petrol,Automatic,Mumbai,Red,Individual,1199 cc,84 bhp @ 6000 rpm,114 Nm @ 3500 rpm,FWD,3746,1647,1535,5,35,First
Maruti Suzuki,Celerio ZXi [2017-2019],391000,2017,24000,Petrol,Manual,Patna,Silver,Individual,998 cc,67 bhp @ 6000 rpm,90 Nm @ 3500 rpm,FWD,3600,1600,1560,5,35,First
Maruti Suzuki,Ignis Delta 1.2 AMT,560000,2017,36000,Petrol,Automatic,Delhi,Silver,Individual,1197 cc,82 bhp @ 6000 rpm,113 Nm @ 4200 rpm,FWD,3700,1690,1595,5,32,First
Audi,Q3 2.0 TDI quattro Premium Plus,1420000,2013,117000,Diesel,Automatic,Chennai,Black,Individual,1968 cc,174 bhp @ 4200 rpm,380 Nm @ 1750 rpm,AWD,4385,1831,1608,5,64,First
Volkswagen,Polo Highline Plus 1.0L TSI,950000,2021,24000,Petrol,Manual,Mangalore,White,Individual,999 cc,109 bhp @ 5000 rpm,175 Nm @ 1750 rpm,FWD,3971,1682,1469,5,45,First
Maruti Suzuki,Baleno Sigma 1.2,490000,2017,82000,Petrol,Manual,Ahmedabad,White,Individual,1197 cc,83 bhp @ 6000 rpm,115 Nm @ 4000 rpm,FWD,3995,1745,1500,5,37,First
Hyundai,Creta 1.6 SX,1044999,2016,78000,Diesel,Manual,Bangalore,Black,Individual,1582 cc,126 bhp @ 4000 rpm,265 Nm @ 1900 rpm,FWD,4270,1780,1630,5,60,First
Audi,Q7 45 TDI Technology Pack,5200000,2017,45000,Diesel,Automatic,Pune,Grey,Individual,2967 cc,245 bhp @ 2910 rpm,600 Nm @ 1500 rpm,AWD,5052,1968,1740,7,75,Second
Hyundai,Verna Fluidic 1.6 VTVT SX Opt AT,1125000,2019,50000,Petrol,Automatic,Delhi,White,Individual,1591 cc,121 bhp @ 6300 rpm,158 Nm @ 4200 rpm,FWD,4370,1700,1475,5,43,First
MINI,Cooper D 5 Door,1950000,2014,24000,Diesel,Automatic,Ludhiana,Red,Individual,1496 cc,114 bhp @ 4000 rpm,270 Nm @ 1750 rpm,FWD,3982,1727,1425,5,44,Second
Maruti Suzuki,Swift DZire VXi,260000,2009,77000,Petrol,Manual,Pune,Beige,Individual,1298 cc,87@6000,113@4500,FWD,4160,1690,1530,5,43,Second
Hyundai,i10 Magna 1.2,165000,2009,55000,Petrol,Manual,Lucknow,White,Individual,1197 cc,80@5200,111@4000,FWD,3565,1595,1550,5,35,First
Hyundai,Xcent S 1.2,490000,2018,66000,Petrol,Manual,Ahmedabad,White,Individual,1197 cc,81 bhp @ 6000 rpm,114 Nm @ 4000 rpm,FWD,3995,1660,1520,5,43,First
Maruti Suzuki,Alto VXi,185000,2012,37000,Petrol,Manual,Kolkata,Red,Individual,998 cc,67 bhp @ 6200 rpm,90 Nm @ 3500 rpm,FWD,3620,1475,1460,5,35,First
Honda,City 1.5 V MT,375000,2012,80350,Petrol,Manual,Mumbai,Silver,Individual,1497 cc,116 bhp @ 6600 rpm,146 Nm @ 4800 rpm,FWD,4440,1695,1485,5,42,First
Mercedes-Benz,C-Class 220 BlueEfficiency,975000,2013,102000,Diesel,Automatic,Jalandhar,White,Individual,2143 cc,170 bhp @ 4200 rpm,400 Nm @ 2800 rpm,RWD,4596,1770,1447,5,66,First
Maruti Suzuki,Swift VXi [2014-2017],450000,2016,48200,Petrol,Manual,Dehradun,Silver,Individual,1197 cc,83 bhp @ 6000 rpm,115 Nm @ 4000 rpm,FWD,3850,1695,1530,5,42,Second
Maruti Suzuki,Swift DZire VDI,459999,2015,55000,Diesel,Manual,Dehradun,Silver,Individual,1248 cc,74 bhp @ 4000 rpm,190 Nm @ 2000 rpm,FWD,3995,1695,1555,5,42,Second
Lexus,ES 300h Exquisite [2020-2021],5200000,2020,14000,Hybrid,Automatic,Delhi,Blue,Individual,2487 cc,176 bhp @ 5700 rpm,221 Nm @ 3600 rpm,FWD,4975,1865,1445,5,50,First
Hyundai,Elite i20 Sportz 1.2 MT,700000,2020,25000,Petrol,Manual,Patna,White,Individual,1197 cc,82 bhp @ 6000 rpm,115 Nm @ 4200 rpm,FWD,3995,1775,1505,5,37,First
Volkswagen,Polo Highline Plus 1.0L TSI,1025000,2020,20124,Petrol,Manual,Bangalore,Red,Individual,999 cc,109 bhp @ 5000 rpm,175 Nm @ 1750 rpm,FWD,3971,1682,1469,5,45,First
Hyundai,Grand i10 Asta 1.2 Kappa VTVT [2013-2016],380000,2015,55660,Petrol,Manual,Raipur,Grey,Individual,1197 cc,81 bhp @ 6000 rpm,114 Nm @ 4000 rpm,FWD,3765,1660,1520,5,43,First
Skoda,Octavia Style 1.8 TSI AT,819999,2015,94580,Petrol,Automatic,Kanpur,Black,Individual,1798 cc,177 bhp @ 4500 rpm,250 Nm @ 1250 rpm,FWD,4659,1814,1476,5,50,First
Mercedes-Benz,GLA 200 Sport,1691000,2015,45000,Petrol,Automatic,Mumbai,White,Individual,1991 cc,181 bhp @ 5500 rpm,300 Nm @ 1200 rpm,FWD,4417,1804,1494,5,50,Second
Mercedes-Benz,GLC 220d 4MATIC Progressive [2019-2021],5200000,2019,10000,Diesel,Automatic,Delhi,Blue,Individual,1950 cc,192 bhp @ 3800 rpm,400 Nm @ 1600 rpm,AWD,4658,1890,1644,5,66,First
Maruti Suzuki,Ciaz VDi SHVS,725000,2016,57000,Diesel,Manual,Lucknow,White,Individual,1248 cc,89 bhp @ 4000 rpm,200 Nm @ 1750 rpm,FWD,4490,1730,1485,5,43,First
Hyundai,Grand i10 NIOS Sportz 1.2 Kappa VTVT CNG,725000,2021,45000,CNG,Manual,Ludhiana,Grey,Individual,1197 cc,68 bhp @ 6000 rpm,95 Nm @ 4000 rpm,FWD,3805,1680,1520,5,60,First
Maruti Suzuki,Alto LXi CNG,155000,2011,90342,CNG,Manual,Ambala Cantt,White,Individual,796 cc,39 bhp @ 6200 rpm,54 Nm @ 3000 rpm,FWD,3495,1475,1460,5,35,Second
Honda,Amaze 1.2 VX MT Petrol [2018-2020],700000,2022,1000,Petrol,Manual,Delhi,White,Individual,1199 cc,89 bhp @ 6000 rpm,110 Nm @ 4800 rpm,FWD,3995,1695,1501,5,35,First
Hyundai,Verna Fluidic 1.6 CRDi SX,235000,2011,135000,Diesel,Manual,Ambala Cantt,White,Individual,1582 cc,126 bhp @ 4000 rpm,260 Nm @ 1900 rpm,FWD,4370,1700,1475,5,43,First
Toyota,Fortuner 3.0 4x4 MT,1975000,2014,123000,Diesel,Manual,Bangalore,White,Individual,2982 cc,169 bhp @ 3600 rpm,343 Nm @ 1400 rpm,AWD,4705,1840,1850,7,80,Second
Mahindra,XUV500 W8 AWD,810000,2012,47531,Diesel,Manual,Bangalore,White,Individual,2179 cc,140 bhp @ 3750 rpm,330 Nm @ 2800 rpm,AWD,4585,1890,1785,7,70,First
Kia,Seltos HTX Plus 1.5 Diesel [2020-2021],1350000,2019,79000,Diesel,Manual,Ludhiana,Grey,Individual,1493 cc,113 bhp @ 4000 rpm,250 Nm @ 1500 rpm,FWD,4315,1800,1645,5,50,Second
Mahindra,Scorpio VLX 2WD Airbag BS-IV,450000,2011,95000,Diesel,Manual,Chandigarh,White,Individual,2179 cc,120 bhp @ 4000 rpm,290 Nm @ 1800 rpm,RWD,4430,1817,1975,8,60,First
Hyundai,i10 Magna 1.2 Kappa2,250000,2011,53000,Petrol,Manual,Kanpur,White,Individual,1197 cc,79 bhp @ 6000 rpm,112.7619 Nm @ 4000 rpm,FWD,3585,1595,1550,5,35,First
Hyundai,Elite i20 Asta 1.4 CRDI [2016-2017],819999,2020,30000,Diesel,Manual,Ahmedabad,White,Individual,1396 cc,89 bhp @ 4000 rpm,220 Nm @ 1500 rpm,FWD,3985,1734,1505,5,45,First
Toyota,Fortuner 2.8 4x4 AT [2016-2020],2690000,2017,65000,Diesel,Automatic,Gurgaon,Grey,Individual,2755 cc,174 bhp @ 3400 rpm,450 Nm @ 1600 rpm,AWD,4795,1855,1835,7,80,First
Hyundai,Creta SX 1.6 AT CRDi,1240000,2018,440000,Diesel,Automatic,Delhi,Grey,Individual,1582 cc,126 bhp @ 4000 rpm,260 Nm @ 1500 rpm,FWD,4270,1780,1665,5,55,First
Honda,City VX,790000,2016,63088,Petrol,Manual,Jaipur,White,Individual,1497 cc,117 bhp @ 6600 rpm,145 Nm @ 4600 rpm,FWD,4440,1695,1495,5,40,First
Hyundai,i10 Magna (O),150000,2008,62000,Petrol,Manual,Mumbai,Red,Individual,1086 cc,67@5500,99@2800,FWD,3565,1595,1550,5,35,Second
Chevrolet,Cruze LTZ,400000,2011,80000,Diesel,Manual,Mumbai,Silver,Individual,1991 cc,150@4000,327@2600,,4597,1788,1477,5,60,Third
BMW,X5 xDrive30d xLine,8300000,2020,29000,Diesel,Automatic,Delhi,Blue,Individual,2993 cc,262 bhp @ 4000 rpm,620 Nm @ 1500 rpm,AWD,4922,2004,1745,5,80,First
Volvo,S90 D4 Inscription,6000000,2020,2600,Diesel,Automatic,Mumbai,Blue,Individual,1969 cc,187 bhp @ 4250 rpm,400 Nm @ 1750 rpm,FWD,4963,1879,1443,5,55,First
Hyundai,Xcent S 1.1 CRDi (O),390000,2014,81000,Diesel,Manual,Lucknow,White,Individual,1120 cc,71 bhp @ 4000 rpm,180 Nm @ 1750 rpm,FWD,3995,1660,1520,5,43,First
Hyundai,Verna Fluidic 1.6 VTVT SX,385000,2011,73000,Petrol,Manual,Delhi,Grey,Individual,1591 cc,121 bhp @ 6300 rpm,158 Nm @ 4200 rpm,FWD,4370,1700,1475,5,43,First
Ford,Endeavour Titanium 3.2 4x4 AT,3650000,2019,34000,Diesel,Automatic,Delhi,Black,Individual,3198 cc,197 bhp @ 3000 rpm,470 Nm @ 1750 rpm,AWD,4892,1860,1837,7,80,First
Hyundai,Verna Fluidic 1.6 VTVT SX,547000,2013,36623,Petrol,Manual,Zirakpur,Silver,Individual,1591 cc,121 bhp @ 6300 rpm,158 Nm @ 4200 rpm,FWD,4370,1700,1475,5,43,First
Hyundai,Creta SX 1.6 AT Petrol,1295000,2018,30000,Petrol,Automatic,Delhi,Black,Individual,1591 cc,122 bhp @ 6400 rpm,151 Nm @ 4850 rpm,FWD,4270,1780,1665,5,55,First
Maruti Suzuki,Wagon R VXi 1.0 [2019-2019],570000,2022,5000,Petrol,Manual,Kanpur,White,Individual,,,,,3655,1620,1675,5,32,First
Honda,CR-V 2.4 AT,844999,2014,80121,Petrol,Automatic,Mumbai,White,Individual,,,,,,,,,,Second
Hyundai,i10 Sportz 1.2 Kappa2,250000,2011,64000,Petrol,Manual,Lucknow,Grey,Individual,1197 cc,79 bhp @ 6000 rpm,112.7619 Nm @ 4000 rpm,FWD,3585,1595,1550,5,35,First
Toyota,Corolla Altis VL AT Petrol,1670000,2019,39000,Petrol,Automatic,Ahmedabad,Brown,Individual,1798 cc,138 bhp @ 6400 rpm,173 Nm @ 4000 rpm,FWD,4620,1775,1475,5,55,Second
Maruti Suzuki,Vitara Brezza ZDi,890000,2017,70000,Diesel,Manual,Dak. Kannada,Maroon,Individual,1248 cc,89 bhp @ 4000 rpm,200 Nm @ 1750 rpm,FWD,3995,1790,1640,5,48,Second
Audi,A3 35 TDI Premium Plus + Sunroof,2380000,2019,36000,Diesel,Automatic,Jalandhar,White,Individual,1968 cc,141 bhp @ 3500 rpm,320 Nm @ 1750 rpm,FWD,4456,1796,1416,5,50,Second
Maruti Suzuki,Baleno Alpha Automatic,775000,2018,40000,Petrol,Automatic,Chennai,Red,Individual,1197 cc,82 bhp @ 6000 rpm,113 Nm @ 4200 rpm,FWD,3995,1745,1510,5,37,First
Volkswagen,Polo 1.5 TDI,500000,2014,62000,Diesel,Manual,Hyderabad,Brown,Individual,1498 cc,89 bhp @ 4200 rpm,230 Nm @ 1500 rpm,FWD,3987,1698,1483,5,45,First
Mercedes-Benz,C-Class 250 CDI Avantgarde,675000,2011,97000,Diesel,Automatic,Mumbai,Black,Individual,2143 cc,207@4200,500@1600,RWD,4596,2020,1447,5,66,First
Volkswagen,Polo Highline1.2L (P),525000,2014,43550,Petrol,Manual,Hyderabad,Orange,Individual,1198 cc,74 bhp @ 5400 rpm,110 Nm @ 3750 rpm,FWD,3970,1682,1453,5,45,First
Ford,Ecosport Titanium + 1.5L TDCi [2019-2020],850000,2019,28000,Diesel,Manual,Mumbai,White,Individual,1498 cc,99 bhp @ 3750 rpm,205 Nm @ 1750 rpm,FWD,3998,1765,1647,5,52,First
Renault,Kwid 1.0 RXL [2017-2019],390000,2018,47874,Petrol,Manual,Bangalore,Red,Individual,999 cc,67 bhp @ 5500 rpm,91 Nm @ 4250 rpm,FWD,3679,1579,1478,5,28,First
Hyundai,Verna 1.6 CRDI SX (O),965000,2018,87001,Diesel,Manual,Delhi,White,Individual,1582 cc,126 bhp @ 4000 rpm,260 Nm @ 1900 rpm,FWD,4375,1700,1475,5,43,First
Ssangyong,Rexton RX7,975000,2013,72000,Diesel,Automatic,Bangalore,Silver,Individual,2696 cc,184 bhp @ 4000 rpm,402 Nm @ 3000 rpm,AWD,4755,1900,1785,7,78,First
BMW,X1 sDrive20d xLine,3025000,2019,59000,Diesel,Automatic,Mumbai,Blue,Individual,1995 cc,184 bhp @ 4000 rpm,350 Nm @ 1750 rpm,RWD,4454,2044,1545,5,63,First
Toyota,Innova 2.5 V 7 STR,650000,2012,143477,Diesel,Manual,Dehradun,Gold,Individual,2494 cc,102@5600,200@1400,,4555,1770,1755,7,55,Second
Audi,A3 35 TDI Premium Plus,1390000,2014,85900,Diesel,Automatic,Agra,Brown,Individual,1968 cc,141 bhp @ 3500 rpm,320 Nm @ 1750 rpm,FWD,4456,1796,1416,5,50,First
Maruti Suzuki,DZire ZXi AGS,950000,2022,10000,Petrol,Automatic,Mumbai,Bronze,Individual,1197 cc,89 bhp @ 6000 rpm,113 Nm @ 4400 rpm,FWD,3995,1735,1515,5,37,First
Audi,Q7 45 TDI Technology Pack,5900000,2018,47000,Diesel,Automatic,Delhi,Blue,Individual,2967 cc,245 bhp @ 2910 rpm,600 Nm @ 1500 rpm,AWD,5052,1968,1740,7,75,First
Maruti Suzuki,Swift VXi,409999,2014,55000,Petrol,Manual,Delhi,Grey,Individual,1197 cc,85 bhp @ 6000 rpm,114 Nm @ 4000 rpm,FWD,3850,1695,1530,5,42,First
Volkswagen,Ameo Trendline 1.5L (D),575000,2017,69508,Diesel,Manual,Ranga Reddy,White,Individual,1498 cc,109 bhp @ 4000 rpm,250 Nm @ 1500 rpm,FWD,3995,1682,1483,5,45,Second
Honda,City ZX Diesel,1450000,2022,2500,Diesel,Manual,Ludhiana,White,Individual,1498 cc,98 bhp @ 3600 rpm,200 Nm @ 1750 rpm,FWD,4549,1748,1489,5,40,First
Maruti Suzuki,SX4 VXi,185000,2010,64000,Petrol,Manual,Delhi,Silver,Individual,1586 cc,102@5500,145@4200,,4490,1735,1560,5,50,First
Mercedes-Benz,E-Class E200 CGI Blue Efficiency,1650000,2014,53089,Petrol,Automatic,Navi Mumbai,Silver,Individual,1796 cc,186 bhp @ 5600 rpm,285 Nm @ 4000 rpm,RWD,4868,1854,1470,5,80,Second
Maruti Suzuki,Ciaz Alpha Hybrid 1.5 AT [2018-2020],823000,2018,90000,Petrol,Automatic,Bangalore,Green,Individual,1462 cc,103 bhp @ 6000 rpm,138 Nm @ 4400 rpm,FWD,4490,1730,1485,5,43,First
Tata,Harrier XZ,2095000,2021,23000,Diesel,Manual,Hyderabad,Red,Individual,1956 cc,168 bhp @ 3750 rpm,350 Nm @ 1750 rpm,FWD,4598,1894,1706,5,50,First
Maruti Suzuki,Wagon R LXi,350000,2012,55000,Petrol,Manual,Hyderabad,Blue,Individual,998 cc,68@6200,90@3500,,3539,1475,1700,5,35,First
Hyundai,Grand i10 Magna U2 1.2 CRDi,335000,2016,64000,Diesel,Manual,Bulandshahar,White,Individual,1186 cc,74 bhp @ 4000 rpm,190 Nm @ 1750 rpm,FWD,3765,1660,1520,5,43,Second
Hyundai,Grand i10 Sports Edition 1.2L Kappa VTVT,649000,2020,52236,Petrol,Manual,Mangalore,Silver,Individual,1197 cc,81 bhp @ 6000 rpm,114 Nm @ 4000 rpm,FWD,3765,1660,1520,5,43,First
Honda,City 1.5 V MT,400000,2013,76000,Petrol,Manual,Delhi,White,Individual,1497 cc,116 bhp @ 6600 rpm,146 Nm @ 4800 rpm,FWD,4440,1695,1485,5,42,First
BMW,3-Series 330i M Sport Edition,5500000,2020,19000,Petrol,Automatic,Chennai,Black,Individual,1998 cc,248 bhp @ 5200 rpm,350 Nm @ 1450 rpm,RWD,4633,1811,1429,5,57,First
Toyota,Fortuner 3.0 4x2 MT,1375000,2013,97000,Diesel,Manual,Jalandhar,White,Individual,2982 cc,169 bhp @ 3600 rpm,343 Nm @ 1400 rpm,RWD,4705,1840,1850,7,80,First
Hyundai,Creta SX Plus 1.6 AT CRDI,1190000,2018,76000,Diesel,Automatic,Chandigarh,White,Individual,1582 cc,126 bhp @ 4000 rpm,265 Nm @ 1900 rpm,FWD,4270,1780,1630,5,60,First
Tata,Harrier XT Plus Dark Edition,1930000,2021,15000,Diesel,Manual,Delhi,Black,Individual,1956 cc,168 bhp @ 3750 rpm,350 Nm @ 1750 rpm,FWD,4598,1894,1706,5,50,First
Toyota,Innova 2.5 GX BS IV 7 STR,990000,2015,98000,Diesel,Manual,Mumbai,Gold,Individual,2494 cc,101 bhp @ 3600 rpm,200 Nm @ 1200 rpm,RWD,4585,1765,1760,7,55,First
Hyundai,Elite i20 Asta 1.2 (O) [2016],725000,2017,36597,Petrol,Manual,Hyderabad,Red,Individual,1197 cc,82 bhp @ 6000 rpm,115 Nm @ 4000 rpm,FWD,3985,1734,1505,5,45,Second
Mercedes-Benz,C-Class C220d Progressive,6100000,2022,500,Diesel,Automatic,Delhi,Grey,Individual,1950 cc,192 bhp @ 3800 rpm,400 Nm @ 1600 rpm,RWD,4686,1810,1442,5,66,First
Maruti Suzuki,Ciaz VXi,575000,2015,48000,Petrol,Manual,Mumbai,Red,Individual,1373 cc,91 bhp @ 6000 rpm,130 Nm @ 4000 rpm,FWD,4490,1730,1485,5,43,First
Land Rover,Discovery Sport HSE Luxury,3200000,2016,55000,Diesel,Automatic,Pune,Blue,Individual,1999 cc,177 bhp @ 4000 rpm,430 Nm @ 1750 rpm,AWD,4600,2069,1690,7,65,Second
Toyota,Innova ZX 2.4 AT 7 STR,2850000,2022,16000,Diesel,Automatic,Ludhiana,White,Individual,2393 cc,148 bhp @ 3400 rpm,360 Nm @ 1400 rpm,RWD,4735,1830,1795,7,55,First
Maruti Suzuki,Ertiga ZXI+,725000,2016,53000,Petrol,Manual,Delhi,Grey,Individual,1373 cc,94 bhp @ 6000 rpm,130 Nm @ 4000 rpm,FWD,4296,1695,1685,7,45,First
Nissan,Sunny XV Diesel,380000,2013,35000,Diesel,Manual,Kanpur,Grey,Individual,1461 cc,85 bhp @ 3750 rpm,200 Nm @ 2000 rpm,FWD,4425,1695,1505,5,41,First
Honda,Amaze 1.2 VX AT i-VTEC,434999,2014,50000,Petrol,Automatic,Mumbai,White,Individual,1199 cc,89 bhp @ 6000 rpm,110 Nm @ 4800 rpm,FWD,3990,1680,1505,5,35,First
Volkswagen,Polo Comfortline 1.2L (P),425000,2016,52600,Petrol,Manual,Varanasi,Silver,Individual,1198 cc,74 bhp @ 5400 rpm,110 Nm @ 3750 rpm,FWD,3971,1682,1469,5,45,First
Honda,Amaze 1.2 E MT Petrol [2018-2020],675000,2020,25000,Petrol,Manual,Delhi,White,Individual,1199 cc,89 bhp @ 6000 rpm,110 Nm @ 4800 rpm,FWD,3995,1695,1501,5,35,First
Hyundai,Xcent S 1.2,399000,2014,74000,Petrol,Manual,Ahmedabad,White,Individual,1197 cc,81 bhp @ 6000 rpm,114 Nm @ 4000 rpm,FWD,3995,1660,1520,5,43,First
Volkswagen,Vento Highline Diesel AT,685000,2015,85000,Diesel,Automatic,Pune,Grey,Individual,1498 cc,103 bhp @ 4400 rpm,250 Nm @ 1500 rpm,FWD,4384,1699,1466,5,55,First
Maruti Suzuki,Ritz VXI BS-IV,265000,2011,28000,Petrol,Manual,Mumbai,Silver,Individual,,,,,,,,,,First
Volkswagen,Vento Highline Plus 1.6 (P),940000,2021,35000,Petrol,Manual,Chennai,Maroon,Corporate,1598 cc,103 bhp @ 5250 rpm,153 Nm @ 3800 rpm,FWD,4390,1699,1467,5,55,First
Mercedes-Benz,GLS 450 4MATIC,13100000,2021,17000,Petrol,Automatic,Delhi,White,Individual,2999 cc,362 bhp @ 5500 rpm,500 Nm @ 1600 rpm,AWD,5207,2157,1823,7,90,First
Audi,Q5 2.0 TDI quattro Technology Pack,2690000,2016,57000,Diesel,Automatic,Gurgaon,White,Individual,1968 cc,174 bhp @ 4200 rpm,380 Nm @ 1750 rpm,AWD,4629,1898,1653,5,75,First
Honda,City VX,1255000,2021,10000,Petrol,Manual,Mumbai,White,Corporate,1497 cc,117 bhp @ 6600 rpm,145 Nm @ 4600 rpm,FWD,4440,1695,1495,5,40,First
Audi,Q5 3.0 TDI quattro,825000,2009,63300,Diesel,Automatic,Delhi,White,Individual,2967 cc,240@4000,500@1500,,4628,1879,1651,5,75,First
Hyundai,Grand i10 Magna 1.2 Kappa VTVT [2013-2016],390000,2014,46000,Petrol,Manual,Pune,Orange,Individual,1197 cc,81 bhp @ 6000 rpm,114 Nm @ 4000 rpm,FWD,3765,1660,1520,5,43,First
Hyundai,Verna Fluidic 1.6 CRDi SX Opt,525000,2014,64000,Diesel,Manual,Ahmedabad,White,Individual,1582 cc,126 bhp @ 4000 rpm,260 Nm @ 1900 rpm,FWD,4370,1700,1475,5,43,Second
Audi,Q2 Premium 40 TFSI quattro,3450000,2022,4600,Petrol,Automatic,Gurgaon,Blue,Individual,1984 cc,188 bhp @ 4200 rpm,320 Nm @ 1500 rpm,AWD,4318,1805,1548,5,55,First
Mercedes-Benz,CLA 200 CDI Sport (CBU),2825000,2018,23000,Diesel,Automatic,Mumbai,Red,Individual,2143 cc,134 bhp @ 3600 rpm,300 Nm @ 1600 rpm,FWD,4630,1777,1432,5,,First
Mahindra,XUV500 W10,1090000,2017,144933,Diesel,Manual,Nashik,White,Individual,2179 cc,138 bhp @ 3750 rpm,330 Nm @ 1600 rpm,FWD,4585,1890,1785,7,70,First
Honda,City 1.5 S MT,275000,2009,80000,Petrol,Manual,Mohali,Grey,Individual,1497 cc,118@6600,146@4600,FWD,4420,1695,1480,5,42,First
Toyota,Etios 1.2 G,434999,2015,32545,Petrol,Manual,Kolkata,Silver,Individual,1197 cc,79 bhp @ 5600 rpm,104 Nm @ 3100 rpm,FWD,3895,1735,1555,5,45,First
Hyundai,Tucson GL 2WD AT Diesel,2089999,2019,31000,Diesel,Automatic,Delhi,White,Individual,1995 cc,182 bhp @ 4000 rpm,400 Nm @ 1750 rpm,FWD,4475,1850,1660,5,62,First
Maruti Suzuki,Swift DZire VDI,500000,2015,50000,Diesel,Manual,Dehradun,Silver,Individual,1248 cc,74 bhp @ 4000 rpm,190 Nm @ 2000 rpm,FWD,3995,1695,1555,5,42,Second
Maruti Suzuki,Swift DZire VDI,400000,2015,65000,Diesel,Manual,Delhi,Silver,Individual,1248 cc,74 bhp @ 4000 rpm,190 Nm @ 2000 rpm,FWD,3995,1695,1555,5,42,Second
Hyundai,i10 Era 1.1 iRDE2 [2010-2017],225000,2012,26000,Petrol,Manual,Dehradun,White,Individual,1086 cc,68 bhp @ 5500 rpm,99.08 Nm @ 4500 rpm,FWD,3585,1595,1550,5,35,First
Mahindra,XUV300 1.5 W6 [2019-2020],965000,2021,27000,Diesel,Manual,Delhi,Black,Individual,1497 cc,115 bhp @ 3750 rpm,300 Nm @ 1500 rpm,FWD,3995,1821,1627,5,42,First
Hyundai,Creta E Plus 1.4 CRDI,825000,2017,62000,Diesel,Manual,Dehradun,White,Individual,1396 cc,89 bhp @ 4000 rpm,224 Nm @ 1500 rpm,FWD,4270,1780,1630,5,60,First
Hyundai,Santro GL Plus,254999,2012,17000,Petrol,Manual,Mohali,Silver,Individual,1086 cc,62 bhp @ 5500 rpm,96 Nm @ 3000 rpm,FWD,3565,1525,1590,5,35,First
Mahindra,Bolero SLE BS IV,525000,2015,39234,Diesel,Manual,Patna,White,Individual,2523 cc,63 bhp @ 3200 rpm,195 Nm @ 1400 rpm,RWD,4107,1745,1880,7,60,Second
Ford,Ecosport Trend 1.5 TDCi,285000,2013,72000,Diesel,Manual,Faridabad,Silver,Individual,1498 cc,89 bhp @ 3750 rpm,204 Nm @ 2000 rpm,FWD,3999,1765,1708,5,52,First
Chevrolet,Beat LT Diesel,229999,2011,41215,Diesel,Manual,Hyderabad,Silver,Individual,936 cc,58 bhp @ 4000 rpm,150 Nm @ 1750 rpm,FWD,3640,1595,1520,5,35,First
Volvo,XC40 T4 R-Design,4400000,2020,16519,Petrol,Automatic,Mumbai,White,Corporate,1969 cc,187 bhp @ 5000 rpm,300 Nm @ 1300 rpm,FWD,4425,1863,1652,5,54,First
Maruti Suzuki,Alto VXi,200000,2011,51000,Petrol,Manual,Mumbai,Orange,Individual,998 cc,67 bhp @ 6200 rpm,90 Nm @ 3500 rpm,FWD,3620,1475,1460,5,35,Second
Maruti Suzuki,Vitara Brezza ZDi Plus AGS,1011000,2019,74179,Diesel,Automatic,Mumbai,Silver,Individual,1248 cc,89 bhp @ 4000 rpm,200 Nm @ 1750 rpm,FWD,3995,1790,1640,5,48,First
Mercedes-Benz,GLC 220d 4MATIC Progressive [2019-2021],6500000,2020,13000,Diesel,Automatic,Mumbai,Silver,Individual,1950 cc,192 bhp @ 3800 rpm,400 Nm @ 1600 rpm,AWD,4658,1890,1644,5,66,First
Maruti Suzuki,S-Cross Alpha 1.6,1063000,2019,31056,Diesel,Manual,Hyderabad,Others,Individual,1598 cc,118 bhp @ 3750 rpm,320 Nm @ 1750 rpm,FWD,4300,1765,1590,5,48,First
Maruti Suzuki,Ertiga VXI AT,675000,2016,49148,Petrol,Automatic,Mumbai,Blue,Individual,1373 cc,94 bhp @ 6000 rpm,130 Nm @ 4000 rpm,FWD,4265,1695,1685,7,45,Second
Mercedes-Benz,E-Class E 220 d Avantgarde,7475000,2021,13000,Diesel,Automatic,Delhi,Black,Individual,1950 cc,192 bhp @ 3800 rpm,400 Nm @ 1600 rpm,RWD,5063,1860,1494,5,80,First
Mercedes-Benz,GLC 220d 4MATIC Progressive,7000000,2021,19000,Diesel,Automatic,Mumbai,Black,Individual,1950 cc,192 bhp @ 3800 rpm,400 Nm @ 1600 rpm,AWD,4658,1890,1644,5,66,First
Audi,Q5 2.0 TDI quattro Premium,2175000,2015,152000,Diesel,Automatic,Surat,White,Individual,1968 cc,174 bhp @ 4200 rpm,380 Nm @ 1750 rpm,AWD,4629,1898,1653,5,75,First
Honda,City VX CVT,690000,2015,59000,Petrol,Automatic,Faridabad,Silver,Individual,1497 cc,117 bhp @ 6600 rpm,145 Nm @ 4600 rpm,FWD,4440,1695,1495,5,40,First
Audi,A3 35 TDI Technology + Sunroof,1525000,2016,32000,Diesel,Automatic,Delhi,Red,Individual,1968 cc,141 bhp @ 3500 rpm,320 Nm @ 1750 rpm,FWD,4456,1796,1416,5,50,First
Honda,Accord 2.4 AT,475000,2011,72000,Petrol,Automatic,Delhi,Gold,Individual,2354 cc,178 bhp @ 6500 rpm,222 Nm @ 4300 rpm,FWD,4950,1845,1475,5,70,First
Hyundai,Verna SX Plus 1.6 CRDi AT,1123000,2017,80000,Diesel,Automatic,Bangalore,Silver,Individual,1582 cc,126 bhp @ 4000 rpm,260 Nm @ 1500 rpm,FWD,4440,1729,1475,5,45,First
Maruti Suzuki,Ertiga ZXi AT,990000,2019,21894,Petrol,Automatic,Delhi,White,Individual,1462 cc,103 bhp @ 6000 rpm,138 Nm @ 4400 rpm,FWD,4395,1735,1690,7,45,First
BMW,5-Series 530d M Sport [2013-2017],5250000,2018,21000,Diesel,Automatic,Chennai,Blue,Individual,2993 cc,258 bhp @ 4000 rpm,560 Nm @ 1500 rpm,RWD,4899,2094,1464,5,65,First
Honda,Amaze 1.5 VX i-DTEC,515000,2015,63587,Diesel,Manual,Mumbai,Brown,Individual,1498 cc,99 bhp @ 3600 rpm,200 Nm @ 1750 rpm,FWD,3990,1680,1505,5,35,First
Maruti Suzuki,Ciaz Delta Hybrid 1.5 AT [2018-2020],850000,2019,32000,Petrol,Automatic,Pune,Grey,Individual,1462 cc,103 bhp @ 6000 rpm,138 Nm @ 4400 rpm,FWD,4490,1730,1485,5,43,First
Maruti Suzuki,Vitara Brezza VDi,865000,2018,53694,Diesel,Manual,Pune,Grey,Individual,1248 cc,89 bhp @ 4000 rpm,200 Nm @ 1750 rpm,FWD,3995,1790,1640,5,48,Second
Maruti Suzuki,Swift DZire VDi,365000,2009,140000,Diesel,Manual,Coimbatore,White,Individual,1248 cc,75@4000,190@2000,FWD,4160,1690,1530,5,43,Second
Mercedes-Benz,GL-Class 350 CDI,3390000,2015,91100,Diesel,Automatic,Delhi,Silver,Individual,2987 cc,258 bhp @ 3600 rpm,619 Nm @ 1600 rpm,AWD,5120,1934,1850,7,100,First
Audi,A6 2.0 TDI Premium Plus,1450000,2014,58000,Diesel,Automatic,Delhi,Black,Individual,1968 cc,177 bhp @ 3750 rpm,380 Nm @ 1750 rpm,FWD,4915,1874,1455,5,65,Second
Hyundai,i20 Asta 1.4 CRDI,434999,2012,76148,Diesel,Manual,Hyderabad,Silver,Individual,1396 cc,90@4000,220@1750,,3940,1710,1505,5,45,First
Mahindra,Scorpio S2,650000,2015,104000,Diesel,Manual,Roorkee,White,Individual,2523 cc,75 bhp @ 3200 rpm,200 Nm @ 1400 rpm,RWD,4456,1820,1930,8,60,First
Audi,A4 2.0 TDI (177bhp) Premium Plus,1175000,2013,50000,Diesel,Automatic,Pune,White,Individual,1968 cc,177 bhp @ 4200 rpm,380 Nm @ 1750 rpm,FWD,4701,1826,1427,5,63,First
Hyundai,Eon Magna +,325000,2017,56000,Petrol,Manual,Dehradun,Silver,Individual,814 cc,55 bhp @ 5500 rpm,75 Nm @ 4000 rpm,FWD,3495,1550,1500,5,32,First
Renault,Duster 85 PS RxL Diesel,525000,2014,48000,Diesel,Manual,Patna,Silver,Individual,1461 cc,84 bhp @ 3750 rpm,200 Nm @ 1900 rpm,FWD,4315,1822,1695,5,50,First
Maruti Suzuki,Ertiga ZXi Plus,1225000,2021,23000,Petrol,Manual,Bangalore,White,Individual,1462 cc,103 bhp @ 6000 rpm,138 Nm @ 4400 rpm,FWD,4395,1735,1690,7,45,First
Hyundai,Elite i20 Asta 1.2,550000,2015,33000,Petrol,Manual,Mumbai,Red,Individual,1197 cc,82 bhp @ 6000 rpm,115 Nm @ 4000 rpm,FWD,3985,1734,1505,5,45,First
Hyundai,Creta SX 1.6 CRDi,1275000,2019,58900,Diesel,Manual,Agra,White,Individual,1582 cc,126 bhp @ 4000 rpm,260 Nm @ 1500 rpm,FWD,4270,1780,1665,5,55,First
Jeep,Compass Longitude (O) 2.0 Diesel [2017-2020],1585000,2019,65000,Diesel,Manual,Mohali,White,Individual,,,,,4395,1818,1640,5,60,First
Toyota,Innova 2.5 V 7 STR,960000,2012,222000,Diesel,Manual,Hyderabad,Silver,Individual,2494 cc,102@5600,200@1400,,4555,1770,1755,7,55,First
Land Rover,Discovery Sport HSE Luxury,3900000,2016,20000,Diesel,Automatic,Hyderabad,Grey,Individual,1999 cc,177 bhp @ 4000 rpm,430 Nm @ 1750 rpm,AWD,4600,2069,1690,7,65,First
Renault,Kwid RXT [2015-2019],434999,2019,32000,Petrol,Manual,Mysore,Grey,Individual,799 cc,53 bhp @ 5678 rpm,72 Nm @ 4386 rpm,FWD,3679,1579,1478,5,28,First
Mahindra,Bolero SLE BS III,650000,2017,62000,Diesel,Manual,Lucknow,White,Individual,2523 cc,63 bhp @ 3200 rpm,195 Nm @ 1400 rpm,RWD,4107,1745,1880,7,,First
Maruti Suzuki,Ertiga VXI,775000,2017,71000,Petrol,Manual,Delhi,Silver,Individual,1373 cc,94 bhp @ 6000 rpm,130 Nm @ 4000 rpm,FWD,4296,1695,1685,7,45,First
Hyundai,i10 Sportz 1.2 AT,185000,2008,61000,Petrol,Automatic,Pune,Black,Individual,1197 cc,80@5200,111@4000,FWD,3565,1595,1550,5,35,Third
Maruti Suzuki,Ritz VXI BS-IV,204999,2011,42152,Petrol,Manual,Siliguri,Brown,Corporate,,,,,,,,,,First
Hyundai,Grand i10 Sportz (O) 1.2 Kappa VTVT [2017-2018],560000,2017,29000,Petrol,Manual,Bangalore,Grey,Individual,1197 cc,81 bhp @ 6000 rpm,114 Nm @ 4000 rpm,FWD,3765,1660,1520,5,43,First
Toyota,Innova 2.5 ZX 7 STR BS-IV,1000000,2014,158690,Diesel,Manual,Ahmedabad,Silver,Individual,2494 cc,100 bhp @ 3600 rpm,200 Nm @ 1400 rpm,RWD,4585,1760,1760,7,55,Second
Mercedes-Benz,GLE 350 d,5000000,2016,61000,Diesel,Automatic,Mumbai,Grey,Individual,2987 cc,255 bhp @ 3400 rpm,620 Nm @ 1600 rpm,AWD,4819,2141,1796,5,93,First
Maruti Suzuki,Ciaz ZDi (O) [2014-2015],635000,2016,92000,Diesel,Manual,Mohali,White,Individual,1248 cc,89 bhp @ 4000 rpm,200 Nm @ 1750 rpm,FWD,4490,1730,1485,5,43,Second
Maruti Suzuki,DZire VXi,650000,2020,42000,Petrol,Manual,Lucknow,White,Individual,1197 cc,89 bhp @ 6000 rpm,113 Nm @ 4400 rpm,FWD,3995,1735,1515,5,37,First
Datsun,Go T (O),345000,2019,60969,Petrol,Manual,Ranchi,Silver,Individual,1198 cc,67 bhp @ 5000 rpm,104 Nm @ 4000 rpm,FWD,3785,1635,1485,5,35,First
Mahindra,XUV500 W6 2013,865000,2017,93000,Diesel,Manual,Ahmedabad,White,Individual,2179 cc,140 bhp @ 3750 rpm,330 Nm @ 2800 rpm,FWD,4585,1890,1785,7,70,First
Audi,A4 2.0 TDI (143bhp),1380000,2014,100000,Diesel,Automatic,Bangalore,Black,Individual,1968 cc,141 bhp @ 4200 rpm,320 Nm @ 1750 rpm,FWD,4701,1826,1427,5,63,First
Maruti Suzuki,Ciaz S 1.4 MT,585000,2018,31000,Petrol,Manual,Kolkata,Brown,Individual,1373 cc,91 bhp @ 6000 rpm,130 Nm @ 4000 rpm,FWD,4490,1730,1485,5,43,First
Toyota,Glanza G,690000,2020,55000,Petrol,Manual,Lucknow,Blue,Individual,1197 cc,82 bhp @ 6000 rpm,113 Nm @ 4200 rpm,FWD,3995,1745,1510,5,37,First
Maruti Suzuki,Wagon R LXI CNG (O),380000,2018,68320,CNG,Manual,Faridabad,Silver,Individual,998 cc,58 bhp @ 6200 rpm,77 Nm @ 3500 rpm,FWD,3599,1495,1700,5,35,First
Tata,Hexa XM 4x2 7 STR,850000,2018,65000,Diesel,Manual,Patna,White,Individual,2179 cc,154 bhp @ 4000 rpm,400 Nm @ 1700 rpm,RWD,4788,1903,1791,7,60,First
Toyota,Fortuner 3.0 4x4 MT,1750000,2013,95000,Diesel,Manual,Chennai,White,Individual,2982 cc,169 bhp @ 3600 rpm,343 Nm @ 1400 rpm,AWD,4705,1840,1850,7,80,Second
Maruti Suzuki,Ritz Vdi BS-IV,275000,2013,85785,Diesel,Manual,Ambala Cantt,Silver,Individual,1248 cc,73 bhp @ 4000 rpm,190 Nm @ 2000 rpm,FWD,3775,1680,1620,5,43,Second
Volkswagen,Vento Comfortline 1.6 (P),690000,2018,38000,Petrol,Manual,Dehradun,Gold,Individual,1598 cc,103 bhp @ 5250 rpm,153 Nm @ 3800 rpm,FWD,4390,1699,1467,5,55,First
Hyundai,Elite i20 Asta 1.0 Turbo IMT Dual Tone,1130000,2020,12905,Petrol,Manual,Bangalore,White,Individual,998 cc,118 bhp @ 6000 rpm,172 Nm @ 1500 rpm,FWD,3995,1775,1505,5,37,First
Toyota,Innova 2.8 ZX AT 7 STR [2016-2020],2295000,2019,26000,Diesel,Automatic,Mumbai,Silver,Individual,2755 cc,172 bhp @ 3400 rpm,360 Nm @ 1200 rpm,RWD,4735,1830,1795,7,55,First
Mercedes-Benz,A-Class Sedan 200,4100000,2021,9000,Petrol,Automatic,Chennai,Blue,Individual,1332 cc,161 bhp @ 5500 rpm,250 Nm @ 1620 rpm,FWD,4549,1796,1446,5,43,First
Tata,Nexon XM Diesel,725000,2018,65000,Diesel,Manual,Amritsar,White,Individual,1497 cc,108 bhp @ 3750 rpm,260 Nm @ 1500 rpm,FWD,3994,1811,1607,5,44,Second
Hyundai,Elite i20 Magna Executive 1.2,595000,2019,48000,Petrol,Manual,Delhi,White,Individual,1197 cc,82 bhp @ 6000 rpm,115 Nm @ 4000 rpm,FWD,3985,1734,1505,5,40,First
Hyundai,i10 Magna 1.2 Kappa2,290000,2011,91000,Petrol,Manual,Ahmedabad,White,Individual,1197 cc,79 bhp @ 6000 rpm,112.7619 Nm @ 4000 rpm,FWD,3585,1595,1550,5,35,First
Hyundai,i20 Sportz 1.2 BS-IV,350000,2011,84873,Petrol,Manual,Indore,Red,Individual,,,,,,,,,,Second
Jeep,Wrangler Rubicon,6100000,2022,15000,Petrol,Automatic,Mumbai,Red,Individual,1995 cc,268 bhp @ 5150 rpm,400 Nm @ 3000 rpm,AWD,4882,1894,1848,5,81,First
Mahindra,XUV300 1.5 W6 [2019-2020],1080000,2020,52000,Diesel,Manual,Lucknow,White,Individual,1497 cc,115 bhp @ 3750 rpm,300 Nm @ 1500 rpm,FWD,3995,1821,1627,5,42,First
Toyota,Etios GD,299000,2013,90000,Diesel,Manual,Bulandshahar,Blue,Individual,1364 cc,68 bhp @ 3600 rpm,170 Nm @ 2400 rpm,FWD,4265,1695,1510,5,45,Third
Maruti Suzuki,Swift Lxi (O) [2014-2017],575000,2018,58000,Petrol,Manual,Delhi,Silver,Individual,1197 cc,83 bhp @ 6000 rpm,115 Nm @ 4000 rpm,FWD,3850,1695,1530,5,42,First
Honda,Amaze 1.2 S AT i-VTEC,390000,2014,67000,Petrol,Automatic,Delhi,Red,Individual,1198 cc,87 bhp @ 6000 rpm,109 Nm @ 4500 rpm,FWD,3990,1680,1505,5,35,First
Mahindra,Scorpio S10,875000,2015,67000,Diesel,Manual,Varanasi,White,Individual,2179 cc,120 bhp @ 4000 rpm,280 Nm @ 1800 rpm,RWD,4456,1820,1995,8,60,First
Hyundai,Venue SX 1.4 CRDi,1175000,2021,37556,Diesel,Manual,Nashik,White,Individual,1396 cc,89 bhp @ 4000 rpm,220 Nm @ 1500 rpm,FWD,3995,1770,1605,5,45,First
Maruti Suzuki,Alto VXi,260000,2012,54000,Petrol,Manual,Bangalore,Bronze,Individual,998 cc,67 bhp @ 6200 rpm,90 Nm @ 3500 rpm,FWD,3620,1475,1460,5,35,First
Honda,Amaze 1.2 E i-VTEC,650000,2019,42000,Petrol,Manual,Delhi,White,Individual,1198 cc,87 bhp @ 6000 rpm,109 Nm @ 4500 rpm,FWD,3990,1680,1505,5,35,First
Volkswagen,Ameo Highline1.2L (P) [2016-2018],625000,2017,55000,Petrol,Manual,Pune,Bronze,Individual,1198 cc,74 bhp @ 5400 rpm,110 Nm @ 3750 rpm,FWD,3995,1682,1483,5,45,First
MG,Hector Sharp 2.0 Diesel [2019-2020],1725000,2019,23952,Diesel,Manual,Bangalore,Red,Individual,1956 cc,169 bhp @ 3750 rpm,350 Nm @ 1750 rpm,FWD,4655,1835,1760,5,60,First
Maruti Suzuki,Wagon R LXI CNG (O),299000,2015,92000,CNG,Manual,Mumbai,Brown,Individual,998 cc,58 bhp @ 6200 rpm,77 Nm @ 3500 rpm,FWD,3599,1495,1700,5,35,Second
Hyundai,i10 Sportz 1.2 AT Kappa2,375000,2013,34000,Petrol,Automatic,Mumbai,Red,Individual,1197 cc,79 bhp @ 6000 rpm,112.7619 Nm @ 4000 rpm,FWD,3585,1595,1550,5,35,First
Maruti Suzuki,Celerio ZXi AMT,639000,2020,44300,Petrol,Automatic,Dharwad,Silver,Individual,998 cc,67 bhp @ 6000 rpm,90 Nm @ 3500 rpm,FWD,3695,1600,1560,5,35,First
Maruti Suzuki,Ciaz VDi+ SHVS,591000,2015,65000,Diesel,Manual,Ahmedabad,White,Individual,1248 cc,89 bhp @ 4000 rpm,200 Nm @ 1750 rpm,FWD,4490,1730,1485,5,43,First
Mercedes-Benz,GLE 250 d,4200000,2018,102000,Diesel,Automatic,Patna,Black,Individual,2143 cc,201 bhp @ 3800 rpm,500 Nm @ 1600 rpm,AWD,4819,2141,1796,5,93,First
Honda,City 1.5 S AT,250000,2009,110000,Petrol,Automatic,Delhi,Grey,Individual,1497 cc,118@6600,146@4600,FWD,4420,1695,1480,5,42,First
Kia,Seltos HTX 1.5 [2020-2021],1399000,2021,11000,Petrol,Manual,Pune,Silver,Individual,1497 cc,113 bhp @ 6300 rpm,144 Nm @ 4500 rpm,FWD,4315,1800,1645,5,50,First
Hyundai,Aura S 1.2 CNG,740000,2020,39000,CNG,Manual,Mumbai,Silver,Individual,1197 cc,68 bhp @ 6000 rpm,95 Nm @ 4000 rpm,FWD,3995,1680,1520,5,65,First
Hyundai,i10 Magna,175000,2009,65000,Petrol,Manual,Jamshedpur,Blue,Individual,1086 cc,67@5500,99@2800,FWD,3565,1595,1550,5,35,Second
BMW,3-Series 320d Luxury Line [2014-2016],3750000,2019,42500,Diesel,Automatic,Delhi,White,Individual,1995 cc,184 bhp @ 4000 rpm,380 Nm @ 1750 rpm,RWD,4624,2031,1429,5,,First
BMW,5-Series 530d M Sport [2013-2017],1600000,2013,80000,Diesel,Automatic,Delhi,Blue,Individual,2993 cc,258 bhp @ 4000 rpm,560 Nm @ 1500 rpm,RWD,4899,2094,1464,5,65,Second
Maruti Suzuki,Wagon R LXi,285000,2013,25200,Petrol,Manual,Ahmedabad,White,Individual,998 cc,68@6200,90@3500,,3539,1475,1700,5,35,First
Honda,City S Diesel,250000,2017,132683,Diesel,Manual,Kolkata,Bronze,Individual,1498 cc,99 bhp @ 3600 rpm,200 Nm @ 1750 rpm,FWD,4440,1695,1495,5,40,First
Renault,Duster 85 PS Sandstorm Edition Diesel,625000,2017,81000,Diesel,Manual,Mohali,White,Individual,1461 cc,84 bhp @ 3750 rpm,200 Nm @ 1900 rpm,FWD,4315,1822,1695,5,50,First
Maruti Suzuki,Ritz VXI BS-IV,190000,2011,58888,Petrol,Manual,Delhi,Maroon,Individual,,,,,,,,,,Second
BMW,5-Series 520d Luxury Line [2017-2019],4800000,2019,30000,Diesel,Automatic,Delhi,Black,Individual,1995 cc,188 bhp @ 4000 rpm,400 Nm @ 1750 rpm,RWD,4936,1868,1479,5,65,First
Maruti Suzuki,Swift ZXi,575000,2015,50599,Petrol,Manual,Chennai,White,Individual,1197 cc,85 bhp @ 6000 rpm,114 Nm @ 4000 rpm,FWD,3850,1695,1530,5,42,Second
BMW,X1 sDrive20d xLine,2800000,2017,29000,Diesel,Automatic,Bangalore,Brown,Individual,1995 cc,184 bhp @ 4000 rpm,350 Nm @ 1750 rpm,RWD,4454,2044,1545,5,63,Second
Honda,Jazz VX CVT Petrol,785000,2018,23000,Petrol,Automatic,Chennai,Red,Individual,1199 cc,89 bhp @ 6000 rpm,110 Nm @ 4800 rpm,FWD,3955,1694,1544,5,40,First
Land Rover,Discovery Sport HSE Luxury 7-Seater,4575000,2019,50000,Diesel,Automatic,Karnal,Blue,Individual,2179 cc,188 bhp @ 3500 rpm,420 Nm @ 1750 rpm,AWD,4600,2069,1724,7,65,First
Audi,Q3 35 TDI Premium + Sunroof,1950000,2016,84878,Diesel,Automatic,Nashik,White,Individual,1968 cc,174 bhp @ 4200 rpm,380 Nm @ 1750 rpm,AWD,4385,1831,1608,5,64,Second
BMW,5-Series 520d Luxury Line [2017-2019],4800000,2019,31000,Diesel,Automatic,Delhi,Black,Individual,1995 cc,188 bhp @ 4000 rpm,400 Nm @ 1750 rpm,RWD,4936,1868,1479,5,65,First
Toyota,Innova 2.4 VX 8 STR [2016-2020],1998999,2019,71063,Diesel,Manual,Navi Mumbai,Silver,Individual,2393 cc,148 bhp @ 3400 rpm,343 Nm @ 1400 rpm,RWD,4735,1830,1795,8,55,First
Ford,Ecosport Ambiente 1.5L Ti-VCT,475000,2016,69001,Petrol,Manual,Delhi,White,Individual,1499 cc,110 bhp @ 6300 rpm,140 Nm @ 4400 rpm,FWD,3999,1765,1708,5,52,First
Hyundai,Verna Fluidic 1.6 CRDi SX,415000,2014,62000,Diesel,Manual,Delhi,Silver,Individual,1582 cc,126 bhp @ 4000 rpm,260 Nm @ 1900 rpm,FWD,4370,1700,1475,5,43,Second
Hyundai,i20 Magna (O) 1.4 CRDI,375000,2012,82000,Diesel,Manual,Chandigarh,White,Individual,1336 cc,89 bhp @ 4000 rpm,219.744 Nm @ 1500 rpm,FWD,3995,1710,1505,5,45,First
Toyota,Etios V,300000,2011,49200,Petrol,Manual,Mumbai,Silver,Individual,1496 cc,80 bhp @ 5600 rpm,132 Nm @ 3000 rpm,FWD,4265,1695,1510,5,45,First
Mahindra,Thar LX 4-STR Hard Top Petrol MT,1500000,2021,8000,Petrol,Manual,Agra,Red,Individual,1997 cc,150 bhp @ 5000 rpm,300 Nm @ 1250 rpm,AWD,3985,1820,1844,4,57,Second
Maruti Suzuki,Vitara Brezza VDi (O) [2016-2018],975000,2019,58000,Diesel,Manual,Mumbai,White,Individual,1248 cc,89 bhp @ 4000 rpm,200 Nm @ 1750 rpm,FWD,3995,1790,1640,5,48,First
Maruti Suzuki,Alto VXi [2014-2019],370000,2015,64000,Petrol,Manual,Mohali,Grey,Individual,998 cc,67 bhp @ 6000 rpm,90 Nm @ 3500 rpm,FWD,3545,1490,1475,5,35,First
Hyundai,i10 Era 1.1 iRDE2 [2010-2017],250000,2012,48568,Petrol,Manual,Mumbai,White,Individual,1086 cc,68 bhp @ 5500 rpm,99.08 Nm @ 4500 rpm,FWD,3585,1595,1550,5,35,First
Jaguar,XJ 3.0 V6 Portfolio,3150000,2014,66500,Diesel,Automatic,Delhi,White,Individual,2993 cc,271 bhp @ 4000 rpm,600 Nm @ 2000 rpm,RWD,5252,1899,1457,5,83,First
Mahindra,XUV500 W9 [2018-2020],1115000,2018,58590,Diesel,Manual,Kolkata,Grey,Individual,2179 cc,153 bhp @ 3750 rpm,360 Nm @ 1750 rpm,FWD,4585,1890,1785,7,70,First
Hyundai,i10 Era,130000,2009,59000,Petrol,Manual,Kanpur,Silver,Individual,1086 cc,67@5500,99@2800,FWD,3565,1595,1550,5,35,Second
Maruti Suzuki,Swift VXi,299000,2013,47000,Petrol,Manual,Kolkata,Silver,Individual,1197 cc,85 bhp @ 6000 rpm,114 Nm @ 4000 rpm,FWD,3850,1695,1530,5,42,First
Hyundai,i20 Magna 1.2,300000,2014,40000,Petrol,Manual,Kolkata,Silver,Individual,1197 cc,83 bhp @ 6000 rpm,113.796 Nm @ 4000 rpm,FWD,3995,1710,1505,5,45,First
Skoda,Superb Sportline AT,3325000,2021,13092,Petrol,Automatic,Mumbai,White,Individual,1984 cc,188 bhp @ 4200 rpm,320 Nm @ 1450 rpm,FWD,4869,1864,1469,5,66,First
Audi,A4 35 TDI Premium,1950000,2016,57057,Diesel,Automatic,Ludhiana,White,Individual,1968 cc,177 bhp @ 4200 rpm,380 Nm @ 1750 rpm,FWD,4701,1826,1427,5,63,First
Maruti Suzuki,Swift DZire VDI,500000,2015,90000,Diesel,Manual,Ludhiana,White,Individual,1248 cc,74 bhp @ 4000 rpm,190 Nm @ 2000 rpm,FWD,3995,1695,1555,5,42,First
Hyundai,i20 Active 1.2 SX,595000,2015,45000,Petrol,Manual,Thane,White,Individual,1197 cc,82 bhp @ 6000 rpm,115 Nm @ 4000 rpm,FWD,3995,1760,1555,5,45,First
Maruti Suzuki,Celerio X Zxi AMT [2017-2019],484999,2018,44000,Petrol,Automatic,Delhi,Grey,Individual,998 cc,67 bhp @ 6000 rpm,90 Nm @ 3500 rpm,FWD,3715,1635,1565,5,35,First
Mahindra,Thar LX 4-STR Convertible Diesel MT,1700000,2021,17000,Diesel,Manual,Karnal,Silver,Individual,2184 cc,130 bhp @ 3750 rpm,300 Nm @ 1600 rpm,AWD,3985,1820,1855,4,57,First
Maruti Suzuki,Wagon R VXi 1.2,579000,2019,50860,Petrol,Manual,Bangalore,Grey,Individual,1197 cc,82 bhp @ 6000 rpm,113 Nm @ 4200 rpm,FWD,3655,1620,1675,5,32,First
Ford,Endeavour Titanium 2.0 4x2 AT,3800000,2020,20000,Diesel,Automatic,Karnal,Black,Individual,1996 cc,168 bhp @ 3500 rpm,420 Nm @ 2000 rpm,RWD,4903,1869,1837,7,80,First
Toyota,Fortuner 2.8 4x2 AT [2016-2020],3290000,2018,51000,Diesel,Automatic,Mumbai,White,Individual,2755 cc,174 bhp @ 3400 rpm,450 Nm @ 1600 rpm,RWD,4795,1855,1835,7,80,First
Mercedes-Benz,C-Class C 220d Progressive [2018-2019],4250000,2018,24000,Diesel,Automatic,Hyderabad,White,Individual,1950 cc,192 bhp @ 3800 rpm,400 Nm @ 1600 rpm,RWD,4686,1810,1442,5,66,First
Maruti Suzuki,Baleno Delta 1.2,535000,2017,34908,Petrol,Manual,Mumbai,Grey,Corporate,1197 cc,83 bhp @ 6000 rpm,115 Nm @ 4000 rpm,FWD,3995,1745,1500,5,37,First
Renault,Duster 110 PS RXL 4X2 AMT [2016-2017],775000,2017,67000,Diesel,Automatic,Mumbai,White,Individual,1461 cc,108 bhp @ 3900 rpm,248 Nm @ 2250 rpm,FWD,4315,1822,1695,5,50,First
Maruti Suzuki,Celerio VXi AMT,345000,2014,19000,Petrol,Automatic,Mumbai,Silver,Individual,998 cc,67 bhp @ 6000 rpm,90 Nm @ 3500 rpm,FWD,3600,1600,1560,5,35,Second
Skoda,Octavia RS,3400000,2019,30600,Petrol,Automatic,Hyderabad,Red,Corporate,1984 cc,227 bhp @ 5500 rpm,350 Nm @ 1250 rpm,FWD,4689,1814,1496,5,50,First
BMW,5-Series 520d Luxury Line [2017-2019],4500000,2018,49500,Diesel,Automatic,Hyderabad,Black,Individual,1995 cc,188 bhp @ 4000 rpm,400 Nm @ 1750 rpm,RWD,4936,1868,1479,5,65,First
Honda,Jazz V Petrol,525000,2016,18800,Petrol,Manual,Mumbai,Grey,Individual,1199 cc,89 bhp @ 6000 rpm,110 Nm @ 4800 rpm,FWD,3955,1694,1544,5,40,First
Hyundai,Elite i20 Asta 1.2 [2016-2017],650000,2016,100000,Petrol,Manual,Hyderabad,Grey,Individual,1197 cc,82 bhp @ 6000 rpm,115 Nm @ 4000 rpm,FWD,3985,1734,1505,5,45,First
Hyundai,Creta 1.6 SX Plus AT Petrol,1074000,2017,50050,Petrol,Automatic,Delhi,White,Individual,1591 cc,122 bhp @ 6400 rpm,154 Nm @ 4850 rpm,FWD,4270,1780,1630,5,60,First
Hyundai,Creta 1.6 SX,1750000,2021,14000,Diesel,Manual,Chennai,Black,Individual,1582 cc,126 bhp @ 4000 rpm,265 Nm @ 1900 rpm,FWD,4270,1780,1630,5,60,First
Nissan,Terrano XL D Plus,590000,2014,55000,Diesel,Manual,Lucknow,Grey,Individual,1461 cc,84 bhp @ 3750 rpm,200 Nm @ 1900 rpm,FWD,4331,1822,1671,5,50,Second
Ford,Mustang GT Fastback 5.0L v8,7990000,2018,23000,Petrol,Automatic,Chennai,Yellow,Individual,4951 cc,396 bhp @ 6500 rpm,515 Nm @ 4250 rpm,RWD,4784,2080,1391,4,60.9,First
Hyundai,Creta SX (O) 1.5 Diesel [2020-2022],1725000,2020,35000,Diesel,Manual,Dehradun,White,Individual,1493 cc,113 bhp @ 4000 rpm,250 Nm @ 1500 rpm,FWD,4300,1790,1635,5,50,First
Maruti Suzuki,Celerio ZXi AMT [2019-2020],630000,2019,20734,Petrol,Automatic,Udupi,Silver,Individual,998 cc,67 bhp @ 6000 rpm,90 Nm @ 3500 rpm,FWD,3695,1600,1560,5,35,First
Mercedes-Benz,CLS 300d [2018-2019],6975000,2020,15200,Diesel,Automatic,Delhi,White,Individual,1950 cc,241 bhp @ 4200 rpm,500 Nm @ 1600 rpm,RWD,4988,1890,1435,5,66,First
Toyota,Fortuner 3.0 4x2 MT,1375000,2013,83000,Diesel,Manual,Jalandhar,White,Individual,2982 cc,169 bhp @ 3600 rpm,343 Nm @ 1400 rpm,RWD,4705,1840,1850,7,80,First
Honda,Amaze 1.5 S i-DTEC,425000,2014,75000,Diesel,Manual,Amritsar,Brown,Individual,1498 cc,99 bhp @ 3600 rpm,200 Nm @ 1750 rpm,FWD,3990,1680,1505,5,35,First
Toyota,Innova 2.8 GX AT 8 STR [2016-2020],2196000,2019,42794,Diesel,Automatic,Bangalore,White,Individual,2755 cc,172 bhp @ 3400 rpm,360 Nm @ 1200 rpm,RWD,4735,1830,1795,8,55,First
Mercedes-Benz,V-Class Elite LWB,6300000,2020,40000,Diesel,Automatic,Delhi,Silver,Corporate,1950 cc,161 bhp @ 4200 rpm,380 Nm @ 1200 rpm,RWD,5140,1928,1901,6,57,First
Maruti Suzuki,Alto LXi BS-III,200000,2008,41000,Petrol,Manual,Mysore,Blue,Individual,796 cc,47@6200,62@3000,,3495,1475,1460,5,35,First
Honda,City 1.5 S MT,250000,2009,72256,Petrol,Manual,Navi Mumbai,Black,Individual,1497 cc,118@6600,146@4600,FWD,4420,1695,1480,5,42,First
Audi,A3 35 TDI Premium Plus + Sunroof,2950000,2018,17300,Diesel,Automatic,Bangalore,Red,Individual,1968 cc,141 bhp @ 3500 rpm,320 Nm @ 1750 rpm,FWD,4456,1796,1416,5,50,First
Mahindra,Scorpio S6 Plus Intelli-Hybrid,985000,2017,68000,Diesel,Manual,Delhi,White,Individual,2179 cc,120 bhp @ 4000 rpm,280 Nm @ 1800 rpm,RWD,4456,1820,1995,8,60,First
Hyundai,Venue S 1.0 AT Petrol [2019-2020],750000,2019,43600,Petrol,Automatic,Allahabad,White,Individual,998 cc,118 bhp @ 6000 rpm,172 Nm @ 1500 rpm,FWD,3995,1770,1605,5,45,First
Maruti Suzuki,Wagon R VXi (O),450000,2018,43000,Petrol,Manual,Allahabad,White,Individual,998 cc,67.7 bhp @ 6200 rpm,90 Nm @ 3500 rpm,FWD,3636,1475,1670,5,35,First
Maruti Suzuki,Vitara Brezza VXi,849000,2021,17283,Petrol,Manual,Mumbai,White,Individual,1462 cc,103 bhp @ 6000 rpm,138 Nm @ 4400 rpm,FWD,3995,1790,1640,5,48,First
Maruti Suzuki,Swift DZire VXI,430000,2014,59000,Petrol,Manual,Guwahati,Blue,Individual,1197 cc,85 bhp @ 6000 rpm,114 Nm @ 4000 rpm,FWD,3995,1695,1555,5,42,First
Maruti Suzuki,Ertiga VDI SHVS,740000,2017,88000,Diesel,Manual,Mohali,White,Individual,1248 cc,89 bhp @ 4000 rpm,200 Nm @ 1750 rpm,FWD,4296,1695,1685,7,45,First
Mercedes-Benz,CLA 200 Petrol Sport,1975000,2015,19000,Petrol,Automatic,Pune,White,Individual,1991 cc,181 bhp @ 5500 rpm,300 Nm @ 1200 rpm,FWD,4630,1777,1432,5,,First
BMW,X7 xDrive40i M Sport,12500000,2021,9500,Petrol,Automatic,Chandigarh,White,Individual,2998 cc,335 bhp @ 5500 rpm,450 Nm @ 1500 rpm,AWD,5151,2000,1805,6,83,First
Hyundai,Creta SX 1.6 AT Petrol,1260000,2018,36000,Petrol,Automatic,Mumbai,Grey,Individual,1591 cc,122 bhp @ 6400 rpm,151 Nm @ 4850 rpm,FWD,4270,1780,1665,5,55,First
Renault,Kwid RXT [2015-2019],250000,2017,32000,Petrol,Manual,Kolkata,White,Individual,799 cc,53 bhp @ 5678 rpm,72 Nm @ 4386 rpm,FWD,3679,1579,1478,5,28,First
Hyundai,Verna SX (O) AT Anniversary Edition 1.6 VTVT,975000,2018,53300,Petrol,Automatic,Thane,Grey,Individual,1591 cc,121 bhp @ 6400 rpm,151 Nm @ 4850 rpm,FWD,4440,1729,1475,5,45,First
BMW,X1 sDrive20d,3250000,2020,32005,Diesel,Automatic,Bangalore,Blue,Individual,1995 cc,184 bhp @ 4000 rpm,380 Nm @ 1750 rpm,RWD,4454,1798,1545,5,61,Second
Ford,Endeavour Titanium 3.2 4x4 AT,3450000,2018,35000,Diesel,Automatic,Ludhiana,White,Individual,3198 cc,197 bhp @ 3000 rpm,470 Nm @ 1750 rpm,AWD,4892,1860,1837,7,80,First
BMW,X3 xDrive30i M Sport,6680000,2022,18223,Petrol,Automatic,Ahmedabad,Blue,Individual,1998 cc,248 bhp @ 5200 rpm,350 Nm @ 1450 rpm,AWD,4708,1891,1676,5,60,First
Mahindra,TUV300 T8,600000,2016,92000,Diesel,Manual,Kanpur,White,Individual,1493 cc,84 bhp @ 3750 rpm,230 Nm @ 1500 rpm,RWD,3995,1835,1839,7,60,Second
Hyundai,Elantra 2.0 SX (O) AT,1465000,2019,22000,Petrol,Automatic,Mumbai,Silver,Individual,1999 cc,150 bhp @ 6200 rpm,192 Nm @ 4000 rpm,FWD,4570,1800,1465,5,50,Second
Hyundai,Verna Fluidic 1.6 VTVT SX,475000,2014,62000,Petrol,Manual,Delhi,Silver,Individual,1591 cc,121 bhp @ 6300 rpm,158 Nm @ 4200 rpm,FWD,4370,1700,1475,5,43,First
Renault,Kiger RXZ AMT,1000000,2022,4000,Petrol,Automatic,Hyderabad,White,Individual,999 cc,71 bhp @ 6250 rpm,96 Nm @ 3500 rpm,FWD,3991,1750,1605,5,40,Second
Toyota,Innova 2.8 ZX AT 7 STR [2016-2020],1850000,2016,72000,Diesel,Automatic,Ludhiana,White,Individual,2755 cc,172 bhp @ 3400 rpm,360 Nm @ 1200 rpm,RWD,4735,1830,1795,7,55,First
Maruti Suzuki,Ciaz ZXI+,570000,2015,60798,Petrol,Manual,Mumbai,White,Individual,1373 cc,91 bhp @ 6000 rpm,130 Nm @ 4000 rpm,FWD,4490,1730,1485,5,43,First
Hyundai,Verna 1.6 VTVT SX AT,770000,2016,20000,Petrol,Automatic,Pune,White,Individual,1591 cc,121 bhp @ 6300 rpm,158 Nm @ 4200 rpm,FWD,4375,1700,1475,5,43,First
Honda,City V CVT Petrol [2017-2019],1040000,2019,18000,Petrol,Automatic,Delhi,Brown,Individual,1497 cc,117 bhp @ 6600 rpm,145 Nm @ 4600 rpm,FWD,4440,1695,1495,5,40,First
Mahindra,Scorpio SLE BS-IV,675000,2014,78000,Diesel,Manual,Ludhiana,White,Individual,2179 cc,120 bhp @ 4000 rpm,290 Nm @ 1800 rpm,RWD,4430,1817,1975,8,60,Second
Maruti Suzuki,Swift DZire VXI,450000,2014,52000,Petrol,Manual,Delhi,Silver,Individual,1197 cc,85 bhp @ 6000 rpm,114 Nm @ 4000 rpm,FWD,3995,1695,1555,5,42,First
Maruti Suzuki,Swift ZXi,800000,2022,10000,Petrol,Manual,Jalandhar,White,Individual,1197 cc,89 bhp @ 6000 rpm,113 Nm @ 4400 rpm,FWD,3845,1735,1530,5,37,First
Tata,Safari 2.2 VX 4x2 Varicor400,2200000,2021,32000,Diesel,Manual,Patna,Green,Individual,2179 cc,154 bhp @ 4000 rpm,400 Nm @ 1750 rpm,RWD,4655,1965,1922,7,63,First
Mahindra,XUV500 W10,1075000,2015,138000,Diesel,Manual,Bangalore,Silver,Individual,2179 cc,138 bhp @ 3750 rpm,330 Nm @ 1600 rpm,FWD,4585,1890,1785,7,70,First
Maruti Suzuki,DZire LDi,560000,2018,84500,Diesel,Manual,Ambala Cantt,White,Individual,1248 cc,74 bhp @ 4000 rpm,190 Nm @ 2000 rpm,FWD,3995,1735,1515,5,37,Third
Hyundai,Grand i10 Sportz 1.2 Kappa VTVT [2013-2016],450000,2016,47000,Petrol,Manual,Dehradun,Grey,Individual,1197 cc,81 bhp @ 6000 rpm,114 Nm @ 4000 rpm,FWD,3765,1660,1520,5,43,Second
Volvo,S90 Momentum D4 [2018-2020],4175000,2018,20000,Diesel,Automatic,Delhi,White,Individual,1969 cc,190 bhp @ 4250 rpm,400 Nm @ 1750 rpm,FWD,4963,1879,1443,5,55,First
Hyundai,Verna EX 1.6 CRDi [2017-2018],810000,2018,73000,Diesel,Manual,Pune,Red,Individual,1582 cc,126 bhp @ 4000 rpm,260 Nm @ 1500 rpm,FWD,4440,1729,1475,5,45,First
Mercedes-Benz,S-Class S 500,1875000,2011,72000,Petrol,Automatic,Mumbai,Silver,Individual,4663 cc,453 bhp @ 5250 rpm,700 Nm @ 1800 rpm,RWD,5246,1899,1494,4,80,First
Honda,Jazz S AT [2015-2016],520000,2015,42000,Petrol,Automatic,Delhi,White,Individual,1198 cc,87 bhp @ 6000 rpm,110 Nm @ 4800 rpm,FWD,3955,1694,1544,5,40,First
Mercedes-Benz,GLE 300d 4MATIC LWB,8900000,2021,9000,Diesel,Automatic,Delhi,Black,Individual,1950 cc,241 bhp @ 4200 rpm,500 Nm @ 1600 rpm,AWD,4924,2157,1772,5,93,First
Porsche,Panamera 3.0 Diesel,5590000,2015,33000,Diesel,Automatic,Delhi,White,Individual,,,,,,,,,,First
Maruti Suzuki,Swift VDi,425000,2015,36528,Diesel,Manual,Varanasi,Blue,Individual,1248 cc,74 bhp @ 4000 rpm,190 Nm @ 2000 rpm,FWD,3850,1695,1530,5,42,Third
Maruti Suzuki,Swift VXi,325000,2012,30000,Petrol,Manual,Patna,Blue,Individual,1197 cc,85 bhp @ 6000 rpm,114 Nm @ 4000 rpm,FWD,3850,1695,1530,5,42,First
MG,Hector Sharp 1.5 DCT Petrol [2019-2020],1889999,2021,17000,Petrol,Automatic,Delhi,White,Individual,1451 cc,141 bhp @ 5000 rpm,250 Nm @ 1600 rpm,,4655,1835,1760,5,60,First
Volvo,XC60 Inscription,1950000,2016,79000,Diesel,Automatic,Ahmedabad,White,Individual,2400 cc,215 bhp @ 4000 rpm,440 Nm @ 1500 rpm,AWD,4644,1891,1713,5,70,First
BMW,X3 xDrive-20d xLine,5300000,2019,15087,Diesel,Automatic,Mumbai,Blue,Corporate,1995 cc,190 bhp @ 4000 rpm,400 Nm @ 1750 rpm,AWD,4657,1881,1678,5,67,First
Mahindra,Scorpio S2,950000,2018,41000,Diesel,Manual,Patna,Blue,Individual,2523 cc,75 bhp @ 3200 rpm,200 Nm @ 1400 rpm,RWD,4456,1820,1930,8,60,First
Volvo,XC90 D5 Inscription,8500000,2021,32500,Diesel,Automatic,Ahmedabad,White,Individual,1969 cc,232 bhp @ 4250 rpm,480 Nm @ 1750 rpm,AWD,4953,2008,1776,7,71,First
Audi,A6 35 TDI Matrix,1975000,2015,61000,Diesel,Automatic,Delhi,White,Individual,1968 cc,190 bhp @ 3800 rpm,400 Nm @ 1750 rpm,FWD,4933,1874,1455,5,75,Second
Mercedes-Benz,GLE 250 d,4200000,2017,85000,Diesel,Automatic,Ludhiana,Black,Individual,2143 cc,201 bhp @ 3800 rpm,500 Nm @ 1600 rpm,AWD,4819,2141,1796,5,93,First
Mercedes-Benz,C-Class C 220d Progressive [2018-2019],3500000,2019,55000,Diesel,Automatic,Pune,Black,Individual,1950 cc,192 bhp @ 3800 rpm,400 Nm @ 1600 rpm,RWD,4686,1810,1442,5,66,Second
Mercedes-Benz,GLA 200 d Sport,1825000,2016,58000,Diesel,Automatic,Lucknow,White,Individual,2143 cc,134 bhp @ 3600 rpm,300 Nm @ 1600 rpm,FWD,4424,1804,1494,5,50,First
Mahindra,Thar LX 4-STR Hard Top Petrol AT,1710000,2021,4400,Petrol,Automatic,Mumbai,Black,Individual,1997 cc,150 bhp @ 5000 rpm,320 Nm @ 1500 rpm,AWD,3985,1820,1844,4,57,First
Maruti Suzuki,Celerio VXi AMT,375000,2014,35000,Petrol,Automatic,Delhi,Red,Individual,998 cc,67 bhp @ 6000 rpm,90 Nm @ 3500 rpm,FWD,3600,1600,1560,5,35,First
Maruti Suzuki,Alto 800 Vxi,285000,2016,22346,Petrol,Manual,Patna,White,Individual,796 cc,47 bhp @ 6000 rpm,69 Nm @ 3500 rpm,FWD,3395,1490,1475,5,35,First
Mahindra,Thar AX 6-STR Soft Top Petrol MT,1850000,2021,23280,Petrol,Manual,Aurangabad,Red,Individual,1997 cc,150 bhp @ 5000 rpm,300 Nm @ 1250 rpm,AWD,3985,1820,1920,6,57,Second
Maruti Suzuki,Ertiga ZDi,621000,2013,72000,Diesel,Manual,Mumbai,Blue,Individual,1248 cc,89 bhp @ 4000 rpm,200 Nm @ 1750 rpm,FWD,4265,1695,1685,7,45,First
Mitsubishi,Pajero 2.5 AT,1475000,2016,82000,Diesel,Automatic,Mumbai,Grey,Individual,2477 cc,176 bhp @ 4000 rpm,350 Nm @ 1800 rpm,RWD,4695,1815,1840,7,70,First
Toyota,Fortuner 3.0 4x2 AT,1800000,2015,86000,Diesel,Automatic,Ludhiana,White,Individual,2982 cc,169 bhp @ 3600 rpm,360 Nm @ 1400 rpm,RWD,4705,1840,1850,7,80,Second
Hyundai,Grand i10 Magna 1.2 Kappa VTVT [2013-2016],399000,2018,38000,Petrol,Manual,Kolkata,Silver,Individual,1197 cc,81 bhp @ 6000 rpm,114 Nm @ 4000 rpm,FWD,3765,1660,1520,5,43,First
Hyundai,Creta 1.6 SX Plus Special Edition,890000,2015,138314,Diesel,Manual,Hyderabad,White,Individual,1582 cc,126 bhp @ 4000 rpm,265 Nm @ 1900 rpm,FWD,4270,1780,1630,5,60,First
Hyundai,Verna Fluidic 1.6 VTVT SX Opt AT,1325000,2021,9900,Petrol,Automatic,Mumbai,Blue,Individual,1591 cc,121 bhp @ 6300 rpm,158 Nm @ 4200 rpm,FWD,4370,1700,1475,5,43,First
Mercedes-Benz,E-Class E 220d Expression [2019-2019],4775000,2018,51529,Diesel,Automatic,Bangalore,White,Individual,1950 cc,192 bhp @ 3800 rpm,400 Nm @ 1600 rpm,RWD,5063,1860,1494,5,80,First
Mahindra,Quanto C4,249000,2013,60000,Diesel,Manual,Kolkata,Red,Individual,1493 cc,100 bhp @ 3750 rpm,240 Nm @ 1600 rpm,RWD,3985,1850,1880,7,55,First
Maruti Suzuki,Celerio VXi (O) [2019-2020],509999,2019,48000,Petrol,Manual,Hyderabad,White,Individual,998 cc,67 bhp @ 6000 rpm,90 Nm @ 3500 rpm,FWD,3695,1600,1560,5,35,First
Jeep,Compass Limited 2.0 Diesel 4x4 [2017-2020],1450000,2018,90000,Diesel,Manual,Guwahati,Black,Individual,1956 cc,171 bhp @ 3750 rpm,350 Nm @ 1750 rpm,AWD,4395,1818,1640,5,60,First
Maruti Suzuki,S-Cross Delta 1.6,640000,2017,63000,Diesel,Manual,Delhi,Grey,Individual,1598 cc,118 bhp @ 3750 rpm,320 Nm @ 1750 rpm,FWD,4300,1765,1590,5,48,First
Maruti Suzuki,Celerio LDi [2015-2017],299000,2017,65822,Diesel,Manual,Lucknow,Silver,Individual,793 cc,46 bhp @ 3500 rpm,125 Nm @ 2000 rpm,FWD,3600,1600,1560,5,35,First
Maruti Suzuki,Wagon R Duo LXi LPG,195000,2009,102000,LPG,Manual,Nashik,White,Individual,1061 cc,58@6000,77@4500,FWD,3520,1475,1660,5,35,First
Mercedes-Benz,S-Class 350 CDI L,1495000,2011,72100,Diesel,Automatic,Mumbai,Red,Individual,2987 cc,235 bhp @ 4000 rpm,490 Nm @ 1800 rpm,RWD,5226,2120,1479,5,90,Second
Toyota,Etios Liva G,350000,2013,34000,Petrol,Manual,Pune,Black,Individual,1197 cc,80 bhp @ 5600 rpm,104 Nm @ 3100 rpm,FWD,3775,1695,1510,5,45,First
Toyota,Innova 2.4 VX 7 STR [2016-2020],1421000,2017,75000,Diesel,Manual,Varanasi,White,Individual,2393 cc,148 bhp @ 3400 rpm,343 Nm @ 1400 rpm,RWD,4735,1830,1795,7,55,Second
Honda,Jazz V AT Petrol,595000,2017,99000,Petrol,Automatic,Noida,Brown,Individual,1199 cc,89 bhp @ 6000 rpm,110 Nm @ 4800 rpm,FWD,3955,1694,1544,5,40,First
Maruti Suzuki,Swift DZire VDI,351000,2013,42000,Diesel,Manual,Patna,White,Individual,1248 cc,74 bhp @ 4000 rpm,190 Nm @ 2000 rpm,FWD,3995,1695,1555,5,42,First
Maruti Suzuki,SX4 VXi,325000,2012,118000,Petrol,Manual,Pune,White,Individual,1586 cc,102@5500,145@4200,,4490,1735,1560,5,50,First
Mahindra,XUV500 W8 AWD,975000,2017,78000,Diesel,Manual,Mumbai,Silver,Individual,2179 cc,140 bhp @ 3750 rpm,330 Nm @ 2800 rpm,AWD,4585,1890,1785,7,70,First
Maruti Suzuki,Ciaz Delta Hybrid 1.5 [2018-2020],825000,2019,44000,Petrol,Manual,Delhi,White,Individual,1462 cc,103 bhp @ 6000 rpm,138 Nm @ 4400 rpm,FWD,4490,1730,1485,5,43,First
Tata,Hexa XT 4x2 6 STR,1050000,2017,88757,Diesel,Manual,Indore,Blue,Individual,2179 cc,154 bhp @ 4000 rpm,400 Nm @ 1700 rpm,RWD,4788,1903,1791,6,60,Second
Audi,Q3 30 TDI Premium FWD,1970000,2017,85000,Diesel,Automatic,Chennai,Blue,Individual,1968 cc,150 bhp @ 3500 rpm,340 Nm @ 1750 rpm,FWD,4385,1831,1608,5,64,Second
BMW,2 Series Gran Coupe 220d M Sport [2020-2021],4100000,2020,12136,Diesel,Automatic,Hyderabad,Blue,Corporate,1995 cc,188 bhp @ 4000 rpm,400 Nm @ 1750 rpm,FWD,4526,1800,1420,5,50,First
Maruti Suzuki,Alto VXI,385000,2019,2200,Petrol,Manual,Mumbai,White,Individual,,,,,,,,,,First
Audi,A4 35 TDI Premium Sunroof,1525000,2015,49000,Diesel,Automatic,Mohali,Silver,Individual,1968 cc,177 bhp @ 4200 rpm,380 Nm @ 1750 rpm,FWD,4701,1826,1427,5,63,First
Mercedes-Benz,A-Class Sedan 200,4150000,2021,6000,Petrol,Automatic,Delhi,White,Individual,1332 cc,161 bhp @ 5500 rpm,250 Nm @ 1620 rpm,FWD,4549,1796,1446,5,43,First
Maruti Suzuki,Vitara Brezza ZDi Plus,725000,2017,64000,Diesel,Manual,Kolkata,Gold,Individual,1248 cc,89 bhp @ 4000 rpm,200 Nm @ 1750 rpm,FWD,3995,1790,1640,5,48,First
Toyota,Corolla Altis 1.8 G,340000,2011,109000,Petrol,Manual,Mumbai,White,Individual,1794 cc,132@6000,170@4200,FWD,4540,1760,1480,5,55,Second
Maruti Suzuki,Baleno Delta 1.2,650000,2018,32000,Petrol,Manual,Delhi,Blue,Individual,1197 cc,83 bhp @ 6000 rpm,115 Nm @ 4000 rpm,FWD,3995,1745,1500,5,37,First
Maruti Suzuki,Swift Lxi (O) [2014-2017],570000,2019,13000,Petrol,Manual,Delhi,Silver,Individual,1197 cc,83 bhp @ 6000 rpm,115 Nm @ 4000 rpm,FWD,3850,1695,1530,5,42,First
Toyota,Innova 2.5 E,160000,2008,90000,Diesel,Manual,Varanasi,White,Individual,2494 cc,102@5600,200@3400,,4555,1770,1755,8,55,Fourth
Mahindra,Scorpio S5 2WD 7 STR,1220000,2020,35000,Diesel,Manual,Patna,White,Individual,2179 cc,120 bhp @ 4000 rpm,280 Nm @ 1800 rpm,RWD,4456,1820,1995,7,60,First
Mahindra,XUV500 W4 1.99,800000,2017,112000,Diesel,Manual,Muzaffurpur,Silver,Individual,1997 cc,138 bhp @ 3750 rpm,320 Nm @ 1600 rpm,FWD,4585,1890,1785,7,70,First
Maruti Suzuki,Baleno Zeta 1.2 AT,660000,2017,40000,Petrol,Automatic,Pune,Blue,Individual,1197 cc,83 bhp @ 6000 rpm,115 Nm @ 4000 rpm,FWD,3995,1745,1500,5,37,First
Honda,WR-V VX MT Petrol,575000,2017,53580,Petrol,Manual,Kolkata,Gold,Individual,1199 cc,89 bhp @ 6000 rpm,110 Nm @ 4800 rpm,FWD,3999,1734,1601,5,40,First
Mahindra,Quanto C8,240000,2013,51500,Diesel,Manual,Kolkata,Maroon,Individual,1493 cc,100 bhp @ 3750 rpm,240 Nm @ 1600 rpm,RWD,3985,1850,1880,7,55,Second
Honda,City V Petrol,950000,2019,22000,Petrol,Manual,Noida,White,Individual,1497 cc,118 bhp @ 6600 rpm,145 Nm @ 4600 rpm,FWD,4440,1695,1495,5,40,First
Renault,Kwid RXT [2015-2019],419000,2017,23700,Petrol,Manual,Mysore,Bronze,Individual,799 cc,53 bhp @ 5678 rpm,72 Nm @ 4386 rpm,FWD,3679,1579,1478,5,28,First
Maruti Suzuki,Swift DZire VXI AT,750000,2017,48069,Petrol,Automatic,Hyderabad,White,Individual,1197 cc,83 bhp @ 6000 rpm,115 Nm @ 4000 rpm,FWD,3995,1695,1555,5,42,First
Audi,A4 35 TDI Premium Plus,3400000,2019,48000,Diesel,Automatic,Chandigarh,White,Individual,1968 cc,188 bhp @ 4200 rpm,400 Nm @ 1750 rpm,FWD,4726,1842,1427,5,54,First
Skoda,Octavia Elegance 2.0 TDI AT,1160000,2015,47981,Diesel,Automatic,Mumbai,Black,Individual,1968 cc,141 bhp @ 4000 rpm,320 Nm @ 1750 rpm,FWD,4659,1814,1476,5,50,First
Hyundai,Alcazar Platinum 7 STR 1.5 Diesel,1750000,2021,26000,Diesel,Manual,Zirakpur,White,Individual,1493 cc,113 bhp @ 4000 rpm,250 Nm @ 1500 rpm,FWD,4500,1790,1675,7,50,First
Kia,Seltos HTK Plus AT 1.5 Diesel [2020-2021],1575000,2020,63000,Diesel,Automatic,Ahmedabad,White,Individual,1493 cc,113 bhp @ 4000 rpm,250 Nm @ 1500 rpm,FWD,4315,1800,1645,5,50,First
Toyota,Fortuner 2.8 4x2 AT [2016-2020],2811000,2019,71500,Diesel,Automatic,Delhi,White,Individual,2755 cc,174 bhp @ 3400 rpm,450 Nm @ 1600 rpm,RWD,4795,1855,1835,7,80,Second
Hyundai,Grand i10 Asta 1.2 Kappa VTVT [2013-2016],475000,2016,16630,Petrol,Manual,Mumbai,Maroon,Individual,1197 cc,81 bhp @ 6000 rpm,114 Nm @ 4000 rpm,FWD,3765,1660,1520,5,43,First
Audi,A6 35 TDI Matrix,4351000,2018,36000,Diesel,Automatic,Pune,White,Individual,1968 cc,190 bhp @ 3800 rpm,400 Nm @ 1750 rpm,FWD,4933,1874,1455,5,75,First
Honda,City VX Petrol [2017-2019],850000,2017,47255,Petrol,Manual,Ahmedabad,Grey,Individual,1497 cc,117 bhp @ 6600 rpm,145 Nm @ 4600 rpm,FWD,4440,1695,1495,5,40,First
Mahindra,XUV500 W5 [2018-2020],1095000,2018,50000,Diesel,Manual,Zirakpur,Maroon,Individual,2179 cc,153 bhp @ 3750 rpm,360 Nm @ 1750 rpm,FWD,4585,1890,1785,7,70,First
BMW,5-Series 530d M Sport,7700000,2021,18703,Diesel,Automatic,Chennai,White,Individual,2993 cc,261 bhp @ 4000 rpm,620 Nm @ 2000 rpm,RWD,4963,1868,1467,5,66,First
Hyundai,Creta SX 1.5 Petrol CVT [2020-2022],1925000,2022,9355,Petrol,Automatic,Mumbai,White,Individual,1497 cc,113 bhp @ 6300 rpm,144 Nm @ 4500 rpm,FWD,4300,1790,1635,5,50,First
Renault,Kwid RXL [2015-2019],305000,2018,34800,Petrol,Manual,Jamshedpur,Red,Individual,799 cc,53 bhp @ 5678 rpm,72 Nm @ 4386 rpm,FWD,3679,1579,1478,5,28,First
Nissan,Terrano XL D Plus,385000,2013,72000,Diesel,Manual,Dehradun,Grey,Individual,1461 cc,84 bhp @ 3750 rpm,200 Nm @ 1900 rpm,FWD,4331,1822,1671,5,50,Second
Skoda,Rapid Elegance 1.6 TDI CR MT,500000,2012,86288,Diesel,Manual,Hyderabad,Black,Individual,1598 cc,103 bhp @ 4400 rpm,250 Nm @ 1500 rpm,FWD,4386,1699,1466,5,55,First
Honda,Jazz V Petrol,655000,2017,24003,Petrol,Manual,Bangalore,Brown,Individual,1199 cc,89 bhp @ 6000 rpm,110 Nm @ 4800 rpm,FWD,3955,1694,1544,5,40,First
Tata,Nexon XZ Plus Diesel,925000,2017,28000,Diesel,Manual,Bangalore,Red,Individual,1497 cc,108 bhp @ 3750 rpm,260 Nm @ 1500 rpm,FWD,3994,1811,1607,5,44,First
Hyundai,Elite i20 Asta 1.4 CRDI,690000,2017,65000,Diesel,Manual,Ahmedabad,White,Individual,1396 cc,89 bhp @ 4000 rpm,220 Nm @ 1500 rpm,FWD,3985,1734,1505,5,45,First
Mahindra,XUV500 W11,1500000,2019,75000,Diesel,Manual,Kota,White,Individual,2179 cc,153 bhp @ 3750 rpm,360 Nm @ 1750 rpm,FWD,4585,1890,1785,7,70,First
Maruti Suzuki,Ertiga ZDi,625000,2015,45000,Diesel,Manual,Gurgaon,Grey,Individual,1248 cc,89 bhp @ 4000 rpm,200 Nm @ 1750 rpm,FWD,4265,1695,1685,7,45,Second
Hyundai,Verna 1.6 CRDI SX (O),844999,2018,71000,Diesel,Manual,Gurgaon,White,Individual,1582 cc,126 bhp @ 4000 rpm,260 Nm @ 1900 rpm,FWD,4375,1700,1475,5,43,Second
Honda,BR-V V CVT Petrol,745000,2018,54000,Petrol,Automatic,Kolkata,Silver,Individual,1497 cc,117 bhp @ 6600 rpm,145 Nm @ 4600 rpm,FWD,4453,1735,1666,7,42,First
Mahindra,TUV300 T6 Plus AMT,650000,2015,49776,Diesel,Automatic,Mumbai,White,Individual,1493 cc,84 bhp @ 3750 rpm,230 Nm @ 1500 rpm,RWD,3995,1835,1839,7,60,First
Maruti Suzuki,Vitara Brezza VDi (O) [2016-2018],640000,2017,61000,Diesel,Manual,Kanpur,Maroon,Individual,1248 cc,89 bhp @ 4000 rpm,200 Nm @ 1750 rpm,FWD,3995,1790,1640,5,48,First
Volvo,V40 D3 R-Design,2050000,2017,68000,Diesel,Automatic,Mumbai,White,Corporate,1984 cc,150 bhp @ 3500 rpm,350 Nm @ 1500 rpm,FWD,4370,1783,1458,5,60,Second
Maruti Suzuki,Celerio VXi AMT,395000,2014,47884,Petrol,Automatic,Pune,Red,Individual,998 cc,67 bhp @ 6000 rpm,90 Nm @ 3500 rpm,FWD,3600,1600,1560,5,35,First
Skoda,Octavia 1.8 TSI Style Plus AT [2017],1390000,2017,56000,Petrol,Automatic,Navi Mumbai,White,Individual,1798 cc,177 bhp @ 5100 rpm,250 Nm @ 1250 rpm,FWD,4670,1814,1476,5,50,First
Honda,City 1.5 V MT,365000,2010,58424,Petrol,Manual,Hyderabad,Gold,Individual,1497 cc,118@6600,146@4600,FWD,4420,1695,1480,5,42,First
Hyundai,Xcent S 1.1 CRDi Special Edition,451000,2017,55000,Diesel,Manual,Ahmedabad,White,Individual,1120 cc,71 bhp @ 4000 rpm,180 Nm @ 1750 rpm,FWD,3995,1660,1520,5,43,First
Maruti Suzuki,Zen LX,130000,1996,100000,Petrol,Manual,Coimbatore,White,Individual,,,,,,,,,,Second
Toyota,Innova 2.8 ZX AT 7 STR [2016-2020],2150000,2017,45000,Diesel,Automatic,Mumbai,Grey,Individual,2755 cc,172 bhp @ 3400 rpm,360 Nm @ 1200 rpm,RWD,4735,1830,1795,7,55,First
Maruti Suzuki,Ritz Ldi BS-IV,195000,2011,75000,Diesel,Manual,Kanpur,White,Individual,1248 cc,75@4000,190@2000,,3715,1680,1620,5,43,First
Skoda,Rapid 1.6 MPI Active,880000,2018,47000,Petrol,Manual,Coimbatore,White,Individual,1598 cc,104 bhp @ 5250 rpm,153 Nm @ 3800 rpm,FWD,4386,1699,1466,5,55,First
Hyundai,Verna Fluidic 1.6 VTVT SX Opt AT,1180000,2019,38000,Petrol,Automatic,Bangalore,White,Individual,1591 cc,121 bhp @ 6300 rpm,158 Nm @ 4200 rpm,FWD,4370,1700,1475,5,43,First
Maruti Suzuki,Alto 800 Lxi,285000,2016,17000,Petrol,Manual,Lucknow,White,Individual,796 cc,47 bhp @ 6000 rpm,69 Nm @ 3500 rpm,FWD,3395,1490,1475,5,35,First
BMW,X5 xDrive 30d,7998999,2020,20000,Diesel,Automatic,Kolkata,Grey,Individual,2993 cc,258 bhp @ 4000 rpm,560 Nm @ 1500 rpm,AWD,4886,1938,1762,7,,First
Hyundai,Verna 1.6 CRDI SX,925000,2018,925000,Diesel,Manual,Karnal,White,Individual,1582 cc,126 bhp @ 4000 rpm,260 Nm @ 1900 rpm,FWD,4375,1700,1475,5,43,First
Ford,Aspire Titanium1.5 TDCi [2018-2020],675000,2019,35000,Diesel,Manual,Bhopal,White,Individual,1498 cc,99 bhp @ 3750 rpm,215 Nm @ 1750 rpm,FWD,3995,1704,1525,5,40,First
MINI,Cooper D 5 Door,2500000,2015,34303,Diesel,Automatic,Bangalore,Yellow,Individual,1496 cc,114 bhp @ 4000 rpm,270 Nm @ 1750 rpm,FWD,3982,1727,1425,5,44,Second
Audi,A6 35 TDI Matrix,3675000,2019,34000,Diesel,Automatic,Ghaziabad,Black,Individual,1968 cc,190 bhp @ 3800 rpm,400 Nm @ 1750 rpm,FWD,4933,1874,1455,5,75,First
Hyundai,Alcazar Signature (O) 7 Seater 1.5 Diesel AT,2400000,2022,8000,Diesel,Automatic,Hyderabad,White,Individual,1493 cc,113 bhp @ 4000 rpm,250 Nm @ 1500 rpm,FWD,4500,1790,1675,7,50,First
Kia,Seltos HTK 1.5 Diesel [2020-2021],1300000,2020,27000,Diesel,Manual,Jaipur,Silver,Individual,1493 cc,113 bhp @ 4000 rpm,250 Nm @ 1500 rpm,FWD,4315,1800,1645,5,50,First
Hyundai,Grand i10 NIOS Sportz AMT 1.2 Kappa VTVT,825000,2021,6600,Petrol,Automatic,Hyderabad,Blue,Individual,1197 cc,82 bhp @ 6000 rpm,114 Nm @ 4000 rpm,FWD,3805,1680,1520,5,37,First
Toyota,Innova 2.5 GX BS IV 8 STR,899000,2015,125000,Diesel,Manual,Mumbai,Silver,Individual,2494 cc,101 bhp @ 3600 rpm,200 Nm @ 1200 rpm,RWD,4585,1765,1760,8,55,Third
Maruti Suzuki,Alto 800 VXi,409999,2021,13424,Petrol,Manual,Ranga Reddy,Silver,Individual,796 cc,47 bhp @ 6000 rpm,69 Nm @ 3500 rpm,FWD,3445,1515,1475,5,35,First
Maruti Suzuki,Alto 800 Lxi CNG,289000,2015,78000,CNG,Manual,Mumbai,White,Individual,796 cc,47 bhp @ 6000 rpm,69 Nm @ 3500 rpm,FWD,3395,1490,1475,5,35,First
Maruti Suzuki,Alto LXi,280000,2011,69276,Petrol,Manual,Hyderabad,Gold,Individual,998 cc,67 bhp @ 6200 rpm,90 Nm @ 3500 rpm,FWD,3620,1475,1460,5,35,First
Hyundai,Verna SX (O) 1.6 CRDi,811999,2017,31000,Diesel,Manual,Kolkata,White,Individual,1582 cc,126 bhp @ 4000 rpm,260 Nm @ 1500 rpm,FWD,4440,1729,1475,5,45,First
BMW,5-Series 530d M Sport [2017-2019],5400000,2017,33000,Diesel,Automatic,Bangalore,White,Individual,2993 cc,261 bhp @ 4000 rpm,620 Nm @ 2000 rpm,RWD,4936,1868,1479,4,78,Second
Maruti Suzuki,Wagon R LXi,220000,2012,54000,Petrol,Manual,Agra,Brown,Individual,998 cc,68@6200,90@3500,,3539,1475,1700,5,35,First
Volkswagen,Polo Highline1.5L (D),625000,2014,54000,Diesel,Manual,Bangalore,Grey,Individual,1498 cc,89 bhp @ 4200 rpm,230 Nm @ 1500 rpm,FWD,3971,1682,1469,5,45,First
Maruti Suzuki,Vitara Brezza ZDi,725000,2017,75000,Diesel,Manual,Ambala Cantt,White,Individual,1248 cc,89 bhp @ 4000 rpm,200 Nm @ 1750 rpm,FWD,3995,1790,1640,5,48,First
BMW,X3 20d M Sport,4195000,2017,63651,Diesel,Automatic,Bangalore,White,Individual,1995 cc,190 bhp @ 4000 rpm,400 Nm @ 1750 rpm,AWD,4657,1881,1678,5,67,First
Audi,Q3 35 TDI Premium Plus + Sunroof,1450000,2014,71796,Diesel,Automatic,Bangalore,Blue,Individual,1968 cc,174 bhp @ 4200 rpm,380 Nm @ 1750 rpm,AWD,4385,1831,1608,5,64,Third
Nissan,Terrano XE (D),425000,2014,74000,Diesel,Manual,Gurgaon,Silver,Individual,1461 cc,84 bhp @ 3750 rpm,200 Nm @ 1900 rpm,FWD,4331,1822,1671,5,50,Second
Hyundai,Eon Sportz,250000,2013,82461,Petrol,Manual,Hyderabad,Red,Individual,814 cc,55 bhp @ 5500 rpm,75 Nm @ 4000 rpm,FWD,3495,1550,1500,5,32,First
Maruti Suzuki,DZire VDi,800000,2018,66000,Diesel,Manual,Pune,Gold,Individual,1248 cc,74 bhp @ 4000 rpm,190 Nm @ 2000 rpm,FWD,3995,1735,1515,5,37,First
Mahindra,Scorpio S10,875000,2015,87000,Diesel,Manual,Varanasi,White,Individual,2179 cc,120 bhp @ 4000 rpm,280 Nm @ 1800 rpm,RWD,4456,1820,1995,8,60,First
Mercedes-Benz,GLA 200 d Sport,2275000,2016,61109,Diesel,Automatic,Bangalore,Brown,Individual,2143 cc,134 bhp @ 3600 rpm,300 Nm @ 1600 rpm,FWD,4424,1804,1494,5,50,Second
Tata,Tiago NRG Petrol,525000,2019,32000,Petrol,Manual,Noida,Bronze,Individual,1199 cc,84 bhp @ 6000 rpm,114 Nm @ 3500 rpm,FWD,3793,1665,1587,5,35,First
Mercedes-Benz,S-Class S 450,20000000,2021,6600,Petrol,Automatic,Delhi,White,Individual,2996 cc,362 bhp @ 5250 rpm,500 Nm @ 1800 rpm,RWD,5246,1899,1494,5,80,First
Mahindra,Thar LX 4-STR Hard Top Petrol MT,1520000,2021,14000,Petrol,Manual,Delhi,Brown,Individual,1997 cc,150 bhp @ 5000 rpm,300 Nm @ 1250 rpm,AWD,3985,1820,1844,4,57,First
Hyundai,i10 Magna,170000,2009,135797,Petrol,Manual,Lucknow,Silver,Individual,1086 cc,67@5500,99@2800,FWD,3565,1595,1550,5,35,Second
Ford,Endeavour Titanium Plus 3.2 4x4 AT,3300000,2019,42475,Diesel,Automatic,Pune,Silver,Individual,3198 cc,197 bhp @ 3000 rpm,470 Nm @ 1750 rpm,AWD,4903,1869,1837,7,80,First
Maruti Suzuki,Celerio ZXi AMT [2017-2019],575000,2018,27239,Petrol,Automatic,Bangalore,Orange,Individual,998 cc,67 bhp @ 6000 rpm,90 Nm @ 3500 rpm,FWD,3600,1600,1560,5,35,First
Chevrolet,Spark LS 1.0 BS-III,190000,2013,66000,Petrol,Manual,Lucknow,White,Individual,995 cc,62 bhp @ 5400 rpm,90 Nm @ 4200 rpm,FWD,3495,1495,1518,5,38,First
Hyundai,Grand i10 NIOS Sportz 1.2 Kappa VTVT,755000,2022,2272,Petrol,Manual,Hyderabad,White,Individual,1197 cc,82 bhp @ 6000 rpm,114 Nm @ 4000 rpm,FWD,3805,1680,1520,5,37,First
Honda,CR-V 2.0L 2WD AT,1130000,2015,50000,Petrol,Automatic,Mumbai,Brown,Individual,1997 cc,154 bhp @ 6500 rpm,190 Nm @ 4300 rpm,FWD,4545,1820,1685,5,58,First
Maruti Suzuki,Alto VXI,316000,2019,17491,Petrol,Manual,Kolkata,Others,Individual,,,,,,,,,,First
Maruti Suzuki,Swift DZire LXI,610000,2017,38674,Petrol,Manual,Navi Mumbai,Red,Individual,1197 cc,83 bhp @ 6000 rpm,115 Nm @ 4000 rpm,FWD,3995,1695,1555,5,42,First
Audi,Q3 35 TDI Premium Plus + Sunroof,1875000,2016,40000,Diesel,Automatic,Delhi,White,Individual,1968 cc,174 bhp @ 4200 rpm,380 Nm @ 1750 rpm,AWD,4385,1831,1608,5,64,First
Maruti Suzuki,Alto 800 Lxi CNG,480000,2021,14000,CNG,Manual,Mohali,Grey,Individual,796 cc,47 bhp @ 6000 rpm,69 Nm @ 3500 rpm,FWD,3395,1490,1475,5,35,First
Renault,Kwid 1.0 RXL [2017-2019],365000,2019,32000,Petrol,Manual,Mumbai,Brown,Individual,999 cc,67 bhp @ 5500 rpm,91 Nm @ 4250 rpm,FWD,3679,1579,1478,5,28,First
Hyundai,i20 Magna 1.2,250000,2012,72000,Petrol,Manual,Mumbai,White,Individual,,,,,,,,,,Third
Ford,Ecosport Titanium+ 1.5L TDCi,745000,2017,82000,Diesel,Manual,Jaipur,White,Individual,1498 cc,99 bhp @ 3750 rpm,205 Nm @ 1750 rpm,FWD,3999,1765,1708,5,52,First
Mercedes-Benz,B-class B180 Sports,1150000,2013,52000,Petrol,Automatic,Delhi,Silver,Individual,1595 cc,120 bhp @ 5000 rpm,200 Nm @ 1250 rpm,FWD,4359,2010,1557,5,50,Second
MG,ZS EV Exclusive [2020-2021],2100000,2020,38500,Electric,Automatic,Delhi,Blue,Individual,,,,FWD,4314,1809,1620,5,,First
Hyundai,Xcent SX 1.1 CRDi (O),200000,2014,56000,Diesel,Manual,Delhi,White,Individual,1120 cc,71 bhp @ 4000 rpm,180 Nm @ 1750 rpm,FWD,3995,1660,1520,5,43,Third
Honda,City VX CVT,775000,2016,42000,Petrol,Automatic,Mumbai,Brown,Individual,1497 cc,117 bhp @ 6600 rpm,145 Nm @ 4600 rpm,FWD,4440,1695,1495,5,40,First
Hyundai,Creta SX Plus 1.6  Petrol,860000,2016,57983,Petrol,Manual,Mumbai,White,Individual,1591 cc,122 bhp @ 6400 rpm,154 Nm @ 4850 rpm,FWD,4270,1780,1630,5,60,First
Audi,A3 35 TFSI Premium Plus,2089999,2018,15600,Petrol,Automatic,Lucknow,White,Corporate,1395 cc,148 bhp @ 5000 rpm,250 Nm @ 1500 rpm,FWD,4456,1796,1416,5,50,First
Hyundai,Verna 1.6 CRDI SX,1100000,2019,26000,Diesel,Manual,Patna,White,Individual,1582 cc,126 bhp @ 4000 rpm,260 Nm @ 1900 rpm,FWD,4375,1700,1475,5,43,First
Maruti Suzuki,Swift DZire VDI,260000,2011,90000,Diesel,Manual,Chandigarh,White,Individual,1248 cc,74 bhp @ 4000 rpm,190 Nm @ 2000 rpm,FWD,3995,1695,1555,5,42,Second
Mercedes-Benz,E-Class E 250 CDI Avantgarde,2690000,2016,43323,Diesel,Automatic,Chandigarh,Silver,Individual,2143 cc,204 bhp @ 4200 rpm,500 Nm @ 1600 rpm,RWD,4879,1854,1474,5,80,Second
Skoda,Octavia 2.0 TDI L&K,1400000,2020,94182,Diesel,Automatic,Kanpur,Grey,Individual,1968 cc,141 bhp @ 3500 rpm,320 Nm @ 1750 rpm,FWD,4670,1814,1476,5,50,First
Hyundai,Santro Sportz [2018-2020],515000,2022,3395,Petrol,Manual,Ludhiana,Others,Individual,1086 cc,68 bhp @ 5500 rpm,99 Nm @ 4500 rpm,FWD,3610,1645,1560,5,35,First
Maruti Suzuki,Ertiga VDi,600000,2014,53213,Diesel,Manual,Patna,White,Individual,1248 cc,89 bhp @ 4000 rpm,200 Nm @ 1750 rpm,FWD,4265,1695,1685,7,45,First
Ford,Endeavour Titanium 3.2 4x4 AT,2000000,2017,93000,Diesel,Automatic,Ahmedabad,White,Individual,3198 cc,197 bhp @ 3000 rpm,470 Nm @ 1750 rpm,AWD,4892,1860,1837,7,80,First
Jaguar,XE Prestige Diesel,2850000,2018,45000,Diesel,Automatic,Dehradun,White,Individual,1999 cc,177 bhp @ 4000 rpm,430 Nm @ 1750 rpm,RWD,4795,1967,1416,5,56,First
Toyota,Fortuner 2.8 4x4 AT [2016-2020],3200000,2017,110000,Diesel,Automatic,Chandigarh,Grey,Individual,2755 cc,174 bhp @ 3400 rpm,450 Nm @ 1600 rpm,AWD,4795,1855,1835,7,80,First
Toyota,Corolla Altis GL Petrol,1075000,2016,70000,Petrol,Manual,Delhi,White,Individual,1798 cc,138 bhp @ 6400 rpm,173 Nm @ 4000 rpm,FWD,4620,1775,1475,5,55,First
Tata,Altroz XT Petrol,575000,2020,40000,Petrol,Manual,Kolkata,White,Individual,1199 cc,85 bhp @ 6000 rpm,113 Nm @ 3300 rpm,FWD,3990,1755,1523,5,37,First
Volvo,XC40 D4 R-Design,3950000,2018,52000,Diesel,Automatic,Bangalore,White,Individual,1969 cc,190 bhp @ 4000 rpm,400 Nm @ 1750 rpm,AWD,4425,1863,1652,5,54,First
Maruti Suzuki,Ciaz Delta Hybrid 1.5 [2018-2020],750000,2019,6200,Petrol,Manual,Mumbai,Blue,Individual,1462 cc,103 bhp @ 6000 rpm,138 Nm @ 4400 rpm,FWD,4490,1730,1485,5,43,First
Honda,WR-V VX MT Diesel,755000,2017,75650,Diesel,Manual,Thane,White,Individual,1498 cc,99 bhp @ 3600 rpm,200 Nm @ 1750 rpm,FWD,3999,1734,1601,5,40,First
Hyundai,i10 Sportz 1.2,190000,2010,60000,Petrol,Manual,Roorkee,White,Individual,1197 cc,80@5200,111@4000,FWD,3565,1595,1550,5,35,Third
Maruti Suzuki,Swift DZire VDI,425000,2014,89000,Diesel,Manual,Lucknow,White,Individual,1248 cc,74 bhp @ 4000 rpm,190 Nm @ 2000 rpm,FWD,3995,1695,1555,5,42,First
Porsche,Cayenne 3.2 V6 Petrol,3600000,2014,43000,Petrol,Automatic,Mumbai,White,Individual,,,,,,,,,,Second
Maruti Suzuki,Alto 800 Lxi CNG,390000,2019,56000,CNG,Manual,Ahmedabad,White,Individual,796 cc,47 bhp @ 6000 rpm,69 Nm @ 3500 rpm,FWD,3395,1490,1475,5,35,First
Hyundai,Verna 1.6 CRDI SX,855000,2017,57000,Diesel,Manual,Bangalore,Grey,Individual,1582 cc,126 bhp @ 4000 rpm,260 Nm @ 1900 rpm,FWD,4375,1700,1475,5,43,Second
Hyundai,Eon Era +,225000,2012,56000,Petrol,Manual,Meerut,Grey,Individual,814 cc,55 bhp @ 5500 rpm,75 Nm @ 4000 rpm,FWD,3495,1550,1500,5,32,First
Audi,A6 35 TDI Matrix,2425000,2016,60000,Diesel,Automatic,Mumbai,White,Individual,1968 cc,190 bhp @ 3800 rpm,400 Nm @ 1750 rpm,FWD,4933,1874,1455,5,75,First
Mahindra,Scorpio S9 2WD 7 STR,1270000,2019,61805,Diesel,Manual,Guwahati,White,Individual,2179 cc,140 bhp @ 3750 rpm,320 Nm @ 1500 rpm,RWD,4456,1820,1995,7,60,First
Maruti Suzuki,Wagon R LXI CNG (O),325000,2014,58000,CNG,Manual,Delhi,Red,Individual,998 cc,58 bhp @ 6200 rpm,77 Nm @ 3500 rpm,FWD,3599,1495,1700,5,35,Second
Tata,Nexon XM,750000,2019,33000,Petrol,Manual,Delhi,Silver,Individual,1198 cc,108 bhp @ 5000 rpm,170 Nm @ 1750 rpm,FWD,3994,1811,1607,5,44,First
Honda,City CVT,185000,2008,70000,Petrol,Automatic,Lucknow,White,Individual,1497 cc,78@5500,125@2700,,4390,1690,1495,5,42,Second
Maruti Suzuki,Celerio ZXi AMT [2019-2020],450000,2014,48000,Petrol,Automatic,Mumbai,Silver,Individual,998 cc,67 bhp @ 6000 rpm,90 Nm @ 3500 rpm,FWD,3695,1600,1560,5,35,First
MG,Hector Sharp 2.0 Diesel [2019-2020],1710000,2020,12400,Diesel,Manual,Mohali,Grey,Individual,1956 cc,169 bhp @ 3750 rpm,350 Nm @ 1750 rpm,FWD,4655,1835,1760,5,60,First
Mahindra,Bolero Power Plus ZLX [2016-2019],665000,2017,92000,Diesel,Manual,Lucknow,Green,Individual,1493 cc,70 bhp @ 3600 rpm,195 Nm @ 1400 rpm,RWD,3995,1745,1880,7,,First
Hyundai,Creta 1.6 SX (O),871000,2015,64000,Diesel,Manual,Ahmedabad,White,Individual,1582 cc,126 bhp @ 4000 rpm,265 Nm @ 1900 rpm,FWD,4270,1780,1630,5,60,First
Maruti Suzuki,Wagon R LXI CNG (O),625000,2021,18000,CNG,Manual,Delhi,Silver,Individual,998 cc,58 bhp @ 6200 rpm,77 Nm @ 3500 rpm,FWD,3599,1495,1700,5,35,First
Mahindra,KUV100 K6 D 6 STR [2016-2017],495000,2016,53376,Diesel,Manual,Bangalore,Orange,Individual,1198 cc,77 bhp @ 3750 rpm,190 Nm @ 1750 rpm,FWD,3675,1715,1655,6,35,First
Honda,City V Diesel,600000,2016,70000,Diesel,Manual,Kanpur,Silver,Individual,1498 cc,99 bhp @ 3600 rpm,200 Nm @ 1750 rpm,FWD,4440,1695,1495,5,40,First
Mahindra,Bolero Power Plus ZLX,875000,2019,70000,Diesel,Manual,Dak. Kannada,White,Individual,1493 cc,70 bhp @ 3600 rpm,195 Nm @ 1400 rpm,RWD,3995,1745,1880,7,,Second
Hyundai,Verna Fluidic 1.6 CRDi SX,595000,2014,65123,Diesel,Manual,Patna,Black,Individual,1582 cc,126 bhp @ 4000 rpm,260 Nm @ 1900 rpm,FWD,4370,1700,1475,5,43,First
Honda,Amaze 1.2 S i-VTEC,425000,2014,58600,Petrol,Manual,Pune,Red,Individual,1198 cc,87 bhp @ 6000 rpm,109 Nm @ 4500 rpm,FWD,3990,1680,1505,5,35,First
Hyundai,Venue SX (O) 1.0 Turbo iMT,1050000,2021,7500,Petrol,Manual,Hyderabad,Blue,Individual,998 cc,118 bhp @ 6000 rpm,172 Nm @ 1500 rpm,FWD,3995,1770,1605,5,45,First
Hyundai,Creta SX 1.6 CRDi,1299000,2019,39000,Diesel,Manual,Mumbai,White,Individual,1582 cc,126 bhp @ 4000 rpm,260 Nm @ 1500 rpm,FWD,4270,1780,1665,5,55,First
Hyundai,i10 Magna,175000,2009,23000,Petrol,Manual,Mumbai,Red,Individual,1086 cc,67@5500,99@2800,FWD,3565,1595,1550,5,35,First
Maruti Suzuki,XL6 Zeta MT Petrol,994999,2019,27900,Petrol,Manual,Mumbai,Brown,Individual,1462 cc,103 bhp @ 6000 rpm,138 Nm @ 4400 rpm,FWD,4445,1775,1700,6,45,First
Maruti Suzuki,Ertiga VXI CNG,1025000,2019,42000,CNG,Manual,Delhi,Brown,Individual,1373 cc,94 bhp @ 6000 rpm,130 Nm @ 4000 rpm,FWD,4296,1695,1685,7,45,First
BMW,X5 xDrive 30d,4175000,2016,27011,Diesel,Automatic,Karnal,White,Individual,2993 cc,258 bhp @ 4000 rpm,560 Nm @ 1500 rpm,AWD,4886,1938,1762,7,,Second
Renault,Kwid 1.0 RXT [2016-2019],265000,2016,122000,Petrol,Manual,Coimbatore,Red,Individual,999 cc,67 bhp @ 5500 rpm,91 Nm @ 4250 rpm,FWD,3679,1579,1478,5,28,First
Maruti Suzuki,Baleno Sigma 1.2,475000,2015,48000,Petrol,Manual,Navi Mumbai,Grey,Individual,1197 cc,83 bhp @ 6000 rpm,115 Nm @ 4000 rpm,FWD,3995,1745,1500,5,37,First
Hyundai,Elite i20 Sportz 1.2 (O),660000,2018,9000,Petrol,Manual,Mumbai,Grey,Individual,1197 cc,82 bhp @ 6000 rpm,115 Nm @ 4000 rpm,FWD,3985,1734,1505,5,45,First
Renault,Kwid 1.0 RXT AMT Opt,490000,2019,32000,Petrol,Automatic,Coimbatore,Bronze,Individual,999 cc,67 bhp @ 5500 rpm,91 Nm @ 4250 rpm,FWD,3679,1579,1478,5,28,First
Toyota,Innova 2.7 GX AT 7 STR [2016-2020],1950000,2018,54000,Petrol,Automatic,Mumbai,Silver,Individual,2694 cc,164 bhp @ 5200 rpm,245 Nm @ 4000 rpm,RWD,4735,1830,1795,7,65,First
Nissan,Sunny XL,315000,2012,57000,Petrol,Manual,Amritsar,White,Individual,1498 cc,98 bhp @ 6000 rpm,134 Nm @ 4000 rpm,FWD,4425,1695,1505,5,41,First
Mercedes-Benz,GLE 250 d,4190000,2017,90000,Diesel,Automatic,Ludhiana,Black,Individual,2143 cc,201 bhp @ 3800 rpm,500 Nm @ 1600 rpm,AWD,4819,2141,1796,5,93,First
Honda,Brio S MT,341000,2016,49000,Petrol,Manual,Mumbai,White,Individual,1198 cc,87 bhp @ 6000 rpm,109 Nm @ 4500 rpm,FWD,3610,1680,1500,5,35,First
Maruti Suzuki,Vitara Brezza ZDi Plus,950000,2018,71000,Diesel,Manual,Udupi,White,Individual,1248 cc,89 bhp @ 4000 rpm,200 Nm @ 1750 rpm,FWD,3995,1790,1640,5,48,Second
Maruti Suzuki,Swift VXi,409999,2014,20000,Petrol,Manual,Mumbai,Grey,Individual,1197 cc,85 bhp @ 6000 rpm,114 Nm @ 4000 rpm,FWD,3850,1695,1530,5,42,Second
Maruti Suzuki,Wagon R LXi,290000,2012,12300,Petrol,Manual,Mumbai,Blue,Individual,998 cc,68@6200,90@3500,,3539,1475,1700,5,35,First
Maruti Suzuki,Ciaz Zeta 1.3 Hybrid,1050000,2021,5000,Diesel,Manual,Lucknow,White,Individual,1248 cc,89 bhp @ 4000 rpm,200 Nm @ 1750 rpm,FWD,4490,1730,1485,5,43,First
Maruti Suzuki,Swift VXi,365000,2013,68000,Petrol,Manual,Mumbai,Blue,Individual,1197 cc,85 bhp @ 6000 rpm,114 Nm @ 4000 rpm,FWD,3850,1695,1530,5,42,First
Mercedes-Benz,CLA 200 D Urban Sport,3100000,2019,17000,Diesel,Automatic,Delhi,Red,Individual,2143 cc,136 bhp @ 3200 rpm,300 Nm @ 1400 rpm,FWD,4630,1777,1432,5,56,First
Mahindra,Thar LX 4-STR Hard Top Diesel AT,1875000,2022,15000,Diesel,Automatic,Delhi,Grey,Individual,2184 cc,130 bhp @ 3750 rpm,300 Nm @ 1600 rpm,AWD,3985,1820,1844,4,57,First
Land Rover,Discovery Sport HSE Petrol 7-Seater,5100000,2019,24444,Petrol,Automatic,Bangalore,Blue,Individual,1999 cc,236 bhp @ 5500 rpm,340 Nm @ 1750 rpm,AWD,4600,2069,1724,7,65,Second
Ford,Ecosport Titanium 1.5 TDCi,595000,2015,43000,Diesel,Manual,Mumbai,Silver,Individual,1498 cc,89 bhp @ 3750 rpm,204 Nm @ 2000 rpm,FWD,3999,1765,1708,5,52,First
Mercedes-Benz,E-Class E 220d Exclusive [2019-2019],5200000,2020,18000,Diesel,Automatic,Noida,White,Individual,1950 cc,192 bhp @ 3800 rpm,400 Nm @ 1600 rpm,RWD,5063,1860,1494,5,80,First
Land Rover,Range Rover Sport SDV6 SE,6000000,2014,82000,Diesel,Automatic,Ludhiana,White,Individual,2993 cc,289 bhp @ 4000 rpm,600 Nm @ 2000 rpm,AWD,4879,2073,1780,5,77,First
Mercedes-Benz,GLE 250 d,5775000,2019,57000,Diesel,Automatic,Dehradun,Black,Individual,2143 cc,201 bhp @ 3800 rpm,500 Nm @ 1600 rpm,AWD,4819,2141,1796,5,93,First
Mercedes-Benz,C-Class C200 Progressive,4975000,2021,2610,Petrol,Automatic,Bangalore,White,Individual,1991 cc,201 bhp @ 5800 rpm,300 Nm @ 1200 rpm,RWD,4686,1810,1442,5,66,First
Maruti Suzuki,Ciaz VDi+ SHVS,650000,2017,92000,Diesel,Manual,Jalandhar,White,Individual,1248 cc,89 bhp @ 4000 rpm,200 Nm @ 1750 rpm,FWD,4490,1730,1485,5,43,Second
Maruti Suzuki,Ignis Zeta 1.2 AMT,521000,2017,40879,Petrol,Automatic,Mumbai,Red,Individual,1197 cc,82 bhp @ 6000 rpm,113 Nm @ 4200 rpm,FWD,3700,1690,1595,5,32,First
Ford,Ecosport Titanium 1.5L TDCi,570000,2016,80000,Diesel,Manual,Gurgaon,Black,Individual,1498 cc,99 bhp @ 3750 rpm,205 Nm @ 1750 rpm,FWD,3999,1765,1708,5,52,First
Maruti Suzuki,Ritz Ldi BS-IV,160000,2011,89000,Diesel,Manual,Dehradun,Maroon,Individual,1248 cc,75@4000,190@2000,,3715,1680,1620,5,43,Second
BMW,X5 xDrive 30d M Sport,5500000,2017,68690,Diesel,Automatic,Hyderabad,Blue,Corporate,2993 cc,258 bhp @ 4000 rpm,560 Nm @ 1500 rpm,AWD,4886,1938,1762,5,,First
Renault,Kwid 1.0 RXT [2016-2019],299000,2018,19000,Petrol,Manual,Kolkata,Red,Individual,999 cc,67 bhp @ 5500 rpm,91 Nm @ 4250 rpm,FWD,3679,1579,1478,5,28,First
Skoda,Rapid Ambition 1.6 TDI CR MT,350000,2012,130000,Diesel,Manual,Nashik,White,Individual,1598 cc,105 bhp @ 4400 rpm,250 Nm @ 2500 rpm,FWD,4386,1699,1466,5,55,First
Maruti Suzuki,Swift DZire VDI,575000,2017,35000,Diesel,Manual,Patna,White,Individual,1248 cc,74 bhp @ 4000 rpm,190 Nm @ 2000 rpm,FWD,3995,1695,1555,5,42,First
Honda,Brio VX AT,335000,2013,64418,Petrol,Automatic,Mumbai,Silver,Individual,1198 cc,87 bhp @ 6000 rpm,109 Nm @ 4500 rpm,FWD,3610,1680,1500,5,35,Second
Hyundai,Grand i10 Sportz 1.2 Kappa VTVT [2016-2017],480000,2019,10265,Petrol,Manual,Hyderabad,Grey,Individual,1197 cc,81 bhp @ 6000 rpm,114 Nm @ 4000 rpm,FWD,3765,1660,1520,5,43,First
Maruti Suzuki,Wagon R LXi 1.0 CNG,675000,2021,15000,CNG,Manual,Pune,White,Individual,998 cc,58 bhp @ 5500 rpm,78 Nm @ 3500 rpm,FWD,3655,1620,1675,5,60,First
Ford,Fiesta Titanium Diesel,350000,2012,85000,Diesel,Manual,Jaipur,Silver,Individual,1498 cc,89 bhp @ 3750 rpm,204 Nm @ 2000 rpm,FWD,4320,1764,1486,5,40,First
Mercedes-Benz,GLA 200 d Style,2500000,2018,90000,Diesel,Automatic,Mumbai,Bronze,Individual,2143 cc,134 bhp @ 3600 rpm,300 Nm @ 1600 rpm,FWD,4424,1804,1494,5,50,Second
Maruti Suzuki,Wagon R LXi CNG,260000,2013,89000,CNG,Manual,Lucknow,Silver,Individual,998 cc,59@6200,77@3500,,3539,1475,1700,5,35,First
Maruti Suzuki,Wagon R LXI CNG,400000,2017,43000,CNG,Manual,Agra,Grey,Individual,998 cc,58 bhp @ 6200 rpm,77 Nm @ 3500 rpm,FWD,3599,1495,1700,5,35,First
Toyota,Fortuner 2.8 4x4 AT [2016-2020],2750000,2017,219000,Diesel,Automatic,Jaipur,White,Individual,2755 cc,174 bhp @ 3400 rpm,450 Nm @ 1600 rpm,AWD,4795,1855,1835,7,80,Second
Toyota,Innova 2.0 G1 BS-IV,555000,2010,261236,Petrol,Manual,Mumbai,Silver,Individual,1998 cc,136@5600,182@4000,,4555,1770,1755,8,55,First
Maruti Suzuki,Vitara Brezza ZDi Plus,790000,2017,50000,Diesel,Manual,Delhi,White,Individual,1248 cc,89 bhp @ 4000 rpm,200 Nm @ 1750 rpm,FWD,3995,1790,1640,5,48,First
Maruti Suzuki,Alto 800 Std,180000,2014,48000,Petrol,Manual,Ranchi,Silver,Individual,796 cc,47 bhp @ 6000 rpm,69 Nm @ 3500 rpm,FWD,3395,1490,1475,5,35,Third
Hyundai,Xcent SX 1.1 CRDi,551000,2019,39000,Diesel,Manual,Jaipur,White,Individual,1120 cc,71 bhp @ 4000 rpm,160 Nm @ 1500 rpm,FWD,3995,1660,1520,5,43,First
Maruti Suzuki,Vitara Brezza VDi,860000,2018,33030,Diesel,Manual,Jaipur,Red,Individual,1248 cc,89 bhp @ 4000 rpm,200 Nm @ 1750 rpm,FWD,3995,1790,1640,5,48,First
Honda,City 1.5 E MT,375000,2013,86000,Petrol,Manual,Mumbai,Purple,Individual,1497 cc,116 bhp @ 6600 rpm,146 Nm @ 4800 rpm,FWD,4440,1695,1485,5,42,Second
Maruti Suzuki,Ciaz Alpha 1.4 AT,725000,2017,55000,Petrol,Automatic,Noida,White,Individual,1373 cc,91 bhp @ 6000 rpm,130 Nm @ 4000 rpm,FWD,4490,1730,1485,5,43,First
Hyundai,Grand i10 Sportz 1.2 Kappa VTVT [2016-2017],400000,2017,35000,Petrol,Manual,Kolkata,Blue,Individual,1197 cc,81 bhp @ 6000 rpm,114 Nm @ 4000 rpm,FWD,3765,1660,1520,5,43,First
Jeep,Compass Limited (O) 1.4 Petrol DCT,2275000,2022,2000,Petrol,Automatic,Kolkata,Green,Individual,1368 cc,161 bhp @ 5500 rpm,250 Nm @ 2500 rpm,FWD,4405,1818,1640,5,60,First
Jeep,Compass Limited 2.0 Diesel [2017-2020],1250000,2018,90000,Diesel,Manual,Ludhiana,Silver,Individual,1956 cc,171 bhp @ 3750 rpm,350 Nm @ 1750 rpm,FWD,4395,1818,1640,5,60,First
Honda,City 1.5 S MT,499000,2012,96506,Petrol,Manual,Bangalore,Silver,Individual,1497 cc,116 bhp @ 6600 rpm,146 Nm @ 4800 rpm,FWD,4440,1695,1485,5,42,Second
Volkswagen,Vento Highline Petrol AT,399000,2014,88000,Petrol,Automatic,Faridabad,Silver,Individual,1598 cc,103 bhp @ 5250 rpm,153 Nm @ 3800 rpm,FWD,4384,1699,1466,5,55,First
Mercedes-Benz,E-Class 280 CDI Elegance,335000,2008,140987,Diesel,Automatic,Jalandhar,Gold,Individual,2987 cc,198@4000,456@1400,RWD,4818,1822,1420,5,80,Second
Maruti Suzuki,Swift DZire VXI,450000,2015,52000,Petrol,Manual,Roorkee,White,Individual,1197 cc,85 bhp @ 6000 rpm,114 Nm @ 4000 rpm,FWD,3995,1695,1555,5,42,First
Maruti Suzuki,Celerio VXi AMT,409999,2015,54443,Petrol,Automatic,Mumbai,White,Individual,998 cc,67 bhp @ 6000 rpm,90 Nm @ 3500 rpm,FWD,3600,1600,1560,5,35,First
Mercedes-Benz,E-Class E 220d Exclusive [2019-2019],6100000,2020,9500,Diesel,Automatic,Mumbai,Silver,Corporate,1950 cc,192 bhp @ 3800 rpm,400 Nm @ 1600 rpm,RWD,5063,1860,1494,5,80,First
BMW,X5 xDrive 30d,4690000,2018,75000,Diesel,Automatic,Delhi,Blue,Individual,2993 cc,258 bhp @ 4000 rpm,560 Nm @ 1500 rpm,AWD,4886,1938,1762,7,,Second
Audi,A4 2.0 TDI Sline,775000,2012,89000,Diesel,Automatic,Mohali,Black,Individual,,,,,,,,,,Second
Audi,A4 30 TFSI Technology Pack,3000000,2017,42000,Petrol,Automatic,Pune,White,Individual,1395 cc,148 bhp @ 5000 rpm,250 Nm @ 1500 rpm,FWD,4726,1842,1427,5,54,First
Datsun,Redigo T(O) 1.0,250000,2018,25000,Petrol,Manual,Kolkata,Grey,Individual,999 cc,67 bhp @ 5500 rpm,91 Nm @ 4250 rpm,FWD,3429,1560,1541,5,28,Second
BMW,X3 xDrive 20d Luxury Line [2018-2020],6200000,2021,39000,Diesel,Automatic,Ahmedabad,White,Individual,1995 cc,190 bhp @ 4000 rpm,400 Nm @ 1750 rpm,AWD,4657,1881,1678,5,67,First
Maruti Suzuki,Swift VDi,590000,2014,86000,Diesel,Manual,Coimbatore,White,Individual,1248 cc,74 bhp @ 4000 rpm,190 Nm @ 2000 rpm,FWD,3850,1695,1530,5,42,First
MINI,Countryman Cooper D,1300000,2013,50300,Diesel,Automatic,Delhi,Green,Individual,1995 cc,112 bhp @,270 Nm @ 1750 rpm,FWD,4097,1789,1561,5,47,Second
Mahindra,XUV500 W11 (O) AT,1639999,2018,43000,Diesel,Automatic,Mumbai,Bronze,Individual,2179 cc,153 bhp @ 3750 rpm,360 Nm @ 1750 rpm,FWD,4585,1890,1785,7,70,First
Mahindra,XUV500 W8,740000,2013,83555,Diesel,Manual,Hyderabad,Black,Individual,2179 cc,140 bhp @ 3750 rpm,330 Nm @ 2800 rpm,FWD,4585,1890,1785,7,70,First
Mahindra,Bolero Power Plus ZLX,770000,2019,27500,Diesel,Manual,Varanasi,White,Individual,1493 cc,70 bhp @ 3600 rpm,195 Nm @ 1400 rpm,RWD,3995,1745,1880,7,,First
Ford,Ecosport Titanium 1.5 TDCi,530000,2013,75000,Diesel,Manual,Mumbai,White,Individual,1498 cc,89 bhp @ 3750 rpm,204 Nm @ 2000 rpm,FWD,3999,1765,1708,5,52,First
BMW,X5 xDrive 30d M Sport,2975000,2015,87000,Diesel,Automatic,Mohali,Grey,Individual,2993 cc,258 bhp @ 4000 rpm,560 Nm @ 1500 rpm,AWD,4886,1938,1762,5,,First
Hyundai,Creta SX (O) 1.5 Diesel Automatic,1989999,2022,5800,Diesel,Automatic,Surat,White,Individual,1493 cc,113 bhp @ 4000 rpm,250 Nm @ 1500 rpm,FWD,4300,1790,1635,5,50,First
Toyota,Fortuner 2.8 4x2 MT [2016-2020],3250000,2018,173000,Diesel,Manual,Bangalore,White,Individual,2755 cc,174 bhp @ 3400 rpm,420 Nm @ 1600 rpm,RWD,4795,1855,1835,7,80,First
Kia,Seltos GTX Plus AT 1.4 [2019-2020],1975000,2021,7000,Petrol,Automatic,Bangalore,Grey,Individual,1353 cc,138 bhp @ 6000 rpm,242 Nm @ 1500 rpm,FWD,4315,1800,1645,5,50,First
Mahindra,XUV500 W10 AWD,735000,2015,121000,Diesel,Manual,Kanpur,White,Individual,2179 cc,138 bhp @ 3750 rpm,330 Nm @ 1600 rpm,AWD,4585,1890,1785,7,70,First
Tata,Safari 2.2 EX 4x2,425000,2013,96000,Diesel,Manual,Ambala Cantt,White,Individual,2179 cc,138 bhp @ 4000 rpm,320 Nm @ 1700 rpm,RWD,4655,1965,1922,7,55,First
Honda,Accord 2.4 iVtec AT,195000,2008,57885,Petrol,Automatic,Delhi,Beige,Individual,,,,,,,,,,First
Toyota,Etios Liva G,315000,2011,38091,Petrol,Manual,Mumbai,Red,Individual,1197 cc,80 bhp @ 5600 rpm,104 Nm @ 3100 rpm,FWD,3775,1695,1510,5,45,First
Hyundai,Eon Sportz,275000,2013,34000,Petrol,Manual,Pune,Blue,Individual,814 cc,55 bhp @ 5500 rpm,75 Nm @ 4000 rpm,FWD,3495,1550,1500,5,32,First
Honda,City SV Diesel,750000,2018,75000,Diesel,Manual,Faridabad,White,Individual,1498 cc,99 bhp @ 3600 rpm,200 Nm @ 1750 rpm,FWD,4440,1695,1495,5,40,First
Toyota,Etios VXD,465000,2014,82000,Diesel,Manual,Ludhiana,Silver,Individual,1364 cc,67 bhp @ 3800 rpm,170 Nm @ 1800 rpm,FWD,4265,1695,1510,5,45,First
Kia,Sonet GTX Plus 1.0 iMT [2020-2021],1325000,2021,20000,Petrol,Manual,Bangalore,Maroon,Individual,998 cc,118 bhp @ 6000 rpm,172 Nm @ 1500 rpm,FWD,3995,1790,1647,5,45,First
Maruti Suzuki,Swift DZire VDI,175000,2008,65000,Diesel,Manual,Jamshedpur,Silver,Individual,1248 cc,74 bhp @ 4000 rpm,190 Nm @ 2000 rpm,FWD,3995,1695,1555,5,42,Second
Land Rover,Range Rover Velar 2.0 S Petrol 250,8900000,2020,88000,Petrol,Automatic,Mumbai,White,Individual,1997 cc,247 bhp @ 5500 rpm,365 Nm @ 1500 rpm,AWD,4797,2032,1665,5,,First
Mercedes-Benz,E-Class E200,950000,2011,65000,Petrol,Automatic,Mumbai,Black,Individual,1991 cc,184 bhp @ 5500 rpm,300 Nm @ 1200 rpm,RWD,4879,1854,1474,5,80,Second
Maruti Suzuki,Swift DZire VDI,275000,2011,65000,Diesel,Manual,Allahabad,White,Individual,1248 cc,74 bhp @ 4000 rpm,190 Nm @ 2000 rpm,FWD,3995,1695,1555,5,42,First
Maruti Suzuki,Wagon R LXi,265000,2011,41000,Petrol,Manual,Pune,Brown,Individual,998 cc,68@6200,90@3500,,3539,1475,1700,5,35,Second
Toyota,Fortuner 3.0 MT,1000000,2010,127000,Diesel,Manual,Guwahati,White,Individual,2982 cc,171@3600,343@1400,AWD,4695,1840,1850,7,80,Third
Honda,City V,730000,2016,51834,Petrol,Manual,Bangalore,Grey,Individual,1497 cc,117 bhp @ 6600 rpm,145 Nm @ 4600 rpm,FWD,4440,1695,1495,5,40,Second
Jeep,Compass Limited 1.4 Petrol AT [2017-2020],1495000,2018,28000,Petrol,Automatic,Delhi,Silver,Individual,1368 cc,160 bhp @ 5500 rpm,250 Nm @ 2500 rpm,FWD,4395,1818,1640,5,60,First
Mercedes-Benz,B-class B180,1150000,2014,39000,Petrol,Automatic,Mumbai,White,Individual,1595 cc,120 bhp @ 5000 rpm,200 Nm @ 1250 rpm,FWD,4359,2010,1557,5,50,Second
Honda,City SV CVT,590000,2015,116592,Petrol,Automatic,Mumbai,Brown,Individual,1497 cc,117 bhp @ 6600 rpm,145 Nm @ 4600 rpm,FWD,4440,1695,1495,5,40,First
Mercedes-Benz,C-Class C 220 CDI Avantgarde,2450000,2014,80000,Diesel,Automatic,Hyderabad,White,Individual,2143 cc,168 bhp @ 3000 rpm,400 Nm @ 1400 rpm,RWD,4686,1810,1442,5,66,First
Chevrolet,Sail Sedan 1.2 LS,299000,2014,32000,Petrol,Manual,Dehradun,Silver,Individual,1199 cc,85 bhp @ 6000 rpm,113 Nm @ 5000 rpm,FWD,4249,1690,1503,5,42,First
Mercedes-Benz,C-Class C 220 CDI Avantgarde,2850000,2016,21200,Diesel,Automatic,Pune,Silver,Individual,2143 cc,168 bhp @ 3000 rpm,400 Nm @ 1400 rpm,RWD,4686,1810,1442,5,66,First
Mahindra,XUV700 AX 7 Petrol AT Luxury Pack 7 STR,2765000,2022,75,Petrol,Automatic,Delhi,Blue,Individual,1997 cc,197 bhp @ 5000 rpm,380 Nm @ 1750 rpm,FWD,4695,1890,1755,7,60,First
Maruti Suzuki,Wagon R LXI CNG (O),365000,2014,75693,CNG,Manual,Pune,Grey,Individual,998 cc,58 bhp @ 6200 rpm,77 Nm @ 3500 rpm,FWD,3599,1495,1700,5,35,Second
Maruti Suzuki,Vitara Brezza ZDi,850000,2018,85000,Diesel,Manual,Hyderabad,Maroon,Individual,1248 cc,89 bhp @ 4000 rpm,200 Nm @ 1750 rpm,FWD,3995,1790,1640,5,48,First
Honda,City V,480000,2015,49000,Petrol,Manual,Kolkata,Grey,Individual,1497 cc,117 bhp @ 6600 rpm,145 Nm @ 4600 rpm,FWD,4440,1695,1495,5,40,First
Hyundai,Grand i10 Asta 1.1 CRDi [2013-2016],345000,2016,71000,Diesel,Manual,Kanpur,White,Individual,1120 cc,70 bhp @ 4000 rpm,160 Nm @ 1500 rpm,FWD,3765,1660,1520,5,43,Second
Mercedes-Benz,GLS 400 4MATIC,5950000,2017,80000,Petrol,Automatic,Delhi,Black,Individual,2996 cc,329 bhp @ 5250 rpm,480 Nm @ 1600 rpm,AWD,5130,1934,1850,5,100,First
Hyundai,Creta SX Plus 1.6  Petrol,891000,2016,47000,Petrol,Manual,Delhi,White,Individual,1591 cc,122 bhp @ 6400 rpm,154 Nm @ 4850 rpm,FWD,4270,1780,1630,5,60,First
Maruti Suzuki,Vitara Brezza VXi,925000,2021,48000,Petrol,Manual,Bangalore,White,Individual,1462 cc,103 bhp @ 6000 rpm,138 Nm @ 4400 rpm,FWD,3995,1790,1640,5,48,First
Hyundai,i20 Sportz 1.4 CRDI,409999,2014,68000,Diesel,Manual,Agra,Silver,Individual,1396 cc,90@4000,220@1750,,3940,1710,1505,5,45,First
Maruti Suzuki,Ritz Vxi (ABS) BS-IV,245000,2014,79000,Petrol,Manual,Faridabad,White,Individual,1197 cc,85 bhp @ 6000 rpm,113 Nm @ 4500 rpm,FWD,3775,1680,1620,5,43,Second
Mahindra,XUV500 W8 [2015-2017],850000,2016,90300,Diesel,Manual,Surat,White,Individual,2179 cc,138 bhp @ 3750 rpm,330 Nm @ 1600 rpm,FWD,4585,1890,1785,7,70,First
Hyundai,Eon D-Lite +,275000,2014,83000,Petrol,Manual,Ahmedabad,White,Individual,814 cc,55 bhp @ 5500 rpm,75 Nm @ 4000 rpm,FWD,3495,1550,1500,5,32,Second
Ford,Figo Duratec Petrol ZXI 1.2,240000,2013,73000,Petrol,Manual,Thane,Silver,Individual,1196 cc,70 bhp @ 6250 rpm,102 Nm @ 4000 rpm,FWD,3795,1680,1427,5,45,First
BMW,5-Series 520d Luxury Line [2017-2019],4290000,2018,60474,Diesel,Automatic,Coimbatore,White,Individual,1995 cc,188 bhp @ 4000 rpm,400 Nm @ 1750 rpm,RWD,4936,1868,1479,5,65,First
Mahindra,Bolero Power Plus ZLX [2016-2019],670000,2017,72000,Diesel,Manual,Guwahati,White,Individual,1493 cc,70 bhp @ 3600 rpm,195 Nm @ 1400 rpm,RWD,3995,1745,1880,7,,First
